{
  "type": "FeatureCollection",
  "features": [
    {
      "id": "18",
      "type": "Feature",
      "properties": {
        "nombre": "San Juancito",
        "area_ha": 188.0,
        "Shape_Leng": 7061.28912935,
        "Shape_Area": 1886203.86487
      },
      "geometry": {
        "type": "MultiPolygon",
        "coordinates": [
          [
            [
              [
                -76.51757708395854,
                8.723432610287796
              ],
              [
                -76.51751891811536,
                8.723426221579356
              ],
              [
                -76.51746647682008,
                8.723417910193472
              ],
              [
                -76.5174256327745,
                8.723408606896092
              ],
              [
                -76.51739661363519,
                8.723398436202444
              ],
              [
                -76.51741921542896,
                8.723399682318334
              ],
              [
                -76.5174579061176,
                8.723405990773498
              ],
              [
                -76.51757708395854,
                8.723432610287796
              ]
            ]
          ],
          [
            [
              [
                -76.51739661363519,
                8.723398436202444
              ],
              [
                -76.51738863262342,
                8.723400078134173
              ],
              [
                -76.51738363769428,
                8.723403300886485
              ],
              [
                -76.51738161335878,
                8.723408114128173
              ],
              [
                -76.5173825516855,
                8.72341453610067
              ],
              [
                -76.51739332048422,
                8.723432296764006
              ],
              [
                -76.51741621742464,
                8.72345704432037
              ],
              [
                -76.51747782212588,
                8.723511536416982
              ],
              [
                -76.51767801151017,
                8.723675325462503
              ],
              [
                -76.5177257432748,
                8.72371827508098
              ],
              [
                -76.5177602415457,
                8.723753540291353
              ],
              [
                -76.51779414115549,
                8.723793207859151
              ],
              [
                -76.51782701182148,
                8.723834805279433
              ],
              [
                -76.51785891251832,
                8.723878407008112
              ],
              [
                -76.5178899149118,
                8.723924110855261
              ],
              [
                -76.51792006880805,
                8.723971985205017
              ],
              [
                -76.51794950104026,
                8.724022226332396
              ],
              [
                -76.51800667234923,
                8.72413063033815
              ],
              [
                -76.51805863849218,
                8.724242456806808
              ],
              [
                -76.51811156239661,
                8.724369424774519
              ],
              [
                -76.51816264935812,
                8.724502733582328
              ],
              [
                -76.51829877459113,
                8.724872953273817
              ],
              [
                -76.51834292755127,
                8.724984305001806
              ],
              [
                -76.5183850351487,
                8.725082500929656
              ],
              [
                -76.51843728764132,
                8.725192620953178
              ],
              [
                -76.5184907366547,
                8.72529217011841
              ],
              [
                -76.51854643992272,
                8.725383110164628
              ],
              [
                -76.51860498871027,
                8.725466390530205
              ],
              [
                -76.51870137262185,
                8.725589482583981
              ],
              [
                -76.51880436619984,
                8.725712061522122
              ],
              [
                -76.5189138265813,
                8.725833957048572
              ],
              [
                -76.51902957313263,
                8.725954967793294
              ],
              [
                -76.51915145225792,
                8.72607492815336
              ],
              [
                -76.51927915540297,
                8.726193529705839
              ],
              [
                -76.5194123859051,
                8.726310496529718
              ],
              [
                -76.51955076737619,
                8.726425497856253
              ],
              [
                -76.51960722487743,
                8.726467872919159
              ],
              [
                -76.51967341932779,
                8.72651139326197
              ],
              [
                -76.5197429923052,
                8.72655286951411
              ],
              [
                -76.51993185602052,
                8.726660295668784
              ],
              [
                -76.51998662051588,
                8.726694045866305
              ],
              [
                -76.52003404559535,
                8.726725873538523
              ],
              [
                -76.5200855941961,
                8.726764636692707
              ],
              [
                -76.52013053028068,
                8.726803697025648
              ],
              [
                -76.52016973787943,
                8.7268438268848
              ],
              [
                -76.520203626459,
                8.726885454228377
              ],
              [
                -76.52022425711658,
                8.726918103523609
              ],
              [
                -76.52024362927332,
                8.726958598025222
              ],
              [
                -76.52026013504731,
                8.72700119181071
              ],
              [
                -76.52029818094402,
                8.727110230704241
              ],
              [
                -76.52032170056961,
                8.727164178939459
              ],
              [
                -76.520336373911,
                8.727189709226861
              ],
              [
                -76.52035198640291,
                8.727210991103306
              ],
              [
                -76.52036884250293,
                8.727228436111236
              ],
              [
                -76.5203871240573,
                8.72724222620924
              ],
              [
                -76.52040560171008,
                8.727252019273305
              ],
              [
                -76.52042653068395,
                8.727259631656663
              ],
              [
                -76.52045013291458,
                8.727265147874553
              ],
              [
                -76.52047687006035,
                8.727268677550795
              ],
              [
                -76.52053016534902,
                8.72727044351439
              ],
              [
                -76.52067377130538,
                8.727266718874555
              ],
              [
                -76.52071361663607,
                8.727269171549949
              ],
              [
                -76.52074773175511,
                8.727274724904394
              ],
              [
                -76.52078543210155,
                8.727284828266171
              ],
              [
                -76.52082372232447,
                8.727298263542433
              ],
              [
                -76.52086292287791,
                8.72731514063681
              ],
              [
                -76.52090359628133,
                8.727335700353175
              ],
              [
                -76.52094464173926,
                8.727359196686841
              ],
              [
                -76.52098932843629,
                8.727387329062655
              ],
              [
                -76.52116338022809,
                8.727507147193878
              ],
              [
                -76.52123947182561,
                8.72755537492748
              ],
              [
                -76.52128183080931,
                8.727578904578472
              ],
              [
                -76.5213221680913,
                8.727598489111461
              ],
              [
                -76.52136128200706,
                8.727614514204605
              ],
              [
                -76.52139958413356,
                8.727627144514422
              ],
              [
                -76.52153867529375,
                8.727664559815022
              ],
              [
                -76.52159578267991,
                8.727677172493502
              ],
              [
                -76.5216484665766,
                8.727686626635307
              ],
              [
                -76.52169875242704,
                8.72769321086927
              ],
              [
                -76.52174599252713,
                8.72769675754719
              ],
              [
                -76.52179053857803,
                8.727697292392167
              ],
              [
                -76.521832582444,
                8.727694816456573
              ],
              [
                -76.52187485875578,
                8.72768970579886
              ],
              [
                -76.52191823106016,
                8.727682529884152
              ],
              [
                -76.52196196647388,
                8.727673410491937
              ],
              [
                -76.52200543321128,
                8.727662479826147
              ],
              [
                -76.52204793337263,
                8.727649921886249
              ],
              [
                -76.52208913581221,
                8.72763584320986
              ],
              [
                -76.52212863969288,
                8.727620381161298
              ],
              [
                -76.5221661410899,
                8.727603655177546
              ],
              [
                -76.52220083476873,
                8.727586076127073
              ],
              [
                -76.52223315353388,
                8.72756747950509
              ],
              [
                -76.5222629422344,
                8.727547954817267
              ],
              [
                -76.5222900873283,
                8.727527576783219
              ],
              [
                -76.52231447639217,
                8.727506433368797
              ],
              [
                -76.5223360642558,
                8.72748456774375
              ],
              [
                -76.52235479599108,
                8.727462035707287
              ],
              [
                -76.52237063280234,
                8.72743888415264
              ],
              [
                -76.52237952095521,
                8.727422290363764
              ],
              [
                -76.52238696870825,
                8.727403828552532
              ],
              [
                -76.52239782339528,
                8.7273605433545
              ],
              [
                -76.52240383639035,
                8.727307367931934
              ],
              [
                -76.5224084637395,
                8.727187616457346
              ],
              [
                -76.52241290765024,
                8.727136268843331
              ],
              [
                -76.52241725124524,
                8.727109464506778
              ],
              [
                -76.52242297749761,
                8.72708540618847
              ],
              [
                -76.52243019737416,
                8.72706363310929
              ],
              [
                -76.52243898622706,
                8.727043926648804
              ],
              [
                -76.52246356182324,
                8.727000719503089
              ],
              [
                -76.52249294093942,
                8.72695754501537
              ],
              [
                -76.52252642748172,
                8.726915426632079
              ],
              [
                -76.52256318249364,
                8.72687542099248
              ],
              [
                -76.52260221252392,
                8.726838592198948
              ],
              [
                -76.52264267808076,
                8.726805717027684
              ],
              [
                -76.52268369398003,
                8.726777512528166
              ],
              [
                -76.52272450971519,
                8.72675449294416
              ],
              [
                -76.52277660220714,
                8.726732084268441
              ],
              [
                -76.52283504446804,
                8.726713770732678
              ],
              [
                -76.52289781192732,
                8.726700188575881
              ],
              [
                -76.52296246499546,
                8.7266918692559
              ],
              [
                -76.5230262658336,
                8.726689135968908
              ],
              [
                -76.52308712707456,
                8.726692050830323
              ],
              [
                -76.52314303085527,
                8.726700512522727
              ],
              [
                -76.5231925242982,
                8.726714296421754
              ],
              [
                -76.52321451416057,
                8.726723232196791
              ],
              [
                -76.52323642033095,
                8.726734342648662
              ],
              [
                -76.52325825580998,
                8.72674763431856
              ],
              [
                -76.52328003780895,
                8.726763117642571
              ],
              [
                -76.52332350880374,
                8.726800705034247
              ],
              [
                -76.52336708848267,
                8.726847323570015
              ],
              [
                -76.52340995347006,
                8.726901731674001
              ],
              [
                -76.52345405058219,
                8.726966055504445
              ],
              [
                -76.52349982185909,
                8.727040641194563
              ],
              [
                -76.52355683224533,
                8.727141079992085
              ],
              [
                -76.5235840225302,
                8.727191945316733
              ],
              [
                -76.52360897701605,
                8.727242884983003
              ],
              [
                -76.52363151599702,
                8.72729353134687
              ],
              [
                -76.52365151937708,
                8.727343613393572
              ],
              [
                -76.5236688709085,
                8.727392827768483
              ],
              [
                -76.52368353729028,
                8.7274410656589
              ],
              [
                -76.52369547145598,
                8.727488171738337
              ],
              [
                -76.5237046436512,
                8.727534027750838
              ],
              [
                -76.52371260409512,
                8.7275952686458
              ],
              [
                -76.52371597589676,
                8.727659940304784
              ],
              [
                -76.5237147704014,
                8.727728236095142
              ],
              [
                -76.52370898230471,
                8.727800497605774
              ],
              [
                -76.52369870559009,
                8.727876388107394
              ],
              [
                -76.52368378009888,
                8.727957542224592
              ],
              [
                -76.52366400598022,
                8.728045173670408
              ],
              [
                -76.52363831253882,
                8.728144051473947
              ],
              [
                -76.52359154266546,
                8.728315022804345
              ],
              [
                -76.52357377828618,
                8.728370065060878
              ],
              [
                -76.52355565127144,
                8.728418288039263
              ],
              [
                -76.52353495522121,
                8.728464639560547
              ],
              [
                -76.52351266434337,
                8.728506029736737
              ],
              [
                -76.52348847831587,
                8.728543012693773
              ],
              [
                -76.52346221666886,
                8.7285758583007
              ],
              [
                -76.52344399850688,
                8.728594224103501
              ],
              [
                -76.52342134238832,
                8.728613124863465
              ],
              [
                -76.52331929996487,
                8.728686278181883
              ],
              [
                -76.52329947035352,
                8.72870373054845
              ],
              [
                -76.52328342742412,
                8.72872091006915
              ],
              [
                -76.5232641176832,
                8.728748063719145
              ],
              [
                -76.52324842607013,
                8.728778802878349
              ],
              [
                -76.52323619326941,
                8.72881342820827
              ],
              [
                -76.52322720106471,
                8.728852549629451
              ],
              [
                -76.52322186883421,
                8.728890672999846
              ],
              [
                -76.52321856221825,
                8.72893444042977
              ],
              [
                -76.5232156191674,
                8.729102246179709
              ],
              [
                -76.52321127990209,
                8.729170827820441
              ],
              [
                -76.52320647552774,
                8.729206447242644
              ],
              [
                -76.52319986011128,
                8.729238735599163
              ],
              [
                -76.52319130833416,
                8.729268297017033
              ],
              [
                -76.5231807319171,
                8.729295425158819
              ],
              [
                -76.5231632780628,
                8.729332158337177
              ],
              [
                -76.52314342788175,
                8.729369617542199
              ],
              [
                -76.5230962831981,
                8.729447182501149
              ],
              [
                -76.5230386945357,
                8.72952919514574
              ],
              [
                -76.5229675987565,
                8.729620033788596
              ],
              [
                -76.52287752951142,
                8.729728005532666
              ],
              [
                -76.52280215033154,
                8.729812002534501
              ],
              [
                -76.52273081412868,
                8.72988387800866
              ],
              [
                -76.52266236684774,
                8.729944611622585
              ],
              [
                -76.52262810640543,
                8.72997170683461
              ],
              [
                -76.5225942126077,
                8.72999623167283
              ],
              [
                -76.52256061480908,
                8.730018237130409
              ],
              [
                -76.52252726336592,
                8.730037755546988
              ],
              [
                -76.52249410194881,
                8.730054818426407
              ],
              [
                -76.52246111172389,
                8.730069433965106
              ],
              [
                -76.52242826423776,
                8.730081614724917
              ],
              [
                -76.52239553761581,
                8.730091368761395
              ],
              [
                -76.52235460308546,
                8.730098985862297
              ],
              [
                -76.52230803827506,
                8.730101793353594
              ],
              [
                -76.52225094000309,
                8.730099805760673
              ],
              [
                -76.5221243481662,
                8.730088018822562
              ],
              [
                -76.52206914350316,
                8.730085064717496
              ],
              [
                -76.52201228883827,
                8.730087026376651
              ],
              [
                -76.5219869428775,
                8.730090388458924
              ],
              [
                -76.52196320963783,
                8.730095387261743
              ],
              [
                -76.52188758654408,
                8.730115796678122
              ],
              [
                -76.52182364743211,
                8.730135918921274
              ],
              [
                -76.52176779946535,
                8.730156887069464
              ],
              [
                -76.52171988451636,
                8.730178797980203
              ],
              [
                -76.52167938266683,
                8.730201946585003
              ],
              [
                -76.52164668052183,
                8.730226182340973
              ],
              [
                -76.52162175876309,
                8.73025151986053
              ],
              [
                -76.52160461958661,
                8.73027795778615
              ],
              [
                -76.52159523208029,
                8.730304453706804
              ],
              [
                -76.52159092868632,
                8.730335378515663
              ],
              [
                -76.52159167573659,
                8.730370937345054
              ],
              [
                -76.52159748078572,
                8.730411596603185
              ],
              [
                -76.52160682266585,
                8.730452088657003
              ],
              [
                -76.52162048470369,
                8.730498591962716
              ],
              [
                -76.52168037624409,
                8.730671577192663
              ],
              [
                -76.52169482900705,
                8.730711418041722
              ],
              [
                -76.521712835599,
                8.730750573316419
              ],
              [
                -76.52173443255883,
                8.730789123066259
              ],
              [
                -76.52175967650184,
                8.730827168726371
              ],
              [
                -76.52178860172575,
                8.730864774347703
              ],
              [
                -76.52182135364988,
                8.730902139567899
              ],
              [
                -76.52185808165586,
                8.730939436109395
              ],
              [
                -76.52189903459787,
                8.730976917438827
              ],
              [
                -76.5219746187447,
                8.731038373056197
              ],
              [
                -76.5220652172624,
                8.731103703739787
              ],
              [
                -76.52215605874667,
                8.731164059390622
              ],
              [
                -76.5223749830149,
                8.731304116559567
              ],
              [
                -76.5224796949531,
                8.731375708386153
              ],
              [
                -76.52252853638683,
                8.731412015502439
              ],
              [
                -76.52257229112627,
                8.731447015860041
              ],
              [
                -76.5226116760384,
                8.731481284346998
              ],
              [
                -76.52264705525025,
                8.731515140777518
              ],
              [
                -76.5226802869911,
                8.731550642251438
              ],
              [
                -76.52270957374634,
                8.731586187028208
              ],
              [
                -76.52273506141084,
                8.731621952763213
              ],
              [
                -76.52275684185678,
                8.731658069327514
              ],
              [
                -76.52277499951829,
                8.73169468576756
              ],
              [
                -76.52278955858381,
                8.731731861884096
              ],
              [
                -76.52280055183505,
                8.731769681793113
              ],
              [
                -76.52280799909694,
                8.731808214382129
              ],
              [
                -76.52281684591918,
                8.731881912159427
              ],
              [
                -76.52282212803831,
                8.731956911516063
              ],
              [
                -76.52282369450131,
                8.732031022113004
              ],
              [
                -76.52282151857503,
                8.732102780441286
              ],
              [
                -76.5228156887145,
                8.732170559261808
              ],
              [
                -76.52280626988951,
                8.732234088961214
              ],
              [
                -76.52279335217196,
                8.732292769388392
              ],
              [
                -76.5227770220277,
                8.732346215118296
              ],
              [
                -76.52276154591418,
                8.73238489443742
              ],
              [
                -76.5227426557974,
                8.732423358482368
              ],
              [
                -76.52272034491847,
                8.732461621120056
              ],
              [
                -76.522694602499,
                8.732499700903475
              ],
              [
                -76.52266542229785,
                8.73253760920838
              ],
              [
                -76.52263277597022,
                8.73257538471791
              ],
              [
                -76.52259663492148,
                8.732613060719814
              ],
              [
                -76.52255695322879,
                8.732650685216305
              ],
              [
                -76.5225142884197,
                8.732687799554787
              ],
              [
                -76.52246802617181,
                8.73272500193418
              ],
              [
                -76.52241804232676,
                8.732762392906357
              ],
              [
                -76.52236410702714,
                8.732800144810403
              ],
              [
                -76.52224405364014,
                8.732877058598923
              ],
              [
                -76.52209822238213,
                8.732961934582011
              ],
              [
                -76.52200529761753,
                8.733012133148026
              ],
              [
                -76.52192338240697,
                8.733051894262392
              ],
              [
                -76.5218471424627,
                8.733083798011616
              ],
              [
                -76.52177532070195,
                8.733108326545555
              ],
              [
                -76.5217453839504,
                8.73311601828093
              ],
              [
                -76.52171333691211,
                8.733121770226775
              ],
              [
                -76.52167885380044,
                8.733125643790599
              ],
              [
                -76.52164127088658,
                8.733127714898782
              ],
              [
                -76.5215706921812,
                8.733127403335978
              ],
              [
                -76.52140511333094,
                8.733120221612673
              ],
              [
                -76.52132705379287,
                8.733121865396024
              ],
              [
                -76.521291079544,
                8.733125574008099
              ],
              [
                -76.52125808086119,
                8.733131363614051
              ],
              [
                -76.52122754970542,
                8.733139324617161
              ],
              [
                -76.52119921524961,
                8.733149530130484
              ],
              [
                -76.52117205866217,
                8.733162543272465
              ],
              [
                -76.52114522217634,
                8.733178884790474
              ],
              [
                -76.5211184933104,
                8.733198681582094
              ],
              [
                -76.52109152018774,
                8.733222192833574
              ],
              [
                -76.52106344438572,
                8.733250234721748
              ],
              [
                -76.52103358667085,
                8.733283559286608
              ],
              [
                -76.52091491607031,
                8.733431302477973
              ],
              [
                -76.52086030132884,
                8.733492302616696
              ],
              [
                -76.52082870159732,
                8.733522196154206
              ],
              [
                -76.52079762524801,
                8.733547168661449
              ],
              [
                -76.5207664639061,
                8.733567706110765
              ],
              [
                -76.52073489401484,
                8.73358401594626
              ],
              [
                -76.52070764147881,
                8.733594722346508
              ],
              [
                -76.52067585172095,
                8.733604426021811
              ],
              [
                -76.52053792014485,
                8.733637463329671
              ],
              [
                -76.52050866767277,
                8.733647191568918
              ],
              [
                -76.52048337312422,
                8.733658049615137
              ],
              [
                -76.52045608439015,
                8.733672659780094
              ],
              [
                -76.52042938366877,
                8.733689534178996
              ],
              [
                -76.52040323457032,
                8.733708695682914
              ],
              [
                -76.52037759104681,
                8.733730177935183
              ],
              [
                -76.52035242354566,
                8.733754001971581
              ],
              [
                -76.52032764288005,
                8.733780248494604
              ],
              [
                -76.52030317308774,
                8.733808997460729
              ],
              [
                -76.52027890518706,
                8.733840376566265
              ],
              [
                -76.5202343970807,
                8.733905465772297
              ],
              [
                -76.52018855629761,
                8.733982328978488
              ],
              [
                -76.52014595054439,
                8.734061241193347
              ],
              [
                -76.52005642465666,
                8.734235578769125
              ],
              [
                -76.5200297103384,
                8.734291774609375
              ],
              [
                -76.520006420473,
                8.734352919823865
              ],
              [
                -76.51998630891747,
                8.734419642773075
              ],
              [
                -76.51996898070769,
                8.734493243436992
              ],
              [
                -76.51995674870088,
                8.734558695301763
              ],
              [
                -76.51994545538774,
                8.734632779712774
              ],
              [
                -76.51991590099412,
                8.734875813721459
              ],
              [
                -76.51990411916218,
                8.734961462439857
              ],
              [
                -76.51989025260775,
                8.735042097614462
              ],
              [
                -76.51987456362656,
                8.735113230648713
              ],
              [
                -76.51985546833865,
                8.735180686037317
              ],
              [
                -76.51983331503084,
                8.735242011382025
              ],
              [
                -76.51980777760828,
                8.735298102668272
              ],
              [
                -76.51977863450453,
                8.735349436065551
              ],
              [
                -76.51974715004685,
                8.735396955911567
              ],
              [
                -76.51971278527486,
                8.735444425069797
              ],
              [
                -76.51967560322497,
                8.735491756343864
              ],
              [
                -76.51963568195389,
                8.735538850268082
              ],
              [
                -76.51959309413907,
                8.735585619072816
              ],
              [
                -76.51954796230902,
                8.735631926302675
              ],
              [
                -76.51950040804076,
                8.735677647084083
              ],
              [
                -76.51945057733522,
                8.735722640930298
              ],
              [
                -76.51939839781124,
                8.735766954602049
              ],
              [
                -76.51934427794957,
                8.735810223340396
              ],
              [
                -76.51928842870467,
                8.735852278356365
              ],
              [
                -76.5192310936313,
                8.735892936125808
              ],
              [
                -76.51917250377956,
                8.735932030787726
              ],
              [
                -76.51911298268462,
                8.735969344480294
              ],
              [
                -76.51905284045822,
                8.736004682701317
              ],
              [
                -76.51899241394537,
                8.736037847423695
              ],
              [
                -76.51894126426974,
                8.736063607012065
              ],
              [
                -76.51888790879069,
                8.736087879121573
              ],
              [
                -76.51883228571263,
                8.73611069195157
              ],
              [
                -76.51877431396588,
                8.736132078817679
              ],
              [
                -76.51871393633624,
                8.73615206299193
              ],
              [
                -76.51865099210627,
                8.736170699714828
              ],
              [
                -76.51858533187836,
                8.736188033453889
              ],
              [
                -76.51851674078512,
                8.736204121092328
              ],
              [
                -76.51837458055584,
                8.736231964314392
              ],
              [
                -76.51821684118832,
                8.736256061112481
              ],
              [
                -76.51804084809453,
                8.736277053744065
              ],
              [
                -76.51780584336186,
                8.73629980569869
              ],
              [
                -76.51772521463622,
                8.736308402038496
              ],
              [
                -76.51745733828776,
                8.736341174261183
              ],
              [
                -76.51737079143679,
                8.736348252429085
              ],
              [
                -76.517294446866,
                8.736351019678537
              ],
              [
                -76.51721373290732,
                8.736348925443107
              ],
              [
                -76.51714066831745,
                8.736341008766425
              ],
              [
                -76.51707402888876,
                8.736327133287809
              ],
              [
                -76.51704292793607,
                8.736317920471539
              ],
              [
                -76.51701322472161,
                8.73630716817663
              ],
              [
                -76.51698121257051,
                8.736292383697208
              ],
              [
                -76.51694931533366,
                8.736273493543731
              ],
              [
                -76.51691728241792,
                8.736250352323657
              ],
              [
                -76.51688469071684,
                8.73622265607986
              ],
              [
                -76.51685090289303,
                8.736189857404508
              ],
              [
                -76.5168147195767,
                8.736150778312563
              ],
              [
                -76.51667294698116,
                8.735980960127144
              ],
              [
                -76.5166398170107,
                8.735943681058878
              ],
              [
                -76.51660938229472,
                8.735912088448
              ],
              [
                -76.5165730987912,
                8.735878502505852
              ],
              [
                -76.51653787089926,
                8.735850669010855
              ],
              [
                -76.51650299337388,
                8.735828033991435
              ],
              [
                -76.51646809458606,
                8.735810362798768
              ],
              [
                -76.51641792096291,
                8.735792208772427
              ],
              [
                -76.51636340502039,
                8.735779582512729
              ],
              [
                -76.51630400717353,
                8.735772351922066
              ],
              [
                -76.51623866768954,
                8.735770384554382
              ],
              [
                -76.51617669211774,
                8.735772842017312
              ],
              [
                -76.5161065737908,
                8.735779228118659
              ],
              [
                -76.51584361221245,
                8.735815686605713
              ],
              [
                -76.51573563612624,
                8.735826675321524
              ],
              [
                -76.51567871407366,
                8.735829269152571
              ],
              [
                -76.51562626538251,
                8.735828875414235
              ],
              [
                -76.51557731088319,
                8.735825484896566
              ],
              [
                -76.51553136359023,
                8.735819059940209
              ],
              [
                -76.51540055378508,
                8.735792655356112
              ],
              [
                -76.51527318914927,
                8.735760793253771
              ],
              [
                -76.51515036705597,
                8.73572374953035
              ],
              [
                -76.51503286011912,
                8.735681759052936
              ],
              [
                -76.51492149909829,
                8.735635136550385
              ],
              [
                -76.51481654538927,
                8.73558401053745
              ],
              [
                -76.51471838600386,
                8.735528570153319
              ],
              [
                -76.51467194321008,
                8.735499281837683
              ],
              [
                -76.51462729937383,
                8.735468973488867
              ],
              [
                -76.51459766761957,
                8.7354468058596
              ],
              [
                -76.51456562092538,
                8.735420287825523
              ],
              [
                -76.51443363618168,
                8.735302104097263
              ],
              [
                -76.51440241174939,
                8.735277162051746
              ],
              [
                -76.51437308615986,
                8.735256246272208
              ],
              [
                -76.51434822704896,
                8.73524085981262
              ],
              [
                -76.51432182073782,
                8.735226836971941
              ],
              [
                -76.51429381466437,
                8.735214149685014
              ],
              [
                -76.5142641369225,
                8.735202765266992
              ],
              [
                -76.51419947371082,
                8.735183787151687
              ],
              [
                -76.51412662779589,
                8.735169545039732
              ],
              [
                -76.51406042560056,
                8.73516122176766
              ],
              [
                -76.51398476578453,
                8.735155380116108
              ],
              [
                -76.5137359835264,
                8.735146813275696
              ],
              [
                -76.51365028330234,
                8.73514197979855
              ],
              [
                -76.51357062823023,
                8.735133585193118
              ],
              [
                -76.51350205981464,
                8.735121397130639
              ],
              [
                -76.51346849409697,
                8.735113032406158
              ],
              [
                -76.51343718550339,
                8.735103363663049
              ],
              [
                -76.51340796601559,
                8.73509233875095
              ],
              [
                -76.51338072271636,
                8.735079914662197
              ],
              [
                -76.51335533869764,
                8.73506603462115
              ],
              [
                -76.51333177373259,
                8.735050672853372
              ],
              [
                -76.51330997134221,
                8.735033792422179
              ],
              [
                -76.51328988960319,
                8.735015360705633
              ],
              [
                -76.51326615301723,
                8.73498906505739
              ],
              [
                -76.51324382439769,
                8.734958998251118
              ],
              [
                -76.51322268997676,
                8.734924877969089
              ],
              [
                -76.51320239736151,
                8.734886138448742
              ],
              [
                -76.51318456415864,
                8.734846822369782
              ],
              [
                -76.51316631243303,
                8.73480151133016
              ],
              [
                -76.51310150733292,
                8.734619865404913
              ],
              [
                -76.5130714760594,
                8.734544080709316
              ],
              [
                -76.51305345782775,
                8.73450480458968
              ],
              [
                -76.51303507097631,
                8.734469529899327
              ],
              [
                -76.51301596763857,
                8.734437592206977
              ],
              [
                -76.51299595487205,
                8.734408674568636
              ],
              [
                -76.51295228407353,
                8.73435349243981
              ],
              [
                -76.5129036616288,
                8.734298319251087
              ],
              [
                -76.51284992311643,
                8.734242966889823
              ],
              [
                -76.51279077446318,
                8.734187131584441
              ],
              [
                -76.51272646200917,
                8.734130976702804
              ],
              [
                -76.51265563389634,
                8.73407326077826
              ],
              [
                -76.51257719687803,
                8.734013072299318
              ],
              [
                -76.51248719488713,
                8.733947370301403
              ],
              [
                -76.51242173085205,
                8.733904440744201
              ],
              [
                -76.51234981832334,
                8.733864732167616
              ],
              [
                -76.51227071081094,
                8.733827823563804
              ],
              [
                -76.51218284892866,
                8.733792983368287
              ],
              [
                -76.51210458875657,
                8.73376592879648
              ],
              [
                -76.51201567202358,
                8.733738362584678
              ],
              [
                -76.51172495402257,
                8.733657430995665
              ],
              [
                -76.51162378796282,
                8.73362767134532
              ],
              [
                -76.51153001065484,
                8.733596912016024
              ],
              [
                -76.51144735016135,
                8.733565874506475
              ],
              [
                -76.51137252143445,
                8.733533311161919
              ],
              [
                -76.5113044169075,
                8.7334987141863
              ],
              [
                -76.51124212412017,
                8.733461617782972
              ],
              [
                -76.51118514891424,
                8.733421723300456
              ],
              [
                -76.51113561786185,
                8.733382632256268
              ],
              [
                -76.51108638538666,
                8.733340873847286
              ],
              [
                -76.51103741321988,
                8.733296415677906
              ],
              [
                -76.5109886540927,
                8.73324921488739
              ],
              [
                -76.51094007319493,
                8.733199239433459
              ],
              [
                -76.51089158737032,
                8.733146405410388
              ],
              [
                -76.51084312306395,
                8.733090632846348
              ],
              [
                -76.51079458240122,
                8.733031809241604
              ],
              [
                -76.51069812748518,
                8.732906238918778
              ],
              [
                -76.51059953120453,
                8.732766417130003
              ],
              [
                -76.51049698614919,
                8.732609879226969
              ],
              [
                -76.51038313475419,
                8.732425414179376
              ],
              [
                -76.51035667996392,
                8.732377143053812
              ],
              [
                -76.51033079338703,
                8.732320793320858
              ],
              [
                -76.51030677056386,
                8.732260749772427
              ],
              [
                -76.51024484435598,
                8.732094890338871
              ],
              [
                -76.51022430449108,
                8.732046259977688
              ],
              [
                -76.51020416103952,
                8.73200424420322
              ],
              [
                -76.51017829271912,
                8.731958408045172
              ],
              [
                -76.51015089642792,
                8.731918642205223
              ],
              [
                -76.51012141982639,
                8.731884150418784
              ],
              [
                -76.51008954213077,
                8.731854567395306
              ],
              [
                -76.5100448337586,
                8.73182168411305
              ],
              [
                -76.50999122166155,
                8.731789228050792
              ],
              [
                -76.50992857294307,
                8.73175677526069
              ],
              [
                -76.50983600449166,
                8.731713524695012
              ],
              [
                -76.50969301688036,
                8.731648746957578
              ],
              [
                -76.50958873349022,
                8.73160556652615
              ],
              [
                -76.50949361150103,
                8.731571735461454
              ],
              [
                -76.50940720347215,
                8.731547421859947
              ],
              [
                -76.50936518948807,
                8.731538368701884
              ],
              [
                -76.50932485722079,
                8.73153168927261
              ],
              [
                -76.50928609883023,
                8.731527365863263
              ],
              [
                -76.50924884220531,
                8.731525390653097
              ],
              [
                -76.5092130087041,
                8.731525761311142
              ],
              [
                -76.50917857482855,
                8.731528480024474
              ],
              [
                -76.5091455037938,
                8.731533549755053
              ],
              [
                -76.5091137684863,
                8.731540974736285
              ],
              [
                -76.50909247045126,
                8.731547995061991
              ],
              [
                -76.50907062620436,
                8.731557423919899
              ],
              [
                -76.50902411933822,
                8.731584050802226
              ],
              [
                -76.50898125408541,
                8.731614563814565
              ],
              [
                -76.5088831818563,
                8.731690891856516
              ],
              [
                -76.50883582851527,
                8.73172306399534
              ],
              [
                -76.50879461393288,
                8.731745061991163
              ],
              [
                -76.5087555006569,
                8.731759380469992
              ],
              [
                -76.50871515021493,
                8.731768880463436
              ],
              [
                -76.50867201914885,
                8.731775807559645
              ],
              [
                -76.5086261603202,
                8.73178015313099
              ],
              [
                -76.50857764697575,
                8.731781910138551
              ],
              [
                -76.5085265210943,
                8.731781073343576
              ],
              [
                -76.50847295121535,
                8.731777642037965
              ],
              [
                -76.50841709221869,
                8.731771625649143
              ],
              [
                -76.50835919189517,
                8.731763050566553
              ],
              [
                -76.50832187293001,
                8.731754765628226
              ],
              [
                -76.50828378502204,
                8.731742250090424
              ],
              [
                -76.50824452316488,
                8.731725376093356
              ],
              [
                -76.5082033012886,
                8.731703808335494
              ],
              [
                -76.50812950924913,
                8.731657496558801
              ],
              [
                -76.5079626198423,
                8.731540597664418
              ],
              [
                -76.50792086116061,
                8.731514462606754
              ],
              [
                -76.50788244914722,
                8.731493160547855
              ],
              [
                -76.5078462803014,
                8.731476037081421
              ],
              [
                -76.50781137061635,
                8.731462588233656
              ],
              [
                -76.50777726503632,
                8.731452639987697
              ],
              [
                -76.50774369864082,
                8.731446117388083
              ],
              [
                -76.5076302919934,
                8.731431612315376
              ],
              [
                -76.50758683872218,
                8.73142846489798
              ],
              [
                -76.50754772909092,
                8.731427653865286
              ],
              [
                -76.50751094822378,
                8.731429249575877
              ],
              [
                -76.50747745847178,
                8.731433337939999
              ],
              [
                -76.507446999953,
                8.731439951457824
              ],
              [
                -76.50741944570011,
                8.731449119255629
              ],
              [
                -76.50740300558402,
                8.731456914886827
              ],
              [
                -76.50738681915703,
                8.731467056588304
              ],
              [
                -76.5073707432385,
                8.731479631874551
              ],
              [
                -76.50735453234549,
                8.731494831558443
              ],
              [
                -76.50732251098144,
                8.731531584720399
              ],
              [
                -76.50726021163686,
                8.731615415990523
              ],
              [
                -76.50723238560414,
                8.731649426960198
              ],
              [
                -76.5072008509516,
                8.731680511978173
              ],
              [
                -76.50718528682165,
                8.73169251381104
              ],
              [
                -76.50716959595759,
                8.731702368572046
              ],
              [
                -76.50712724690797,
                8.731723434300465
              ],
              [
                -76.5070807084452,
                8.731741776608674
              ],
              [
                -76.50703086669151,
                8.731757044761322
              ],
              [
                -76.50697884075663,
                8.731768894302524
              ],
              [
                -76.50692578755752,
                8.731777053365109
              ],
              [
                -76.50687310461457,
                8.731781298192152
              ],
              [
                -76.50682210222612,
                8.731781524250016
              ],
              [
                -76.50677395784163,
                8.731777726802397
              ],
              [
                -76.50671490369565,
                8.73176669876217
              ],
              [
                -76.50665280115396,
                8.731748095298881
              ],
              [
                -76.50658972952024,
                8.731722536855491
              ],
              [
                -76.50652809655604,
                8.731690994788142
              ],
              [
                -76.50647042983259,
                8.73165479023706
              ],
              [
                -76.50641866833243,
                8.731615167215946
              ],
              [
                -76.50637455635832,
                8.731573467299988
              ],
              [
                -76.50635575254665,
                8.731552194791464
              ],
              [
                -76.50633927470386,
                8.731530813318535
              ],
              [
                -76.50632607310055,
                8.731510660498074
              ],
              [
                -76.5063139897764,
                8.73148873190219
              ],
              [
                -76.50629318208942,
                8.731439555182979
              ],
              [
                -76.50627685803273,
                8.731383299137955
              ],
              [
                -76.50626501731875,
                8.731319963229593
              ],
              [
                -76.50625767452708,
                8.731249804099667
              ],
              [
                -76.50625476230277,
                8.731172455857246
              ],
              [
                -76.50625625826186,
                8.731087728331156
              ],
              [
                -76.5062621920192,
                8.730993804826815
              ],
              [
                -76.50626735685906,
                8.730948110307047
              ],
              [
                -76.50627540207914,
                8.730901524186114
              ],
              [
                -76.50628632561927,
                8.730854058441233
              ],
              [
                -76.50630012434688,
                8.730805726715523
              ],
              [
                -76.506316794906,
                8.730756541409626
              ],
              [
                -76.50633633108654,
                8.730706521376886
              ],
              [
                -76.5063587258939,
                8.730655684558952
              ],
              [
                -76.50638397021014,
                8.730604051678462
              ],
              [
                -76.50641207223208,
                8.730551610882435
              ],
              [
                -76.50644300268469,
                8.73049842121321
              ],
              [
                -76.50647674536386,
                8.730444510569356
              ],
              [
                -76.50651327996158,
                8.730389911424197
              ],
              [
                -76.50655258670662,
                8.730334653809686
              ],
              [
                -76.50659463412671,
                8.7302787824217
              ],
              [
                -76.5066868204901,
                8.730165369368246
              ],
              [
                -76.50672894209244,
                8.73011952227084
              ],
              [
                -76.50677631473326,
                8.73007471811158
              ],
              [
                -76.50682940697591,
                8.73003050688689
              ],
              [
                -76.50688918337273,
                8.729986082219165
              ],
              [
                -76.50694575072083,
                8.729947714995339
              ],
              [
                -76.5070105067125,
                8.729906774085887
              ],
              [
                -76.5072470553212,
                8.729766982609602
              ],
              [
                -76.50734032050717,
                8.729709125668794
              ],
              [
                -76.50743236785938,
                8.72964584678366
              ],
              [
                -76.50747276928585,
                8.729615001896507
              ],
              [
                -76.50751009955984,
                8.729584181032747
              ],
              [
                -76.50780892517118,
                8.729328228012783
              ],
              [
                -76.50790067619342,
                8.729247083916674
              ],
              [
                -76.50798184349912,
                8.729172820925012
              ],
              [
                -76.50806233484245,
                8.729095958246083
              ],
              [
                -76.50813550296353,
                8.729022362106148
              ],
              [
                -76.50820237358558,
                8.728950998871122
              ],
              [
                -76.50826345059427,
                8.728881326801737
              ],
              [
                -76.5083223450415,
                8.728808765803027
              ],
              [
                -76.50837541323722,
                8.728737287271704
              ],
              [
                -76.50842285792267,
                8.728666617454095
              ],
              [
                -76.50846480496531,
                8.728596567766953
              ],
              [
                -76.50850137660304,
                8.728526924321162
              ],
              [
                -76.50853260374274,
                8.728457616870342
              ],
              [
                -76.50855853471595,
                8.72838853777907
              ],
              [
                -76.50857920058561,
                8.728319603725987
              ],
              [
                -76.508592824647,
                8.728263128016001
              ],
              [
                -76.50860465821391,
                8.728204593199935
              ],
              [
                -76.50861465782033,
                8.728144213955368
              ],
              [
                -76.50862278380548,
                8.728082229351752
              ],
              [
                -76.50862900443889,
                8.728018874449445
              ],
              [
                -76.50863329025509,
                8.727954440155017
              ],
              [
                -76.50863562230319,
                8.7278892109426
              ],
              [
                -76.50863598986476,
                8.72782348552708
              ],
              [
                -76.50863438972299,
                8.727757529628242
              ],
              [
                -76.50863082858243,
                8.727691691238809
              ],
              [
                -76.50862532318558,
                8.7276262795522
              ],
              [
                -76.50861789909462,
                8.72756159820645
              ],
              [
                -76.50860859230887,
                8.727497955760107
              ],
              [
                -76.50859744294183,
                8.727435622540876
              ],
              [
                -76.50858449947867,
                8.727374869292369
              ],
              [
                -76.5085698150678,
                8.727315945236272
              ],
              [
                -76.50855285488294,
                8.727256612764231
              ],
              [
                -76.5085337190573,
                8.727196969451676
              ],
              [
                -76.50851248943587,
                8.72713727035268
              ],
              [
                -76.50848925608341,
                8.72707776872568
              ],
              [
                -76.50846412043157,
                8.727018723137666
              ],
              [
                -76.5084371819988,
                8.726960366274621
              ],
              [
                -76.50840854889672,
                8.726902932233703
              ],
              [
                -76.50837833041426,
                8.726846640148398
              ],
              [
                -76.5083467173503,
                8.726791830491559
              ],
              [
                -76.50831374782057,
                8.72673855510537
              ],
              [
                -76.5082795322417,
                8.726686992305169
              ],
              [
                -76.50824417615357,
                8.726637301038727
              ],
              [
                -76.50820779569283,
                8.726589642857046
              ],
              [
                -76.50817047863605,
                8.72654413111994
              ],
              [
                -76.50813232164701,
                8.726500883632124
              ],
              [
                -76.50809341398774,
                8.726460001476653
              ],
              [
                -76.5080650913558,
                8.726433774821254
              ],
              [
                -76.50803276509772,
                8.726408312375687
              ],
              [
                -76.50799612135525,
                8.726383362201677
              ],
              [
                -76.50795448549506,
                8.726358462844159
              ],
              [
                -76.50787180231114,
                8.726315633007875
              ],
              [
                -76.50766729664718,
                8.72621970252366
              ],
              [
                -76.5076156725879,
                8.72619228407887
              ],
              [
                -76.50757202104887,
                8.726165924314426
              ],
              [
                -76.50752892427028,
                8.72613517123145
              ],
              [
                -76.50749307473386,
                8.72610358484319
              ],
              [
                -76.50746382902314,
                8.726070594082975
              ],
              [
                -76.50744089741761,
                8.726035862470386
              ],
              [
                -76.50742406499981,
                8.726002239760826
              ],
              [
                -76.50740930980052,
                8.725965676826382
              ],
              [
                -76.50739666536522,
                8.725926256332283
              ],
              [
                -76.50738616662598,
                8.725884086729955
              ],
              [
                -76.5073778394991,
                8.725839257638494
              ],
              [
                -76.50737172406689,
                8.725791966745776
              ],
              [
                -76.50736784523191,
                8.725742404479728
              ],
              [
                -76.5073662225208,
                8.725690817460787
              ],
              [
                -76.50736689041787,
                8.725636722429588
              ],
              [
                -76.50736988370055,
                8.725581208438886
              ],
              [
                -76.50737518011728,
                8.725524696028085
              ],
              [
                -76.50738273102714,
                8.72546770824764
              ],
              [
                -76.50739248376162,
                8.725410698116626
              ],
              [
                -76.50740430868149,
                8.725354466547465
              ],
              [
                -76.50741805541358,
                8.725299730263613
              ],
              [
                -76.50743352734767,
                8.725247273826982
              ],
              [
                -76.5074462093452,
                8.725212841528416
              ],
              [
                -76.50746245725495,
                8.725178024060256
              ],
              [
                -76.50748239769653,
                8.725142544748564
              ],
              [
                -76.50750629646548,
                8.72510592820618
              ],
              [
                -76.50753442287183,
                8.725067718093758
              ],
              [
                -76.50756794165612,
                8.725026303640275
              ],
              [
                -76.50771342037115,
                8.72486215341205
              ],
              [
                -76.50777249545646,
                8.724789397051925
              ],
              [
                -76.50780133684835,
                8.724748575267457
              ],
              [
                -76.50782529066133,
                8.724709509730003
              ],
              [
                -76.50784483156718,
                8.724671422238725
              ],
              [
                -76.50786016123918,
                8.724633909735923
              ],
              [
                -76.50787261465308,
                8.724593065220644
              ],
              [
                -76.50788190099023,
                8.724549462286737
              ],
              [
                -76.50788809698493,
                8.724502753740756
              ],
              [
                -76.50789128766003,
                8.724452309752484
              ],
              [
                -76.50789154499088,
                8.72439771436991
              ],
              [
                -76.50788891632888,
                8.724336505170516
              ],
              [
                -76.50786641571347,
                8.72408554211145
              ],
              [
                -76.50786290309246,
                8.724028484764863
              ],
              [
                -76.50786160400311,
                8.723977846733696
              ],
              [
                -76.50786301416909,
                8.723920290175716
              ],
              [
                -76.50786784376857,
                8.723867620784675
              ],
              [
                -76.50787619113102,
                8.723818793805064
              ],
              [
                -76.5078881492015,
                8.723773297437717
              ],
              [
                -76.50792949589687,
                8.723650430077464
              ],
              [
                -76.50797228370826,
                8.723541110640522
              ],
              [
                -76.5080172588551,
                8.723443441545003
              ],
              [
                -76.50804060580751,
                8.723398905104675
              ],
              [
                -76.50806454260974,
                8.723357200876725
              ],
              [
                -76.50808915954367,
                8.72331819095405
              ],
              [
                -76.50811438087203,
                8.723282014325148
              ],
              [
                -76.50814020850396,
                8.723248668276835
              ],
              [
                -76.50816664231017,
                8.72321815301339
              ],
              [
                -76.50819368278256,
                8.723190468209403
              ],
              [
                -76.50822132709551,
                8.723165617000395
              ],
              [
                -76.5082495732692,
                8.723143601170161
              ],
              [
                -76.50827841885967,
                8.723124422629946
              ],
              [
                -76.50834764547383,
                8.72308637741108
              ],
              [
                -76.50842223273534,
                8.723053060658621
              ],
              [
                -76.5084978441749,
                8.723026393812304
              ],
              [
                -76.50857182833732,
                8.723007292072754
              ],
              [
                -76.50864116032307,
                8.722996380089263
              ],
              [
                -76.50867411848401,
                8.722993930591004
              ],
              [
                -76.50870578273513,
                8.722993499381761
              ],
              [
                -76.50873603844512,
                8.722995085826986
              ],
              [
                -76.50876483617536,
                8.722998685012369
              ],
              [
                -76.50879211339425,
                8.723004289036815
              ],
              [
                -76.50881782187403,
                8.72301188788285
              ],
              [
                -76.5088419413594,
                8.723021245031926
              ],
              [
                -76.50886694635716,
                8.72303298219685
              ],
              [
                -76.50891957840578,
                8.72306357975348
              ],
              [
                -76.50897563328755,
                8.72310362388576
              ],
              [
                -76.5090353255551,
                8.72315326715204
              ],
              [
                -76.50905998983758,
                8.723178632330868
              ],
              [
                -76.50908233938692,
                8.723209063263026
              ],
              [
                -76.50910258778968,
                8.723244840954697
              ],
              [
                -76.50912109979586,
                8.723286604472019
              ],
              [
                -76.5091352142568,
                8.723325734506323
              ],
              [
                -76.50914909157865,
                8.723371176720947
              ],
              [
                -76.5092023183198,
                8.723572783367015
              ],
              [
                -76.50921800355465,
                8.723619141369218
              ],
              [
                -76.5092344423008,
                8.723657663570227
              ],
              [
                -76.509254431037,
                8.723693211197656
              ],
              [
                -76.50927665917959,
                8.723721829515423
              ],
              [
                -76.50930151123457,
                8.72374400829013
              ],
              [
                -76.50932923899461,
                8.723759963576619
              ],
              [
                -76.50936981432918,
                8.723774040958567
              ],
              [
                -76.5094186920762,
                8.723784233783945
              ],
              [
                -76.50947466700333,
                8.723790280850062
              ],
              [
                -76.50953555419702,
                8.723791939514484
              ],
              [
                -76.50959968100162,
                8.723789027314158
              ],
              [
                -76.50966164198707,
                8.723781655385329
              ],
              [
                -76.50971692940016,
                8.723770364062393
              ],
              [
                -76.50976156557714,
                8.723755962354765
              ],
              [
                -76.50977981858813,
                8.723747045881014
              ],
              [
                -76.50979661082924,
                8.723735833015382
              ],
              [
                -76.50981192827584,
                8.723722333080634
              ],
              [
                -76.50982575638845,
                8.723706558849978
              ],
              [
                -76.50983808319506,
                8.723688522928683
              ],
              [
                -76.50984889212467,
                8.723668248390428
              ],
              [
                -76.50985817000767,
                8.723645759833506
              ],
              [
                -76.509865903853,
                8.723621088639115
              ],
              [
                -76.50987209549618,
                8.723594202355116
              ],
              [
                -76.50987671316487,
                8.723565205644787
              ],
              [
                -76.50988119450238,
                8.72350110635261
              ],
              [
                -76.50987930797314,
                8.723429326710306
              ],
              [
                -76.50987107320421,
                8.723350679616892
              ],
              [
                -76.50985570207831,
                8.723261788219753
              ],
              [
                -76.5098337320734,
                8.72316813016159
              ],
              [
                -76.50980563419157,
                8.723071727830677
              ],
              [
                -76.50977217547236,
                8.722975224598681
              ],
              [
                -76.5097342059682,
                8.722881160584288
              ],
              [
                -76.50969310799466,
                8.722793041794539
              ],
              [
                -76.50965027400102,
                8.722713849185974
              ],
              [
                -76.50960706845245,
                8.722646104534244
              ],
              [
                -76.50957667706624,
                8.722608347843854
              ],
              [
                -76.5095372802577,
                8.722569265589387
              ],
              [
                -76.50949621601433,
                8.722534098683663
              ],
              [
                -76.50939487303529,
                8.722452857985934
              ],
              [
                -76.50934764576526,
                8.722410512685583
              ],
              [
                -76.50930894979443,
                8.722368341999058
              ],
              [
                -76.50929326832735,
                8.722347486473423
              ],
              [
                -76.50927980915982,
                8.722326501044147
              ],
              [
                -76.50926287928803,
                8.722295624992306
              ],
              [
                -76.50924692161031,
                8.722262352515957
              ],
              [
                -76.50921778493063,
                8.722188319564331
              ],
              [
                -76.50919208801905,
                8.722103719617007
              ],
              [
                -76.50916871236429,
                8.722004897114186
              ],
              [
                -76.50915722920415,
                8.721943455498803
              ],
              [
                -76.50914791401819,
                8.72187852884592
              ],
              [
                -76.50914095156544,
                8.721811408953805
              ],
              [
                -76.50913646892056,
                8.721743324054657
              ],
              [
                -76.5091345446446,
                8.721675648672775
              ],
              [
                -76.50913518913829,
                8.721609167267953
              ],
              [
                -76.50913839310456,
                8.721544766594274
              ],
              [
                -76.50914412139852,
                8.721483137440291
              ],
              [
                -76.50915211670356,
                8.721426087998353
              ],
              [
                -76.50916241645452,
                8.721372681966518
              ],
              [
                -76.50917495216986,
                8.721323272281568
              ],
              [
                -76.50918965813665,
                8.721278115843898
              ],
              [
                -76.50920644453294,
                8.721237468823379
              ],
              [
                -76.50922526397649,
                8.721201428585985
              ],
              [
                -76.50924605250026,
                8.721170117080074
              ],
              [
                -76.50926875329189,
                8.721143619273898
              ],
              [
                -76.50929586177155,
                8.721120006340604
              ],
              [
                -76.50932779972374,
                8.721099451631662
              ],
              [
                -76.50936455947604,
                8.721081960093509
              ],
              [
                -76.50940613159533,
                8.72106753622295
              ],
              [
                -76.50945250549393,
                8.721056183745395
              ],
              [
                -76.50950366829278,
                8.721047905863012
              ],
              [
                -76.50955960603669,
                8.721042704818652
              ],
              [
                -76.50962030456235,
                8.721040581923935
              ],
              [
                -76.50968552287581,
                8.721041529302457
              ],
              [
                -76.50975544796174,
                8.721045534587809
              ],
              [
                -76.50983007651273,
                8.721052597408187
              ],
              [
                -76.50990943867369,
                8.721062720531787
              ],
              [
                -76.50999327409656,
                8.721075856613393
              ],
              [
                -76.51008209229725,
                8.72109207258344
              ],
              [
                -76.51017620630324,
                8.7211114196025
              ],
              [
                -76.5102775077392,
                8.72113428526738
              ],
              [
                -76.51040617115682,
                8.721164187375352
              ],
              [
                -76.51048224314427,
                8.72118560310204
              ],
              [
                -76.51051706942204,
                8.721197685741238
              ],
              [
                -76.51054850829308,
                8.721210475215702
              ],
              [
                -76.51057699827585,
                8.721224150881982
              ],
              [
                -76.51060275526054,
                8.721238818384036
              ],
              [
                -76.51062668981827,
                8.721255082330286
              ],
              [
                -76.51064978418064,
                8.721273602121208
              ],
              [
                -76.51067206872303,
                8.721294401976817
              ],
              [
                -76.5106935814474,
                8.72131751725668
              ],
              [
                -76.51071434658357,
                8.721342969794625
              ],
              [
                -76.51073443643519,
                8.72137084394216
              ],
              [
                -76.51075391110795,
                8.721401222507556
              ],
              [
                -76.5107728555855,
                8.721434237646207
              ],
              [
                -76.5108065706329,
                8.721502254236185
              ],
              [
                -76.51084000865275,
                8.721582122092977
              ],
              [
                -76.5108698603616,
                8.721663122704541
              ],
              [
                -76.51093269537358,
                8.721845179735546
              ],
              [
                -76.51094867058586,
                8.721896491103006
              ],
              [
                -76.51096100347684,
                8.721951667827046
              ],
              [
                -76.5109698256273,
                8.722011273290725
              ],
              [
                -76.5109753093467,
                8.72207645383724
              ],
              [
                -76.51097741281701,
                8.722134480175331
              ],
              [
                -76.51097752727912,
                8.722199851331377
              ],
              [
                -76.51097109124794,
                8.722417677498006
              ],
              [
                -76.51097014464479,
                8.722497094714825
              ],
              [
                -76.51097217462336,
                8.722574046176856
              ],
              [
                -76.51097768815472,
                8.722642041435835
              ],
              [
                -76.510988285734,
                8.722710955778462
              ],
              [
                -76.5110037913384,
                8.722773598003274
              ],
              [
                -76.51102446275442,
                8.72283099583427
              ],
              [
                -76.51105049790331,
                8.72288367965246
              ],
              [
                -76.51113624466274,
                8.723046917118298
              ],
              [
                -76.51116192431903,
                8.723089077454263
              ],
              [
                -76.51118678928903,
                8.723123546436868
              ],
              [
                -76.51121517330813,
                8.72315493448851
              ],
              [
                -76.51124422863269,
                8.723178626145158
              ],
              [
                -76.51127433759015,
                8.723194929430157
              ],
              [
                -76.5112898526983,
                8.723200345011628
              ],
              [
                -76.51130570473995,
                8.723203947983194
              ],
              [
                -76.51133205986056,
                8.723207047013577
              ],
              [
                -76.51136049719805,
                8.723207931278395
              ],
              [
                -76.51138850290334,
                8.723206526580862
              ],
              [
                -76.51141378624175,
                8.723202947222227
              ],
              [
                -76.51143050046575,
                8.723198448049512
              ],
              [
                -76.5114464680896,
                8.72319168922776
              ],
              [
                -76.51146170870727,
                8.72318266258561
              ],
              [
                -76.5114762469738,
                8.723171353618024
              ],
              [
                -76.51149009787622,
                8.723157754574528
              ],
              [
                -76.51150330939798,
                8.72314182236851
              ],
              [
                -76.51152798649156,
                8.723102739299604
              ],
              [
                -76.51154817285847,
                8.723059685348328
              ],
              [
                -76.5115675471094,
                8.723007119845455
              ],
              [
                -76.51162625999883,
                8.722806653020708
              ],
              [
                -76.51163765969838,
                8.722763814012037
              ],
              [
                -76.51164440638414,
                8.722717569323503
              ],
              [
                -76.51164657511053,
                8.722667448916155
              ],
              [
                -76.51164421053285,
                8.722612490362213
              ],
              [
                -76.51163895615231,
                8.722563547652852
              ],
              [
                -76.5116304802208,
                8.722508335409007
              ],
              [
                -76.51159477822995,
                8.722325469843959
              ],
              [
                -76.51158343225116,
                8.72225963908268
              ],
              [
                -76.51157567968026,
                8.722196397842405
              ],
              [
                -76.5115728065237,
                8.722140626575712
              ],
              [
                -76.51157517919498,
                8.72208498302831
              ],
              [
                -76.51158344670758,
                8.722034536345909
              ],
              [
                -76.51159774556048,
                8.721988474746269
              ],
              [
                -76.51160719922306,
                8.721966952549916
              ],
              [
                -76.51161821339201,
                8.721946377410953
              ],
              [
                -76.51166323610924,
                8.721870020349554
              ],
              [
                -76.51169527980541,
                8.721824013497978
              ],
              [
                -76.51171162063781,
                8.721804820681948
              ],
              [
                -76.5117278632928,
                8.721788817410369
              ],
              [
                -76.5117441753974,
                8.721775839626952
              ],
              [
                -76.51176064548832,
                8.721765818986961
              ],
              [
                -76.51177926969913,
                8.72175793247877
              ],
              [
                -76.51180029155758,
                8.721752279932911
              ],
              [
                -76.51182386129861,
                8.72174881833251
              ],
              [
                -76.5118503025113,
                8.721747498954944
              ],
              [
                -76.5119069596991,
                8.72175042533771
              ],
              [
                -76.51201283394543,
                8.72176348391566
              ],
              [
                -76.5120524506627,
                8.721768874791456
              ],
              [
                -76.5120925575432,
                8.721776659719477
              ],
              [
                -76.51213317568676,
                8.7217868427531
              ],
              [
                -76.51217433262474,
                8.72179943076118
              ],
              [
                -76.51221604708441,
                8.721814428406452
              ],
              [
                -76.51225837317868,
                8.721831854109187
              ],
              [
                -76.5123013592086,
                8.721851727635547
              ],
              [
                -76.51234507320548,
                8.721874080351666
              ],
              [
                -76.51243379669997,
                8.721925631254795
              ],
              [
                -76.51252677297646,
                8.721987644834014
              ],
              [
                -76.51262538815293,
                8.722060967817539
              ],
              [
                -76.51273706062942,
                8.722151103514658
              ],
              [
                -76.51276886919945,
                8.72217904180432
              ],
              [
                -76.51280055431955,
                8.722209853424147
              ],
              [
                -76.5128324067553,
                8.722243818238699
              ],
              [
                -76.51286494230365,
                8.72228148470819
              ],
              [
                -76.51292791217321,
                8.722361747984948
              ],
              [
                -76.51304779933352,
                8.722527015584888
              ],
              [
                -76.51309939400859,
                8.722595057715024
              ],
              [
                -76.51315619590872,
                8.722663173966158
              ],
              [
                -76.51321077793646,
                8.722720282114722
              ],
              [
                -76.51333471493642,
                8.722839617102297
              ],
              [
                -76.51342029741107,
                8.722918837783721
              ],
              [
                -76.51350020690708,
                8.722988221797193
              ],
              [
                -76.51357481908984,
                8.723047733893772
              ],
              [
                -76.51364958284603,
                8.723101335292988
              ],
              [
                -76.5137222075982,
                8.723146966776198
              ],
              [
                -76.51379351396872,
                8.7231851415239
              ],
              [
                -76.51386395993605,
                8.723216100243869
              ],
              [
                -76.51389222413438,
                8.723225754359362
              ],
              [
                -76.51392284325213,
                8.723233535059146
              ],
              [
                -76.51395612558808,
                8.72323952368326
              ],
              [
                -76.51399269728314,
                8.723243834298687
              ],
              [
                -76.51406317960648,
                8.72324762043702
              ],
              [
                -76.51423975363443,
                8.723249871201446
              ],
              [
                -76.5142874131994,
                8.723253113740194
              ],
              [
                -76.5143290972611,
                8.723258502147834
              ],
              [
                -76.51437272857065,
                8.72326787568198
              ],
              [
                -76.51441159106469,
                8.723280765311351
              ],
              [
                -76.5144463768347,
                8.723297403531694
              ],
              [
                -76.51447742547779,
                8.723317959077498
              ],
              [
                -76.51450256132131,
                8.72334089083998
              ],
              [
                -76.51455760546426,
                8.723401028754145
              ],
              [
                -76.51457238224562,
                8.723414285015677
              ],
              [
                -76.51458651342661,
                8.723424490825243
              ],
              [
                -76.51461434056174,
                8.723438778205205
              ],
              [
                -76.51464572726701,
                8.723448758770417
              ],
              [
                -76.51468094324576,
                8.723454524275411
              ],
              [
                -76.51472057067907,
                8.723456172726678
              ],
              [
                -76.51475770299326,
                8.723454431915966
              ],
              [
                -76.51480007348424,
                8.723449784290993
              ],
              [
                -76.51493735276574,
                8.72342705310925
              ],
              [
                -76.51498280982361,
                8.723420817713315
              ],
              [
                -76.5150371200934,
                8.723412883883563
              ],
              [
                -76.51509300047218,
                8.723400818607944
              ],
              [
                -76.51515095719235,
                8.723384516211368
              ],
              [
                -76.51521191986444,
                8.7233637170856
              ],
              [
                -76.51527028225895,
                8.723340856229092
              ],
              [
                -76.51533447138351,
                8.72331309928223
              ],
              [
                -76.51557444628871,
                8.723199643140802
              ],
              [
                -76.51567549747178,
                8.723155286282259
              ],
              [
                -76.51573067489011,
                8.723133815112849
              ],
              [
                -76.51578263340511,
                8.723115953525117
              ],
              [
                -76.51583238939227,
                8.723101353733291
              ],
              [
                -76.51588046260747,
                8.72308986655672
              ],
              [
                -76.51624758170331,
                8.723006251585065
              ],
              [
                -76.5164185635338,
                8.722972016396088
              ],
              [
                -76.51650659041331,
                8.722957835685893
              ],
              [
                -76.51658791000956,
                8.722947650607976
              ],
              [
                -76.51666370503922,
                8.722941314607247
              ],
              [
                -76.51673453805445,
                8.722938784035536
              ],
              [
                -76.51680625589279,
                8.72294032506624
              ],
              [
                -76.51687296069264,
                8.722946334323417
              ],
              [
                -76.51693489774848,
                8.722956834414916
              ],
              [
                -76.51699221994566,
                8.72297185207346
              ],
              [
                -76.51704508660731,
                8.722991435565962
              ],
              [
                -76.51709353631975,
                8.723015606393894
              ],
              [
                -76.5171376353629,
                8.723044397832496
              ],
              [
                -76.51717742935355,
                8.723077839964985
              ],
              [
                -76.51720125023253,
                8.723104964598829
              ],
              [
                -76.51722445059505,
                8.72314070628487
              ],
              [
                -76.51724470323487,
                8.723179151121686
              ],
              [
                -76.51729326639102,
                8.72328070921087
              ],
              [
                -76.51732263227328,
                8.723330847371159
              ],
              [
                -76.51733989771908,
                8.723353616848074
              ],
              [
                -76.5173577958904,
                8.723372286051086
              ],
              [
                -76.51737664065261,
                8.723387179647156
              ],
              [
                -76.51739661363519,
                8.723398436202444
              ]
            ]
          ]
        ]
      }
    }
  ]
}
