{"type": "FeatureCollection", "features": [{"id": "0", "type": "Feature", "properties": {"municipality": "Caramanta"}, "geometry": {"type": "Polygon", "coordinates": [[[-75.58337321220542, 5.607878947941238], [-75.58015459914805, 5.605637349153225], [-75.58058239760474, 5.592610190784502], [-75.5760795059662, 5.582780161756092], [-75.57607950619132, 5.549743722915529], [-75.56912548601561, 5.539935356605196], [-75.56930394631998, 5.522803238372898], [-75.57822692543172, 5.515694597730276], [-75.5826612863859, 5.518788883600768], [-75.59643514323533, 5.518102795122253], [-75.61662486921006, 5.532308176648111], [-75.62734434087959, 5.525871734972575], [-75.63493482222346, 5.526335729170425], [-75.64329351390137, 5.5309067048052505], [-75.65221113922763, 5.530144683398484], [-75.65689391817506, 5.525304859778152], [-75.67047112296542, 5.529473675670709], [-75.6891080128776, 5.519317184312497], [-75.69277555615632, 5.526879667401391], [-75.70057066989547, 5.530734393215284], [-75.70453747029875, 5.539063000342516], [-75.7081833640886, 5.539707319064809], [-75.70903197803278, 5.543856093162106], [-75.7143473607751, 5.547925579661798], [-75.69780859021876, 5.5494085336745185], [-75.6929901180112, 5.5565841485857925], [-75.68959114230454, 5.572654403088022], [-75.6806053439971, 5.580337912397217], [-75.67646296864294, 5.597934195673998], [-75.6726254725459, 5.598143988158788], [-75.67236354222035, 5.590134951355994], [-75.66895844256734, 5.586508217594569], [-75.66808198271228, 5.580342773429978], [-75.65208185379728, 5.571171315756358], [-75.62637008888255, 5.582803093351083], [-75.61776133929204, 5.582632623232527], [-75.61605054756065, 5.586906557997628], [-75.60092739664168, 5.5963980995848575], [-75.59542973011375, 5.603606560238782], [-75.58337321220542, 5.607878947941238]]]}}, {"id": "1", "type": "Feature", "properties": {"municipality": "Jard\u00edn"}, "geometry": {"type": "Polygon", "coordinates": [[[-75.80973529776495, 5.654769497999098], [-75.78651381839397, 5.6540927683056585], [-75.77531391018866, 5.637596203176908], [-75.76753671580988, 5.639366503654863], [-75.76535197066967, 5.6436637961939295], [-75.75783837314144, 5.639043245088259], [-75.75169845216594, 5.629156932072573], [-75.7506994137996, 5.6217682138961615], [-75.75226041111385, 5.613151511891452], [-75.75881659771795, 5.605866860598372], [-75.76035678094789, 5.593649458939469], [-75.75255179704091, 5.593940845859284], [-75.74241247329806, 5.589470543118903], [-75.73744996682284, 5.575224006176884], [-75.73251526614388, 5.571790791769769], [-75.73053329905221, 5.563375619845733], [-75.74477199416079, 5.552277817176104], [-75.75453730186013, 5.552106493307491], [-75.76475946607448, 5.548318391408754], [-75.76610862012511, 5.542705243030715], [-75.77149215140007, 5.537291971328948], [-75.78567968741342, 5.539968863716642], [-75.79835031682356, 5.5250080016756185], [-75.80504255096632, 5.520724971718459], [-75.8068568903318, 5.514389657036872], [-75.8169993428202, 5.512099427294878], [-75.82570869008296, 5.495844186325198], [-75.83249416678117, 5.488838933858026], [-75.85232863985253, 5.493564043353545], [-75.85683397772372, 5.502821962042608], [-75.86227499634741, 5.506332880120994], [-75.86802412566519, 5.490242125951061], [-75.87501568259341, 5.490376437029739], [-75.88357222531023, 5.483399856971894], [-75.9051777308971, 5.479918708630573], [-75.89617817853437, 5.485116844714156], [-75.89046897208806, 5.490780588011821], [-75.88777963229715, 5.498655916701314], [-75.88357187925604, 5.500639454304898], [-75.88587115025035, 5.510187277392458], [-75.88259761104378, 5.513447825902386], [-75.88365351895506, 5.52481202267996], [-75.87852887161976, 5.529254685862726], [-75.87660469285443, 5.527876096115843], [-75.87153904258064, 5.53098509105254], [-75.87347783590315, 5.533776369324995], [-75.87063297374013, 5.543757739398344], [-75.87347973014252, 5.5757394241041], [-75.88247740660154, 5.589943344323288], [-75.8823848511011, 5.595116704945779], [-75.87907234208642, 5.598448700266268], [-75.88144468284857, 5.609063344196945], [-75.87886774454502, 5.61870859311875], [-75.88117675875061, 5.624412930317426], [-75.87762555397326, 5.630058813220973], [-75.87971535815248, 5.63247986526283], [-75.872028387159, 5.637273261765983], [-75.85877915973741, 5.635104704636115], [-75.8561637930653, 5.632446039303524], [-75.83266879015592, 5.626158765998108], [-75.8294731924194, 5.622010547834156], [-75.8263815163933, 5.627527068335582], [-75.8257334483189, 5.640449466257068], [-75.81335519764258, 5.645587824778047], [-75.80973529776495, 5.654769497999098]]]}}, {"id": "2", "type": "Feature", "properties": {"municipality": "Nari\u00f1o"}, "geometry": {"type": "Polygon", "coordinates": [[[-75.25880291609728, 5.686822618384951], [-75.24025160732701, 5.6824227279984765], [-75.23591412672721, 5.676353375662574], [-75.22826564023468, 5.675279067635624], [-75.20233619016872, 5.658643267400142], [-75.19337625085805, 5.658367698210072], [-75.19339987212017, 5.655320688607969], [-75.18940805429027, 5.655919067692084], [-75.18065282389094, 5.651242262442078], [-75.17899153488736, 5.646951258333349], [-75.16918126755692, 5.65025808599153], [-75.16064354818528, 5.646555158779959], [-75.15708128120473, 5.653105954804688], [-75.15149066467207, 5.652152166272672], [-75.1500103145449, 5.656458970578009], [-75.13654143477076, 5.65426243799639], [-75.13581619996344, 5.6609688297824174], [-75.1298501528446, 5.6670851915494], [-75.11141195893427, 5.664419231551233], [-75.10886311090466, 5.661484985699556], [-75.10550569871337, 5.665060853055127], [-75.1003415470056, 5.663140670904363], [-75.09905703491782, 5.668578206166365], [-75.09351960028141, 5.672283875113557], [-75.08616986600646, 5.671652216442316], [-75.06944243668518, 5.662218250909128], [-75.07684725762627, 5.656651726021441], [-75.08662493212213, 5.6609750163662325], [-75.09368798204034, 5.655304467407349], [-75.09916247401499, 5.641932429319132], [-75.09159671562061, 5.627645465160934], [-75.09223515529136, 5.62238210867512], [-75.089012796019, 5.615022462573927], [-75.09113925131126, 5.610769548823498], [-75.0961814138382, 5.6085777435821615], [-75.09589989755065, 5.60325406285254], [-75.08949036838277, 5.602550270014305], [-75.08810792138866, 5.595024728775496], [-75.09050583899457, 5.594094717812652], [-75.09127118234908, 5.585931097690254], [-75.09520205229515, 5.58104844117587], [-75.10038927733868, 5.579711184809986], [-75.10628082216809, 5.571621016273197], [-75.10879589393932, 5.573274254766345], [-75.1125762713163, 5.571584227930484], [-75.11397432277018, 5.565776915616885], [-75.11882485375865, 5.565659132107478], [-75.12079928199542, 5.559482708845903], [-75.12992213623335, 5.553125980190956], [-75.13348350528747, 5.543700429977401], [-75.13183572789148, 5.536871374307318], [-75.1362097719137, 5.528533051759901], [-75.13886525127415, 5.527033989546984], [-75.15501733609926, 5.5298456901053665], [-75.18140727096953, 5.523468706882595], [-75.18924640769292, 5.51894331738752], [-75.19658377272786, 5.519024725444532], [-75.20173791937681, 5.5160847339102705], [-75.20869907722619, 5.50587940303568], [-75.21241645157598, 5.507010520039459], [-75.2205737468951, 5.503065736048653], [-75.23029007670924, 5.490099209866168], [-75.2438727739567, 5.463645912050693], [-75.25049642411395, 5.4597075678050615], [-75.25470010634999, 5.448719611039736], [-75.26157417986221, 5.441135152643143], [-75.26926433074311, 5.426214895199194], [-75.27800339067828, 5.4186335639284895], [-75.28122835311379, 5.424537005341431], [-75.2791534634063, 5.437624039803221], [-75.28486654877402, 5.445241883800133], [-75.28701758190566, 5.4583003659022555], [-75.28231576665385, 5.472291596615011], [-75.28395580686096, 5.485926490676858], [-75.28255553598267, 5.491510075285788], [-75.27730451730082, 5.494520659060471], [-75.2752391158012, 5.506300447421151], [-75.2537624491816, 5.528214698403315], [-75.25504019665236, 5.542567481244952], [-75.25269474235749, 5.548151066083709], [-75.2525070668542, 5.564953354696462], [-75.24794098864587, 5.5774635880923835], [-75.25218042223683, 5.585542504159595], [-75.26810808114449, 5.59592757172509], [-75.27173009629728, 5.604262705713354], [-75.2597673233039, 5.6387487161699115], [-75.26270692938924, 5.650717112934727], [-75.26007092169402, 5.670389231287501], [-75.26368648212849, 5.680269592321954], [-75.25880291609728, 5.686822618384951]]]}}, {"id": "3", "type": "Feature", "properties": {"municipality": "Argelia"}, "geometry": {"type": "Polygon", "coordinates": [[[-75.13204488323369, 5.7610235176463735], [-75.10990986238207, 5.757047810646339], [-75.0987256562876, 5.759315581919941], [-75.09453610125102, 5.752027499788665], [-75.07775606071446, 5.745983194815939], [-75.05582636006373, 5.747990688812124], [-75.044981522367, 5.742164591200254], [-75.0298162058838, 5.742819209429895], [-75.02846332938185, 5.738433266857858], [-75.00590082996086, 5.739371553761326], [-74.99883095622864, 5.743648393179151], [-74.99392132187599, 5.739786144234549], [-74.99016817887829, 5.739982530596372], [-74.98152722223115, 5.732127117058095], [-74.9739554736619, 5.729966874869815], [-74.95521158009275, 5.741400870399998], [-74.94543595230265, 5.743997519789472], [-74.94246931569239, 5.754441459668236], [-74.9322050208117, 5.751749167791821], [-74.92506702067662, 5.7564041423928645], [-74.92179539461611, 5.752772392991979], [-74.91705683359582, 5.7530568768784915], [-74.91659386655428, 5.755540380834894], [-74.90424432962186, 5.756274055420134], [-74.90187599061949, 5.758774920413871], [-74.89921704959127, 5.755244371144927], [-74.90061106468124, 5.75119680542296], [-74.89753037867865, 5.748411701081598], [-74.89002740663244, 5.7510298666805415], [-74.8801569351145, 5.745964569407716], [-74.88696199978571, 5.73889078333335], [-74.93157689419958, 5.733514116402981], [-74.95194416510506, 5.7200655886323934], [-74.97080139312496, 5.71505041539261], [-74.98161878905232, 5.717626639145307], [-74.99330102819249, 5.715334121867667], [-74.9915301596728, 5.706063373016104], [-75.00021061566012, 5.701647643362733], [-75.00162914089422, 5.693539171090283], [-75.00878125155938, 5.6821589420760805], [-75.02729121982912, 5.675709230423431], [-75.03134292419745, 5.6702116059448056], [-75.04099356537384, 5.666915119343983], [-75.04792888317871, 5.660875496553211], [-75.05357476632653, 5.665809889255066], [-75.06459190615587, 5.665980180575288], [-75.06944243668518, 5.662218250909128], [-75.08945513081699, 5.672778509965314], [-75.09901675710928, 5.668625895929214], [-75.1003415470056, 5.663140670904363], [-75.10550569871337, 5.665060853055127], [-75.10886311090466, 5.661484985699556], [-75.11141195893427, 5.664419231551233], [-75.1298501528446, 5.6670851915494], [-75.13581619996344, 5.6609688297824174], [-75.13654143477076, 5.65426243799639], [-75.1500103145449, 5.656458970578009], [-75.15149066467207, 5.652152166272672], [-75.15708128120473, 5.653105954804688], [-75.16064354818528, 5.646555158779959], [-75.16918126755692, 5.65025808599153], [-75.17899153488736, 5.646951258333349], [-75.18065282389094, 5.651242262442078], [-75.18940805429027, 5.655919067692084], [-75.19339987212017, 5.655320688607969], [-75.19337625085805, 5.658367698210072], [-75.20013163603357, 5.657659090000375], [-75.22826564023468, 5.675279067635624], [-75.23555149380091, 5.676167584085386], [-75.18277737039146, 5.708833024133117], [-75.19661744889416, 5.713630764784026], [-75.20191009981977, 5.704733986295954], [-75.20857686018729, 5.705001820397287], [-75.22354068055884, 5.719034040738623], [-75.24509927454977, 5.730323075274954], [-75.22853638482093, 5.734636486002593], [-75.21498213811687, 5.731904144558401], [-75.18446589521044, 5.735511448879444], [-75.16481760921162, 5.740131867007132], [-75.1560526319159, 5.7457193452890705], [-75.14871522638343, 5.743892669348484], [-75.14107081504349, 5.747653474217868], [-75.13204488323369, 5.7610235176463735]]]}}, {"id": "4", "type": "Feature", "properties": {"municipality": "Valparaiso"}, "geometry": {"type": "Polygon", "coordinates": [[[-75.63909310014412, 5.759373246135972], [-75.62701040473792, 5.748408347083221], [-75.6223036070599, 5.747155991314004], [-75.61642360696679, 5.7399606171731], [-75.6181156902407, 5.737849540976523], [-75.61660087326797, 5.731306818429208], [-75.62296632979695, 5.719752303255267], [-75.61804601856072, 5.704146878853716], [-75.62426151531734, 5.693715799836321], [-75.62119519571061, 5.675748931210764], [-75.61467881556194, 5.669699406006816], [-75.59949873460566, 5.681200391670755], [-75.58877726122351, 5.673830711259178], [-75.57521433430573, 5.6706184394288215], [-75.57235898006633, 5.664707856744147], [-75.57709886677364, 5.658868660428586], [-75.58445140130829, 5.655585003605383], [-75.58964814384252, 5.644377743256103], [-75.58266680643273, 5.625960716113267], [-75.5843371870086, 5.61902220703785], [-75.58015459914805, 5.605637349153225], [-75.58370186135689, 5.6079493719315945], [-75.58894851790028, 5.607022110006145], [-75.59542973011375, 5.603606560238782], [-75.60106742614732, 5.596294602091965], [-75.61047982212467, 5.591898903656544], [-75.61776133929204, 5.582632623232527], [-75.62637008888255, 5.582803093351083], [-75.65208185379728, 5.571171315756358], [-75.66808198271228, 5.580342773429978], [-75.66895844256734, 5.586508217594569], [-75.67236354222035, 5.590134951355994], [-75.6726254725459, 5.598143988158788], [-75.67646296864294, 5.597934195673998], [-75.66701439010856, 5.62768550458531], [-75.66086891020697, 5.63215210941514], [-75.65740963726154, 5.640234154413188], [-75.66246970217503, 5.663808748422537], [-75.66245408466959, 5.678731255417133], [-75.65927800587039, 5.688714818403725], [-75.66174729156954, 5.698991917143405], [-75.65889544136185, 5.70737357735298], [-75.66146906275706, 5.724154289584216], [-75.65809553110068, 5.734170547755381], [-75.65004426789707, 5.740900220650973], [-75.63909310014412, 5.759373246135972]]]}}, {"id": "5", "type": "Feature", "properties": {"municipality": "Andes"}, "geometry": {"type": "Polygon", "coordinates": [[[-75.87616476054042, 5.776230452658793], [-75.87267570479246, 5.773171793950574], [-75.86750932460761, 5.752649089012393], [-75.86163223497735, 5.75181950124426], [-75.86062126084512, 5.74725078497308], [-75.8566261650246, 5.748154031767975], [-75.84987897511631, 5.743469300719491], [-75.83655176493158, 5.729210683929892], [-75.82659787372585, 5.709266566315996], [-75.82803703130533, 5.69746926589908], [-75.82234667978929, 5.690841567621947], [-75.81935474782333, 5.679394590776295], [-75.81587047327744, 5.6768950001145715], [-75.8169403726226, 5.667549946873669], [-75.8112121490984, 5.6643213138872435], [-75.80913862701495, 5.659047559428966], [-75.81335519764258, 5.645587824778047], [-75.8257334483189, 5.640449466257068], [-75.8263815163933, 5.627527068335582], [-75.8294731924194, 5.622010547834156], [-75.83266879015592, 5.626158765998108], [-75.8561637930653, 5.632446039303524], [-75.85877915973741, 5.635104704636115], [-75.872028387159, 5.637273261765983], [-75.87971535815248, 5.63247986526283], [-75.87762555397326, 5.630058813220973], [-75.88117675875061, 5.624412930317426], [-75.87886774454502, 5.61870859311875], [-75.88144468284857, 5.609063344196945], [-75.87907234208642, 5.598448700266268], [-75.8823848511011, 5.595116704945779], [-75.88247740660154, 5.589943344323288], [-75.87347973014252, 5.5757394241041], [-75.87063297374013, 5.543757739398344], [-75.87347783590315, 5.533776369324995], [-75.87153904258064, 5.53098509105254], [-75.87660469285443, 5.527876096115843], [-75.87852887161976, 5.529254685862726], [-75.88365351895506, 5.52481202267996], [-75.88259761104378, 5.513447825902386], [-75.88587115025035, 5.510187277392458], [-75.88357187925604, 5.500639454304898], [-75.88777963229715, 5.498655916701314], [-75.89046897208806, 5.490780588011821], [-75.89617817853437, 5.485116844714156], [-75.90612015460374, 5.481138950325659], [-75.90919901988704, 5.486872682770252], [-75.92271435933101, 5.493029535974535], [-75.93079979056778, 5.508874617373703], [-75.95362035909355, 5.509179618938867], [-75.95926791137465, 5.505081592961022], [-75.96362884007715, 5.512047633618823], [-75.98339487556768, 5.519400506572834], [-75.98804162725834, 5.528497630153249], [-75.98802773677306, 5.537325655877385], [-75.9989734141467, 5.541514946278486], [-76.00249926575958, 5.560199704824857], [-76.00825426040305, 5.563683030356116], [-76.0092257793741, 5.570395861938451], [-76.00637192203543, 5.581182528348395], [-76.01218392183331, 5.592364754951979], [-76.00191683479407, 5.600120348685783], [-76.00732382066938, 5.611785155021905], [-76.00515047338632, 5.6219181506990825], [-76.01010871477139, 5.6259163399324645], [-76.01145875717044, 5.630564929572795], [-76.02208340983739, 5.635699709350536], [-76.02591209294391, 5.642746246082638], [-76.03570634413643, 5.651523444967524], [-76.04355394496221, 5.653665870659585], [-76.06601794510452, 5.666893140725795], [-76.06643035187301, 5.672197100120867], [-76.07350493708009, 5.677457456138375], [-76.06630258508112, 5.679722609651521], [-76.06542143622173, 5.687318128813602], [-76.0528129171596, 5.682625302791958], [-76.04447983036769, 5.676287301444258], [-76.03628798516829, 5.676644496731235], [-76.03008284501216, 5.668111302440861], [-76.00861671233409, 5.670251806782433], [-76.00386310555788, 5.667217596335786], [-76.00286205930665, 5.670266179550406], [-75.98955367058049, 5.678238533912055], [-75.98889672719278, 5.681431191789221], [-75.9942737387309, 5.69081230004555], [-75.96621614699842, 5.703481291814675], [-75.95228720377092, 5.697297194392558], [-75.9384112675398, 5.700418691152092], [-75.93472436771991, 5.6929153201320055], [-75.92806321223895, 5.689811491757581], [-75.92497116276718, 5.6956363217928105], [-75.90779115155395, 5.695801232400002], [-75.89999918984601, 5.707668808827056], [-75.88393231618511, 5.710566501756663], [-75.87837902086055, 5.7158986911213185], [-75.88064063440291, 5.719529637377595], [-75.89244342466446, 5.725347106569103], [-75.89136562468262, 5.7312264179556385], [-75.89380392705576, 5.733315757674391], [-75.89368907867677, 5.7382321155763085], [-75.89117126791004, 5.741302077277732], [-75.89446552692316, 5.750599819130719], [-75.89208409997786, 5.757591258136408], [-75.87616476054042, 5.776230452658793]]]}}, {"id": "6", "type": "Feature", "properties": {"municipality": "Betania"}, "geometry": {"type": "Polygon", "coordinates": [[[-75.95514485100132, 5.798007859058452], [-75.95391290502357, 5.792538152976582], [-75.9471629955949, 5.791781892651148], [-75.94507897085687, 5.788782928037764], [-75.9440496645677, 5.778292909822406], [-75.93232066892435, 5.764435413263195], [-75.92266934379388, 5.761220422240099], [-75.92064885607547, 5.753564169893502], [-75.91005717935498, 5.758030847170463], [-75.90751568389695, 5.765623561281032], [-75.90414185056486, 5.765877709697173], [-75.90494242129645, 5.763266326080423], [-75.89856962373626, 5.7551589576939115], [-75.89242551055877, 5.753866346787457], [-75.89446552692316, 5.750599819130719], [-75.89117126791004, 5.741302077277732], [-75.89368907867677, 5.7382321155763085], [-75.89380392705576, 5.733315757674391], [-75.89136562468262, 5.7312264179556385], [-75.89244342466446, 5.725347106569103], [-75.8783392663649, 5.71713109058628], [-75.883219671598, 5.7109552162996255], [-75.89764334337052, 5.709005751760001], [-75.9072846453516, 5.696072156994635], [-75.92497116276718, 5.6956363217928105], [-75.92783351665086, 5.689811491669111], [-75.93472436771991, 5.6929153201320055], [-75.9384112675398, 5.700418691152092], [-75.95228720377092, 5.697297194392558], [-75.96621614699842, 5.703481291814675], [-75.9942737387309, 5.69081230004555], [-75.98889672719278, 5.681431191789221], [-75.98955367058049, 5.678238533912055], [-76.00286205930665, 5.670266179550406], [-76.00386310555788, 5.667217596335786], [-76.00861671233409, 5.670251806782433], [-76.03008284501216, 5.668111302440861], [-76.03628798516829, 5.676644496731235], [-76.04447983036769, 5.676287301444258], [-76.0528129171596, 5.682625302791958], [-76.06542143622173, 5.687318128813602], [-76.06630258508112, 5.679722609651521], [-76.07350493708009, 5.677457456138375], [-76.08543229937831, 5.68614258229765], [-76.08695399066349, 5.688642279340239], [-76.08006833173991, 5.70861066899085], [-76.06306159816091, 5.727421778040068], [-76.0709427701875, 5.742839833199957], [-76.06178253208489, 5.754939367874359], [-76.06490095961291, 5.764321256634109], [-76.05959064928633, 5.763318910351813], [-76.05515472576995, 5.767797485993862], [-76.04928992508962, 5.76873585295523], [-76.03982093639766, 5.758221864200782], [-76.01979530414927, 5.753402063968089], [-76.00067677572055, 5.768319216581581], [-75.97933265785159, 5.779143546209502], [-75.97160411494275, 5.7889504296820915], [-75.95514485100132, 5.798007859058452]]]}}, {"id": "7", "type": "Feature", "properties": {"municipality": "T\u00e1mesis"}, "geometry": {"type": "Polygon", "coordinates": [[[-75.6653417086729, 5.7999828377461045], [-75.65980802977808, 5.7974370759974985], [-75.6515544057637, 5.797798843224913], [-75.65076388007604, 5.7888752811079005], [-75.64273803514939, 5.783154019086114], [-75.64527039559363, 5.7726628080671265], [-75.63987237911418, 5.763918455361041], [-75.64427100775325, 5.750081792023149], [-75.65087895568483, 5.739822080799289], [-75.65809553110068, 5.734170547755381], [-75.66146906275706, 5.724154289584216], [-75.65889544136185, 5.70737357735298], [-75.66174729156954, 5.698991917143405], [-75.65927800587039, 5.688714818403725], [-75.66245408466959, 5.678731255417133], [-75.66246970217503, 5.663808748422537], [-75.65915879499285, 5.654656901551252], [-75.65782349980698, 5.638094560809744], [-75.66086891020697, 5.63215210941514], [-75.66701439010856, 5.62768550458531], [-75.67440146097906, 5.608585322926905], [-75.67323795755152, 5.6039156923214515], [-75.67892538975242, 5.5943375263354564], [-75.67934212314063, 5.583567592092342], [-75.68184251911556, 5.578058907779989], [-75.68959114230454, 5.572654403088022], [-75.6929901180112, 5.5565841485857925], [-75.69827741414868, 5.548991800680607], [-75.7143473607751, 5.547925579661798], [-75.7269926609191, 5.557817199731996], [-75.73281380572651, 5.572291285246922], [-75.73744996682284, 5.575224006176884], [-75.74241247329806, 5.589470543118903], [-75.75255179704091, 5.593940845859284], [-75.76035678094789, 5.593649458939469], [-75.75881659771795, 5.605866860598372], [-75.75226041111385, 5.613151511891452], [-75.7506994137996, 5.6217682138961615], [-75.75169845216594, 5.629156932072573], [-75.75783837314144, 5.639043245088259], [-75.76535197066967, 5.6436637961939295], [-75.76753671580988, 5.639366503654863], [-75.77531391018866, 5.637596203176908], [-75.78651381839397, 5.6540927683056585], [-75.80670174227183, 5.653730052416872], [-75.79998951742127, 5.662536452366688], [-75.80007348103236, 5.6709884749426145], [-75.80304187500656, 5.675858415982193], [-75.78974337218487, 5.684316609703002], [-75.7709690630515, 5.689801470753253], [-75.76718571892683, 5.697975666883099], [-75.76179223085207, 5.702336887053881], [-75.76171320479347, 5.70659438182632], [-75.75468981770874, 5.707878547319675], [-75.75095771727483, 5.718411774600627], [-75.74380035577411, 5.716545004705793], [-75.74475003343177, 5.734321620386049], [-75.7353372227928, 5.734971383607733], [-75.73151366485072, 5.741866750280538], [-75.71286859455611, 5.757103847066974], [-75.710621308957, 5.768063691220644], [-75.70207668056084, 5.7725632032796526], [-75.68730385838664, 5.775087078982412], [-75.67610371667871, 5.797430233282782], [-75.6653417086729, 5.7999828377461045]]]}}, {"id": "8", "type": "Feature", "properties": {"municipality": "La Pintada"}, "geometry": {"type": "Polygon", "coordinates": [[[-75.61078250489913, 5.8102839700518345], [-75.59918927901674, 5.808811294683142], [-75.59412422992175, 5.804097006055082], [-75.58928732507252, 5.793106175422947], [-75.58290849576257, 5.7889559718444215], [-75.57989046876223, 5.769539205419924], [-75.57224303388966, 5.746574297661857], [-75.56734727484277, 5.740514335308535], [-75.56869459014979, 5.72583033009947], [-75.57194130567646, 5.722940326723113], [-75.58695570468576, 5.734718659368638], [-75.59926247509186, 5.737311282302352], [-75.59961760985641, 5.716841374960791], [-75.59547734826927, 5.711273434600396], [-75.59974657654404, 5.696708752681586], [-75.59788583767268, 5.683624572396999], [-75.60495868614473, 5.6754689592229886], [-75.61467881556194, 5.669699406006816], [-75.62281746974189, 5.678512538442134], [-75.62429449639359, 5.692930842256877], [-75.61804744883591, 5.703952865812435], [-75.62296632979695, 5.719752303255267], [-75.61660087326797, 5.731306818429208], [-75.6181156902407, 5.737849540976523], [-75.61642360696679, 5.7399606171731], [-75.63153349409518, 5.754385065661803], [-75.63909310014412, 5.759373246135972], [-75.64211887583369, 5.7573915077852025], [-75.64008014960037, 5.762452429107168], [-75.62914233957207, 5.753225562667105], [-75.62412863223213, 5.752145304728397], [-75.62215530276879, 5.760353053656895], [-75.61785069964698, 5.765582283732612], [-75.62086828121184, 5.783452248106992], [-75.61938157005594, 5.800939493875502], [-75.61634594482068, 5.807297715123575], [-75.61078250489913, 5.8102839700518345]]]}}, {"id": "9", "type": "Feature", "properties": {"municipality": "Hispania"}, "geometry": {"type": "Polygon", "coordinates": [[[-75.90078654038044, 5.841429839162426], [-75.88528126070605, 5.839882798651974], [-75.87714584699526, 5.831899436798063], [-75.8709178559514, 5.829369314901831], [-75.86960089493692, 5.822330389042612], [-75.87496226459706, 5.80941974011446], [-75.8760460823949, 5.792753785192434], [-75.8736971142344, 5.775902097057752], [-75.87673863340092, 5.7762304529258515], [-75.88546948570051, 5.766853996084924], [-75.89253105825172, 5.753922478166473], [-75.89856962373626, 5.7551589576939115], [-75.90494242129645, 5.763266326080423], [-75.90414185056486, 5.765877709697173], [-75.90751568389695, 5.765623561281032], [-75.91005717935498, 5.758030847170463], [-75.92064885607547, 5.753564169893502], [-75.92266934379388, 5.761220422240099], [-75.93232066892435, 5.764435413263195], [-75.9440496645677, 5.778292909822406], [-75.94507897085687, 5.788782928037764], [-75.9471629955949, 5.791781892651148], [-75.95391290502357, 5.792538152976582], [-75.95530216273262, 5.798324107031918], [-75.95265339459614, 5.803921982660145], [-75.93968630065368, 5.810595848371364], [-75.9063213309027, 5.813997140066087], [-75.90447889426004, 5.81802750286844], [-75.90727519391842, 5.822695111601368], [-75.90124475658725, 5.833084114924474], [-75.90623078414184, 5.836036764366055], [-75.90801779920076, 5.840880744263434], [-75.90336676181846, 5.83933404895205], [-75.90078654038044, 5.841429839162426]]]}}, {"id": "10", "type": "Feature", "properties": {"municipality": "Jeric\u00f3"}, "geometry": {"type": "Polygon", "coordinates": [[[-75.759948823881, 5.873741521923492], [-75.75431693672222, 5.871501765634931], [-75.75435201435866, 5.867058645273845], [-75.73963125400462, 5.853448667419735], [-75.73551552084288, 5.842831944737994], [-75.72664097342634, 5.8329752344400045], [-75.69957447517845, 5.828603728570881], [-75.6858504940991, 5.817922700115971], [-75.6768093277395, 5.814941131899211], [-75.66552321665056, 5.80068222279288], [-75.67610371667871, 5.797430233282782], [-75.68730385838664, 5.775087078982412], [-75.70781590511368, 5.770108473674541], [-75.71087320153688, 5.767703137849785], [-75.71286859455611, 5.757103847066974], [-75.73151366485072, 5.741866750280538], [-75.7353372227928, 5.734971383607733], [-75.74475003343177, 5.734321620386049], [-75.74380035577411, 5.716545004705793], [-75.75095771727483, 5.718411774600627], [-75.75468981770874, 5.707878547319675], [-75.76171320479347, 5.70659438182632], [-75.76179223085207, 5.702336887053881], [-75.76718571892683, 5.697975666883099], [-75.7709690630515, 5.689801470753253], [-75.7756760171962, 5.6900237303968915], [-75.780734468578, 5.685956389610575], [-75.79959438980663, 5.679730666790594], [-75.8030665705901, 5.675616402044112], [-75.80007348103236, 5.6709884749426145], [-75.80004384714941, 5.662378401831132], [-75.80879958230081, 5.65370278237026], [-75.8112121490984, 5.6643213138872435], [-75.8169403726226, 5.667549946873669], [-75.81605036778566, 5.677444154083384], [-75.81935474782333, 5.679394590776295], [-75.82234667978929, 5.690841567621947], [-75.82803703130533, 5.69746926589908], [-75.82659787372585, 5.709266566315996], [-75.83655176493158, 5.729210683929892], [-75.8329234555545, 5.73468943019868], [-75.83732580435962, 5.7389708379513635], [-75.8367331796924, 5.743240146292597], [-75.8243848348362, 5.752153694703075], [-75.81973606383384, 5.764016751443145], [-75.82146858135803, 5.7685067851194285], [-75.81992503798674, 5.779768149136433], [-75.81234906914834, 5.796882070225548], [-75.82410491737642, 5.8130236380485725], [-75.81509632274224, 5.830503190251337], [-75.81227502301735, 5.809571961830017], [-75.79685899631934, 5.814039502941631], [-75.79094866917764, 5.820937974590964], [-75.78370689379953, 5.822227671284043], [-75.77419191623153, 5.839578239287575], [-75.76724241133529, 5.84498753267203], [-75.76689911130042, 5.854850450850672], [-75.7585622287165, 5.869750238181776], [-75.759948823881, 5.873741521923492]]]}}, {"id": "11", "type": "Feature", "properties": {"municipality": "Pueblorrico"}, "geometry": {"type": "Polygon", "coordinates": [[[-75.88917436194073, 5.910005478676425], [-75.88440714317596, 5.906531324750148], [-75.88730172993652, 5.898697918119047], [-75.8828945328401, 5.887771316257007], [-75.88605204887311, 5.865048622769885], [-75.88443417605619, 5.859439539575648], [-75.87440709765194, 5.852957956836105], [-75.86992552586686, 5.842371173354401], [-75.86648250519973, 5.8458527721868725], [-75.86266335475624, 5.844627946403602], [-75.85187672020578, 5.823944631648143], [-75.84663905220886, 5.819023619247867], [-75.83805989511796, 5.819094343728165], [-75.827142526422, 5.8232928361807526], [-75.82113294333485, 5.821549411853885], [-75.82099590934712, 5.816255099083037], [-75.8240845075378, 5.812819547241205], [-75.81234906914834, 5.796882070225548], [-75.81992503798674, 5.779768149136433], [-75.82146858135803, 5.7685067851194285], [-75.81973606383384, 5.764016751443145], [-75.8243848348362, 5.752153694703075], [-75.8367331796924, 5.743240146292597], [-75.83732580435962, 5.7389708379513635], [-75.8329234555545, 5.73468943019868], [-75.83655176493158, 5.729210683929892], [-75.84987897511631, 5.743469300719491], [-75.8566261650246, 5.748154031767975], [-75.86062126084512, 5.74725078497308], [-75.86163223497735, 5.75181950124426], [-75.86767137471986, 5.75290689704968], [-75.87573954843351, 5.779558227406341], [-75.87504984700453, 5.809001297149118], [-75.86960089493692, 5.822330389042612], [-75.8709178559514, 5.829369314901831], [-75.87714584699526, 5.831899436798063], [-75.88528126070605, 5.839882798651974], [-75.90801779920076, 5.840880744263434], [-75.90507425226605, 5.845441805364613], [-75.90757441910408, 5.849218742400047], [-75.91501333805091, 5.847761559410409], [-75.91429282973002, 5.8690314573378215], [-75.90030902365768, 5.8964177417185875], [-75.89105888629038, 5.899119956889575], [-75.89303923303109, 5.905335691721654], [-75.88917436194073, 5.910005478676425]]]}}, {"id": "12", "type": "Feature", "properties": {"municipality": "Sons\u00f3n"}, "geometry": {"type": "Polygon", "coordinates": [[[-74.64046626755764, 5.859168700285175], [-74.65177588858793, 5.828224620766893], [-74.64713752824342, 5.808478203210436], [-74.65045044716723, 5.793015642017577], [-74.66496042787459, 5.768536584613641], [-74.67021555668146, 5.7683870817721], [-74.68056026375854, 5.7791624682204255], [-74.68608061283662, 5.778667541193324], [-74.69822538228436, 5.771167479325214], [-74.71367492490829, 5.7723780315778965], [-74.71296809818358, 5.755808274225382], [-74.71492401539363, 5.754409151215276], [-74.72034918597848, 5.757621422035111], [-74.72227655021811, 5.749126745631829], [-74.72713065008142, 5.743787235649643], [-74.72538888540625, 5.723528503637943], [-74.73298412362777, 5.714648354890511], [-74.7292864418681, 5.711393253178937], [-74.72944348627104, 5.70646776830976], [-74.73132802013961, 5.7048116669663775], [-74.73770973371461, 5.707167330269066], [-74.74070785461919, 5.704097826036665], [-74.73912313358366, 5.699300832071222], [-74.75240523027439, 5.6964772919724], [-74.7655763844026, 5.699741046051411], [-74.77154407187658, 5.689813935671099], [-74.78229923620901, 5.69581017591968], [-74.79030572505292, 5.696048125226256], [-74.79733964888166, 5.702322766258108], [-74.80533262108564, 5.698466097341762], [-74.81107684173097, 5.709267097401643], [-74.82026992461496, 5.708381578186019], [-74.82874061070851, 5.712797519259755], [-74.83384399577132, 5.719520471184141], [-74.83363426813648, 5.726278379063127], [-74.84109126773257, 5.738430957666989], [-74.86512118526333, 5.747207478026544], [-74.8801569351145, 5.745964569407716], [-74.89002740663244, 5.7510298666805415], [-74.89672790009551, 5.748062332989633], [-74.90061106468124, 5.75119680542296], [-74.89921704959127, 5.755244371144927], [-74.90187599061949, 5.758774920413871], [-74.90424432962186, 5.756274055420134], [-74.91659386655428, 5.755540380834894], [-74.91705683359582, 5.7530568768784915], [-74.92179539461611, 5.752772392991979], [-74.92506702067662, 5.7564041423928645], [-74.93123190225373, 5.754321065694187], [-74.93207381026203, 5.751763970965642], [-74.94286774294329, 5.754336711255971], [-74.94543595230265, 5.743997519789472], [-74.95521158009275, 5.741400870399998], [-74.97288626539832, 5.730054156937294], [-74.98152722223115, 5.732127117058095], [-74.99016817887829, 5.739982530596372], [-74.99392132187599, 5.739786144234549], [-74.99883095622864, 5.743648393179151], [-75.00590082996086, 5.739371553761326], [-75.02846332938185, 5.738433266857858], [-75.0298162058838, 5.742819209429895], [-75.044981522367, 5.742164591200254], [-75.05582636006373, 5.747990688812124], [-75.07775606071446, 5.745983194815939], [-75.09453610125102, 5.752027499788665], [-75.0987256562876, 5.759315581919941], [-75.10990986238207, 5.757047810646339], [-75.1324439887779, 5.761038868733319], [-75.14107081504349, 5.747653474217868], [-75.14871522638343, 5.743892669348484], [-75.1560526319159, 5.7457193452890705], [-75.16481760921162, 5.740131867007132], [-75.18446589521044, 5.735511448879444], [-75.21498213811687, 5.731904144558401], [-75.22853638482093, 5.734636486002593], [-75.24509927454977, 5.730323075274954], [-75.22354068055884, 5.719034040738623], [-75.20857686018729, 5.705001820397287], [-75.20191009981977, 5.704733986295954], [-75.19661744889416, 5.713630764784026], [-75.18277737039146, 5.708833024133117], [-75.23555149380091, 5.676167584085386], [-75.24025160732701, 5.6824227279984765], [-75.25287398610601, 5.686900631826097], [-75.25880291609728, 5.686822618384951], [-75.26368648212849, 5.680269592321954], [-75.26007092169402, 5.670389231287501], [-75.26270692938924, 5.650717112934727], [-75.2597673233039, 5.6387487161699115], [-75.27173009629728, 5.604262705713354], [-75.26810808114449, 5.59592757172509], [-75.25218042223683, 5.585542504159595], [-75.24788766321822, 5.578796742158877], [-75.2525070668542, 5.564953354696462], [-75.25269474235749, 5.548151066083709], [-75.25504019665236, 5.542567481244952], [-75.2537624491816, 5.528214698403315], [-75.2752391158012, 5.506300447421151], [-75.27730451730082, 5.494520659060471], [-75.28283559034146, 5.490984975281383], [-75.28258062422967, 5.47568882014747], [-75.28826340368414, 5.471760076750339], [-75.29607981644085, 5.47466370043469], [-75.3041375791428, 5.465573458858988], [-75.30740695878302, 5.467386609684029], [-75.31356024537513, 5.46474540676133], [-75.31632041738669, 5.459164247946093], [-75.3185862597593, 5.467167502648556], [-75.31329924082061, 5.482554903358757], [-75.31738298944573, 5.486470987816021], [-75.31480900712738, 5.502443583646172], [-75.31082340986745, 5.508665876430535], [-75.31435690934995, 5.511081030631117], [-75.31560612621573, 5.517160552223351], [-75.32195928713789, 5.517743521245633], [-75.32483843510991, 5.523061615909832], [-75.32884782692541, 5.524572572920445], [-75.32794363163599, 5.528796118423552], [-75.3306324229767, 5.532769814625125], [-75.32693236074155, 5.541776076807682], [-75.33268530276123, 5.544179331389345], [-75.33385599687816, 5.550054218886144], [-75.32806676912176, 5.554786967121111], [-75.32778837228176, 5.557820780437418], [-75.33006551638744, 5.5626962969389], [-75.33848166963362, 5.568614015047453], [-75.34088016574513, 5.583497545092103], [-75.34582706565234, 5.587109566033736], [-75.3435881516025, 5.593792182714776], [-75.34027594220443, 5.595695751798532], [-75.34020931657886, 5.603009422674044], [-75.34260067529576, 5.605424574364425], [-75.35184488090806, 5.601391390444066], [-75.3544028017369, 5.603068908671114], [-75.36528883567944, 5.60156984836113], [-75.3705236498628, 5.608827205682458], [-75.37634143170143, 5.61088543972116], [-75.3831109993184, 5.621509730920016], [-75.38353930166512, 5.626994388914716], [-75.37350987433075, 5.633359450358484], [-75.36866767106063, 5.639902964215905], [-75.36789434600976, 5.654905465993049], [-75.37621056210573, 5.673174174121688], [-75.38086626321494, 5.676249708032633], [-75.39633275920873, 5.677379954369356], [-75.40122687529961, 5.681823946654157], [-75.40662825215676, 5.681229083364452], [-75.4127196720433, 5.694287562828678], [-75.42372229877404, 5.696038847308733], [-75.42307176622406, 5.727818346154839], [-75.41796905776401, 5.731208658799402], [-75.4099357401604, 5.744965287655438], [-75.40405153484083, 5.748263656779628], [-75.39491492913935, 5.747068430558499], [-75.38102415272435, 5.757007913645889], [-75.3682552811011, 5.760123460001523], [-75.35213764238513, 5.7704108360866435], [-75.34443148906152, 5.770951092812979], [-75.32073181058637, 5.781752623121658], [-75.31203181991421, 5.794280301660987], [-75.31441148905252, 5.799967917428327], [-75.31107790087223, 5.8005269335509375], [-75.31122662993991, 5.804511854070935], [-75.30852898757726, 5.805706821113722], [-75.3095014841804, 5.812029391810131], [-75.30651132492703, 5.814907348624154], [-75.30639351436616, 5.819479543162494], [-75.30013269328273, 5.823030704604542], [-75.29414115606056, 5.833050264143375], [-75.29223373685295, 5.8317319024146865], [-75.29001166827403, 5.841827599247702], [-75.28444448867369, 5.849237640771549], [-75.27150437231803, 5.854488811683435], [-75.26793311277048, 5.854179508307995], [-75.26605367296592, 5.850936225795424], [-75.26617009829829, 5.8380795256632325], [-75.27041131278352, 5.833156390028853], [-75.26445697974971, 5.823110535938781], [-75.26796637704585, 5.812499182616229], [-75.2638415875582, 5.811268396589543], [-75.24681020082883, 5.815526244959941], [-75.23749616225292, 5.82818335812306], [-75.23816144977305, 5.832557630290314], [-75.23308862462297, 5.839243779983907], [-75.23209069232004, 5.84736030072859], [-75.22019866024907, 5.85052042133827], [-75.20933782438077, 5.860483117054959], [-75.20978949292832, 5.872178163388443], [-75.18403956898209, 5.867011062608707], [-75.1650602875383, 5.872551374995682], [-75.16302180417969, 5.8699840651348625], [-75.1657010356713, 5.861372248137709], [-75.15733526997616, 5.861563621799198], [-75.15225019582913, 5.865637148894903], [-75.14478661969635, 5.8653637583644365], [-75.14366571619463, 5.871761107413523], [-75.13450711461293, 5.88250537611952], [-75.11747485221825, 5.885266629116413], [-75.10973788424398, 5.8838723331279175], [-75.10160510206667, 5.8933692211582], [-75.09141061029929, 5.890486534302662], [-75.07380590086906, 5.8926776921289035], [-75.066455940795, 5.900585088865884], [-75.06468829630782, 5.910587238268288], [-75.05973998231734, 5.912769939025067], [-75.05537710503572, 5.9194161276664214], [-75.04156874898193, 5.9116877489771005], [-75.0362793028478, 5.904793868836497], [-75.03723108223704, 5.8880512111997865], [-75.03121757017587, 5.882585693882022], [-75.03092915309145, 5.87701922937046], [-75.02292555787555, 5.8676889116589495], [-75.02441090958341, 5.860045839565147], [-75.02948706409312, 5.854306325440262], [-75.02295440016958, 5.846129680322669], [-75.02197377884207, 5.825262650671328], [-75.03121757012863, 5.812745317072759], [-75.03173672256528, 5.795296038730239], [-75.04335996097497, 5.772741767715584], [-75.0524819757662, 5.7642879205895765], [-75.0546931788268, 5.755121039749926], [-75.0540015313058, 5.751453475205795], [-75.04398463635, 5.749057390762239], [-75.03980561840342, 5.749725114307913], [-75.02785007407518, 5.75937262159046], [-75.00792509941179, 5.759137999723178], [-74.99743223984485, 5.764007831962024], [-74.98961611066527, 5.764597687563835], [-74.98842423308106, 5.768297840031663], [-74.98121652295859, 5.766424126347884], [-74.9805270628349, 5.768950850577075], [-74.97256584460973, 5.771493829985496], [-74.97343862113627, 5.774328662714417], [-74.97056996109376, 5.776662831814259], [-74.95245139829007, 5.782806092409052], [-74.95023901220475, 5.78162209440698], [-74.94312825400245, 5.788915525245929], [-74.94107824381993, 5.795613575143823], [-74.93804044207204, 5.79715615787475], [-74.93637607793796, 5.805708009731744], [-74.93343299620993, 5.806973196998586], [-74.93471171400424, 5.816330170687814], [-74.93381864079667, 5.820423424736532], [-74.93023958206912, 5.821749500788401], [-74.93170097491712, 5.826505795008813], [-74.9288593778171, 5.833460939821387], [-74.92243195596222, 5.8350644115906105], [-74.92163360343099, 5.839631267615793], [-74.91674876187213, 5.842777317578971], [-74.89304172505231, 5.828765539674788], [-74.88279083262564, 5.8467406781888265], [-74.86508889570521, 5.8556941422447775], [-74.86844436384173, 5.862992038823258], [-74.86787985825482, 5.872253634448023], [-74.86332223916878, 5.878763664622576], [-74.86037565582352, 5.873577199898137], [-74.85233244628498, 5.881422777769151], [-74.85597973888306, 5.889969060820126], [-74.85454238161732, 5.892089163253697], [-74.8584112675508, 5.89629942076367], [-74.85544073004554, 5.904959498189759], [-74.85097893389485, 5.908187564423675], [-74.8544465576173, 5.911188046011908], [-74.85177547026714, 5.917775932005998], [-74.84408560821876, 5.926495900319935], [-74.64046626755764, 5.859168700285175]]]}}, {"id": "13", "type": "Feature", "properties": {"municipality": "Ciudad Bol\u00edvar"}, "geometry": {"type": "Polygon", "coordinates": [[[-76.05271074130401, 5.931499657880921], [-76.04573283107773, 5.927842962269951], [-76.03821815830969, 5.928245534194438], [-76.03267161427443, 5.923671872047556], [-76.03056929496569, 5.917901680296349], [-76.02236130464557, 5.917767485633365], [-76.01937556375336, 5.908027488826805], [-76.01320279777153, 5.903375547355457], [-76.00689584008384, 5.910454100361604], [-75.99909042174001, 5.91008507773813], [-75.9956578158533, 5.913436085165828], [-75.98052791571263, 5.903853775623952], [-75.97089974162778, 5.900935129653168], [-75.9534102361947, 5.910462661678844], [-75.94984300268439, 5.915315887699704], [-75.94252961694242, 5.914969228911471], [-75.9390689680156, 5.8762674770097165], [-75.93599306771658, 5.870625183780019], [-75.92621366700001, 5.862915252765071], [-75.91425953433296, 5.863049194128181], [-75.91501333805091, 5.847761559410409], [-75.90744304838756, 5.849136634241283], [-75.90507425226605, 5.845441805364613], [-75.90801369336282, 5.84102443165139], [-75.90623078414184, 5.836036764366055], [-75.90124475658725, 5.833084114924474], [-75.90727519391842, 5.822695111601368], [-75.90461450269942, 5.815812948377816], [-75.93968630065368, 5.810595848371364], [-75.95080941181182, 5.805173862269733], [-75.95422670213115, 5.798872174386056], [-75.97299867159738, 5.78786177615352], [-75.97933265785159, 5.779143546209502], [-76.00067677572055, 5.768319216581581], [-76.01979530414927, 5.753402063968089], [-76.03982093639766, 5.758221864200782], [-76.04928992508962, 5.76873585295523], [-76.05515472576995, 5.767797485993862], [-76.05959064928633, 5.763318910351813], [-76.06634944134022, 5.765409555762054], [-76.07248762028205, 5.761441445018105], [-76.08067186519678, 5.766339588945435], [-76.0709443818741, 5.780652077971183], [-76.08588001930015, 5.79303137487405], [-76.0814778883709, 5.79947956597801], [-76.0833999408391, 5.812785157088404], [-76.08141588598005, 5.815699241298794], [-76.09927240929595, 5.831112899556959], [-76.0990244022599, 5.849198834308455], [-76.08317473205817, 5.87349860116202], [-76.0815708899298, 5.882772820944822], [-76.07419267653522, 5.887584160929639], [-76.0604902687679, 5.8863441257474305], [-76.05639814700085, 5.8952103900913295], [-76.05624486991327, 5.911544471855185], [-76.06092428078286, 5.924934064590455], [-76.05271074130401, 5.931499657880921]]]}}, {"id": "14", "type": "Feature", "properties": {"municipality": "Tarso"}, "geometry": {"type": "Polygon", "coordinates": [[[-75.85537381201733, 5.937568823993934], [-75.83406554270779, 5.928610036142688], [-75.8287933432258, 5.923794837041656], [-75.82820258908671, 5.91764207565356], [-75.81834925930588, 5.914666016841231], [-75.81308820511178, 5.90820116308589], [-75.8083956125596, 5.906662971397207], [-75.80431606692186, 5.8977682241892255], [-75.78638166931765, 5.891069297408344], [-75.7767401190663, 5.881762136684423], [-75.759948823881, 5.873741521923492], [-75.7585622287165, 5.869750238181776], [-75.76689911130042, 5.854850450850672], [-75.76724241133529, 5.84498753267203], [-75.77419191623153, 5.839578239287575], [-75.78370689379953, 5.822227671284043], [-75.79094866917764, 5.820937974590964], [-75.79685899631934, 5.814039502941631], [-75.81227502301735, 5.809571961830017], [-75.81509632274224, 5.830503190251337], [-75.82053304455526, 5.82138433525283], [-75.827142526422, 5.8232928361807526], [-75.83805989511796, 5.819094343728165], [-75.84663905220886, 5.819023619247867], [-75.85187672020578, 5.823944631648143], [-75.86266335475624, 5.844627946403602], [-75.86648250519973, 5.8458527721868725], [-75.86992552586686, 5.842371173354401], [-75.87440709765194, 5.852957956836105], [-75.88443417605619, 5.859439539575648], [-75.88605204887311, 5.865048622769885], [-75.8828945328401, 5.887771316257007], [-75.886888904304, 5.8946616064168165], [-75.88632444108586, 5.9038116002711405], [-75.87772597538195, 5.9183358927236025], [-75.8646489167495, 5.920300348614281], [-75.8630759460467, 5.930980347186623], [-75.85537381201733, 5.937568823993934]]]}}, {"id": "15", "type": "Feature", "properties": {"municipality": "Abejorral"}, "geometry": {"type": "Polygon", "coordinates": [[[-75.47039243217763, 5.946037188892134], [-75.46064073471922, 5.938737113235861], [-75.45431308806278, 5.938517972960413], [-75.4542446068722, 5.935381542596953], [-75.44550642929443, 5.93362842873347], [-75.44891678375701, 5.928012984957733], [-75.44576665723454, 5.925890072673101], [-75.4458503590251, 5.921517332115178], [-75.44504439927486, 5.923520718917942], [-75.44138303611778, 5.922691730108315], [-75.4428107366772, 5.918201381736791], [-75.44842943258803, 5.915046620266794], [-75.44088794605565, 5.915990745075363], [-75.43203182441694, 5.902350462568645], [-75.42882546414413, 5.9012638197703655], [-75.42452480855724, 5.904248262606386], [-75.41857123314115, 5.900299616311963], [-75.41153108207553, 5.9012477685966145], [-75.4113323471891, 5.89753295176623], [-75.40605057935689, 5.900995529357055], [-75.39388951843583, 5.893848708062533], [-75.38102523991442, 5.881809944877449], [-75.35810955142625, 5.8856470611856455], [-75.35489157133595, 5.881916955613143], [-75.34864670182205, 5.885868728150025], [-75.34091896290245, 5.87903529893026], [-75.32346944625723, 5.880264969892429], [-75.32229423337867, 5.876557795877558], [-75.31663792623121, 5.875181939771193], [-75.31487033033856, 5.8775323634122945], [-75.30778083595999, 5.8675096162285945], [-75.2978153622164, 5.870024999817272], [-75.2971635583482, 5.874265820628076], [-75.29469225166686, 5.871558665265654], [-75.2947755214357, 5.873258156755921], [-75.28448073159431, 5.873951681620931], [-75.27933922012606, 5.868650601997432], [-75.27655710258185, 5.857756112418559], [-75.2694253831841, 5.856970747616778], [-75.26793311277048, 5.854179508307995], [-75.28586281662189, 5.847896498775721], [-75.29001166827403, 5.841827599247702], [-75.29223373685295, 5.8317319024146865], [-75.29414115606056, 5.833050264143375], [-75.30013269328273, 5.823030704604542], [-75.30639351436616, 5.819479543162494], [-75.30651132492703, 5.814907348624154], [-75.3095014841804, 5.812029391810131], [-75.30852898757726, 5.805706821113722], [-75.31122662993991, 5.804511854070935], [-75.31107790087223, 5.8005269335509375], [-75.31441148905252, 5.799967917428327], [-75.31203181991421, 5.794280301660987], [-75.32073181058637, 5.781752623121658], [-75.34443148906152, 5.770951092812979], [-75.35213764238513, 5.7704108360866435], [-75.3682552811011, 5.760123460001523], [-75.38102415272435, 5.757007913645889], [-75.39491492913935, 5.747068430558499], [-75.40405153484083, 5.748263656779628], [-75.4096139467001, 5.74527558518973], [-75.41796905776401, 5.731208658799402], [-75.42307176622406, 5.727818346154839], [-75.42372229877404, 5.696038847308733], [-75.4299802544093, 5.696226056174057], [-75.43395836792705, 5.69186132444516], [-75.43831753996919, 5.691728075609701], [-75.4412490358286, 5.686036403121846], [-75.45466919596221, 5.682191194309362], [-75.46209311376779, 5.671815602300693], [-75.47816141082487, 5.664284378119144], [-75.48589248284918, 5.66991679216144], [-75.4892046929764, 5.677512032060417], [-75.50308170967553, 5.68505016466184], [-75.505908509235, 5.683893748400404], [-75.505767667855, 5.680367896792973], [-75.50929865375615, 5.681362368932502], [-75.5185291711943, 5.690632380715261], [-75.51989426194187, 5.69512034662434], [-75.52846784003691, 5.694089511796459], [-75.53176382903814, 5.68951844772799], [-75.5354901535591, 5.690976255808423], [-75.53550635156444, 5.695574393830481], [-75.54027268461489, 5.699412590704334], [-75.54417024244283, 5.708878088441063], [-75.54061308435476, 5.712367368246374], [-75.54278539623019, 5.719414341407366], [-75.55593429796966, 5.724425484924249], [-75.55690273738306, 5.732133675131319], [-75.55126087122784, 5.748245628337117], [-75.55385380513059, 5.757812656558443], [-75.54881712020182, 5.762786510884492], [-75.547110573305, 5.770551056110418], [-75.55132860995809, 5.820936806965378], [-75.5458567689243, 5.82110411219785], [-75.53916459002595, 5.828229313096802], [-75.53793441039855, 5.833750361004459], [-75.53993222169552, 5.837558998602912], [-75.53329909081666, 5.8519078202042305], [-75.53494261220203, 5.859023179883144], [-75.52718272937011, 5.868240027604506], [-75.52032725805769, 5.8690667523935796], [-75.5048483943329, 5.862134969806303], [-75.49724251074956, 5.867680398072402], [-75.486545942045, 5.870376797190185], [-75.48227240183108, 5.874904715651644], [-75.48163645798027, 5.878605904294407], [-75.48866999312591, 5.887152984850628], [-75.48777967221628, 5.901232772653298], [-75.47647259688735, 5.909589068812581], [-75.4740776339278, 5.921713968121837], [-75.48210268671342, 5.9362444027866035], [-75.47636397696283, 5.944516910942869], [-75.47039243217763, 5.946037188892134]]]}}, {"id": "16", "type": "Feature", "properties": {"municipality": "Montebello"}, "geometry": {"type": "Polygon", "coordinates": [[[-75.58265069743157, 5.973048080614433], [-75.57965577725932, 5.972208326328707], [-75.5677748447583, 5.971526976205962], [-75.5614183355574, 5.975105197316013], [-75.55279408259203, 5.969072766605775], [-75.54930800511242, 5.972263284386036], [-75.54260109511597, 5.972884717271865], [-75.54030483011735, 5.968534697315728], [-75.5343633419148, 5.971869206245718], [-75.53258241075763, 5.9645408653424905], [-75.52870983290066, 5.961274560728247], [-75.50969793160397, 5.962769384876815], [-75.49967153901216, 5.941051829016909], [-75.49359446968599, 5.940956378733857], [-75.48151191789606, 5.934545226731187], [-75.47422008630888, 5.918671614399039], [-75.47647259688735, 5.909589068812581], [-75.48777967221628, 5.901232772653298], [-75.48866999312591, 5.887152984850628], [-75.48153470666915, 5.878364244665572], [-75.48451092257025, 5.8717377138972235], [-75.49724251074956, 5.867680398072402], [-75.5048483943329, 5.862134969806303], [-75.52032725805769, 5.8690667523935796], [-75.52566918269784, 5.868952282451459], [-75.53385644886248, 5.860340987629693], [-75.53758011768929, 5.874700598354382], [-75.54233353355026, 5.877475881392139], [-75.54265830102966, 5.882672162253267], [-75.54824823890822, 5.891962480979794], [-75.54636852444013, 5.899107366829487], [-75.54934063909542, 5.902965213652655], [-75.54675234013676, 5.905090964966089], [-75.54697869430515, 5.909234211550535], [-75.55032478314844, 5.911389486552772], [-75.55058066144234, 5.91817023916933], [-75.55535375923415, 5.923523982088327], [-75.55360198336115, 5.927499924779061], [-75.55645600108637, 5.939831249139757], [-75.55293276543316, 5.946365964279874], [-75.54980318669891, 5.946612000837435], [-75.55010827167865, 5.9577426713157555], [-75.55851286176537, 5.964671043881814], [-75.56662220854551, 5.9635688016852235], [-75.58265069743157, 5.973048080614433]]]}}, {"id": "17", "type": "Feature", "properties": {"municipality": "San Francisco"}, "geometry": {"type": "Polygon", "coordinates": [[[-74.95551389305678, 5.950063374331528], [-74.93943866623859, 5.96347348267446], [-74.92419222265114, 5.951235555359637], [-74.84408560821876, 5.926495900319935], [-74.85177547026714, 5.917775932005998], [-74.8544465576173, 5.911188046011908], [-74.85097893389485, 5.908187564423675], [-74.85544073004554, 5.904959498189759], [-74.8584112675508, 5.89629942076367], [-74.85454238161732, 5.892089163253697], [-74.85597973888306, 5.889969060820126], [-74.85233244628498, 5.881422777769151], [-74.86037565582352, 5.873577199898137], [-74.86332223916878, 5.878763664622576], [-74.86787985825482, 5.872253634448023], [-74.86844436384173, 5.862992038823258], [-74.86508889570521, 5.8556941422447775], [-74.88279083262564, 5.8467406781888265], [-74.8876426909305, 5.834956163624857], [-74.8932311653181, 5.828636991162018], [-74.90716852111045, 5.835740983090831], [-74.91547004435995, 5.843102073775724], [-74.92148475732134, 5.8398207070368935], [-74.92243195596222, 5.8350644115906105], [-74.92864287535275, 5.833677442694398], [-74.93170097491712, 5.826505795008813], [-74.93023958206912, 5.821749500788401], [-74.93381864079667, 5.820423424736532], [-74.93471171400424, 5.816330170687814], [-74.93343299620993, 5.806973196998586], [-74.93637607793796, 5.805708009731744], [-74.93804044207204, 5.79715615787475], [-74.94107824381993, 5.795613575143823], [-74.94312825400245, 5.788915525245929], [-74.95023901220475, 5.78162209440698], [-74.95245139829007, 5.782806092409052], [-74.97056996109376, 5.776662831814259], [-74.97343862113627, 5.774328662714417], [-74.97256584460973, 5.771493829985496], [-74.9805270628349, 5.768950850577075], [-74.98121652295859, 5.766424126347884], [-74.98842423308106, 5.768297840031663], [-74.98961611066527, 5.764597687563835], [-74.99743223984485, 5.764007831962024], [-75.00792509941179, 5.759137999723178], [-75.02747604913668, 5.7594972969032465], [-75.04284490400875, 5.749034365823428], [-75.0540015313058, 5.751453475205795], [-75.05272713112917, 5.763725502970315], [-75.04335996097497, 5.772741767715584], [-75.03173672256528, 5.795296038730239], [-75.03121757012863, 5.812745317072759], [-75.02197377884207, 5.825262650671328], [-75.02295440016958, 5.846129680322669], [-75.02948706409312, 5.854306325440262], [-75.02441090958341, 5.860045839565147], [-75.02295439996031, 5.867934068683743], [-75.03092915309145, 5.87701922937046], [-75.03121757017587, 5.882585693882022], [-75.03635140844617, 5.885642921665512], [-75.03601972737032, 5.904332397583555], [-75.04156874898193, 5.9116877489771005], [-75.05555114661843, 5.919487718911503], [-75.06166190661772, 5.915415775744236], [-75.06634031879007, 5.916970201756169], [-75.08152331242515, 5.912200404961978], [-75.08387129985148, 5.91344763816731], [-75.08375727294957, 5.922333245486776], [-75.0869021776984, 5.9281403999677815], [-75.11073659772856, 5.937992421355623], [-75.1128228385044, 5.941517069281389], [-75.11066914377729, 5.946760245723821], [-75.1152573214118, 5.952448797680045], [-75.11971827143499, 5.966723385820831], [-75.11706224708679, 5.975613262107952], [-75.10166781460156, 5.97926980911585], [-75.10119911182431, 5.993962359707681], [-75.06879824247164, 5.999172755052112], [-75.06779873387534, 5.99667862196249], [-75.07095180545554, 5.995621041406179], [-75.07029578575943, 5.984491057268506], [-75.06294348462306, 5.981031301243126], [-75.05649140415817, 5.971261554477938], [-75.04479175201104, 5.966059241497219], [-75.03980417183976, 5.951906500407156], [-75.03211746142964, 5.944481429612016], [-75.01839897937579, 5.939423620882413], [-75.01300053166966, 5.933621171557926], [-75.00961669756363, 5.924824562907338], [-75.00314593445522, 5.924819565694441], [-75.00255197767704, 5.922424228690095], [-74.98310028634445, 5.912977615323927], [-74.97227837171866, 5.920169078824787], [-74.96182717681313, 5.9328291920005585], [-74.95551389305678, 5.950063374331528]]]}}, {"id": "18", "type": "Feature", "properties": {"municipality": "Fredonia"}, "geometry": {"type": "Polygon", "coordinates": [[[-75.77571312383421, 5.881242604505483], [-75.76701103163134, 5.900263366750535], [-75.77809268845998, 5.905305919319585], [-75.7771790395948, 5.90922474547493], [-75.77952096668703, 5.912425867395488], [-75.7745878912497, 5.919061337821532], [-75.76252814028769, 5.925855955010148], [-75.75861767185766, 5.923145635041665], [-75.75389749294453, 5.92844642964048], [-75.74412418155241, 5.926298216861239], [-75.73322649924546, 5.929509301870169], [-75.7319202620149, 5.927845185259442], [-75.72572991380233, 5.9316957500173855], [-75.7090207302318, 5.934334142441856], [-75.69963655611312, 5.94031741488307], [-75.69739820802151, 5.945549335963928], [-75.70206037956437, 5.952811028896437], [-75.6965182860981, 5.957289779828172], [-75.69693049012145, 5.959797284600313], [-75.69170955271238, 5.959498198895781], [-75.69018983906327, 5.964997284720404], [-75.68312823686321, 5.971084605511073], [-75.68377765722677, 5.975769753038945], [-75.68734558196834, 5.978776383623003], [-75.69380599962167, 5.975164653776102], [-75.69984576179777, 5.980945337243751], [-75.69748297975646, 5.9836600747993165], [-75.6898937113572, 5.985079406908714], [-75.67951455501982, 5.996346254124783], [-75.67422336381644, 5.998723997938041], [-75.66607752278723, 5.9988485384265], [-75.65418148892246, 5.989952116382988], [-75.64895729501605, 5.991699384560198], [-75.64841224329498, 5.994775822207011], [-75.62952930115925, 5.9948672735673405], [-75.62549811141066, 5.987510897856634], [-75.61438490417255, 5.981837235746467], [-75.61361619001387, 5.978253346117959], [-75.6238577342702, 5.977196584619115], [-75.62895699580336, 5.9690706443648125], [-75.63697421691593, 5.964919936648411], [-75.63616332662413, 5.9593381565721115], [-75.63971324139213, 5.9549605947299575], [-75.6391448547119, 5.945347907081829], [-75.63362877979164, 5.941965068011579], [-75.63410967914677, 5.934480112585888], [-75.62788774856351, 5.929277518664373], [-75.62836432307796, 5.925398744003907], [-75.62524022494536, 5.923194964347641], [-75.6265063295833, 5.914646924967369], [-75.62283243011802, 5.902439624814568], [-75.62444982362047, 5.895245513730076], [-75.62123583422137, 5.891012783338063], [-75.6177296099029, 5.873083479976052], [-75.62342584187682, 5.867553159575655], [-75.62360281157787, 5.854966145581497], [-75.6130288373367, 5.830577426589565], [-75.61472111484035, 5.821916943799484], [-75.62241932323016, 5.810004632942886], [-75.61846893580679, 5.79518401116654], [-75.62086828121184, 5.783452248106992], [-75.61780653954074, 5.766068038593826], [-75.62412863223213, 5.752145304728397], [-75.62914233957207, 5.753225562667105], [-75.64008014960037, 5.762452429107168], [-75.64527039559363, 5.7726628080671265], [-75.64273803514939, 5.783154019086114], [-75.65076388007604, 5.7888752811079005], [-75.65219754463537, 5.798602769874583], [-75.66408222821255, 5.798683158799464], [-75.66774185411508, 5.80599642860778], [-75.6768093277395, 5.814941131899211], [-75.6858504940991, 5.817922700115971], [-75.69957447517845, 5.828603728570881], [-75.72664097342634, 5.8329752344400045], [-75.73551552084288, 5.842831944737994], [-75.73963125400462, 5.853448667419735], [-75.75435201435866, 5.867058645273845], [-75.75496586655119, 5.872606700130516], [-75.76241206216217, 5.8735655793181785], [-75.77571312383421, 5.881242604505483]]]}}, {"id": "19", "type": "Feature", "properties": {"municipality": "Santa B\u00e1rbara"}, "geometry": {"type": "Polygon", "coordinates": [[[-75.59589757478805, 6.006872118306241], [-75.59132933075585, 6.004504451209692], [-75.59346880814545, 5.99658645526029], [-75.59177410176868, 5.991071475684415], [-75.57994992801355, 5.989748772351501], [-75.57317970539768, 5.9815469290878465], [-75.56806283111442, 5.983383190413434], [-75.56215376329287, 5.974563367705333], [-75.5677748447583, 5.971526976205962], [-75.57965577725932, 5.972208326328707], [-75.58220827659892, 5.975234435685105], [-75.58265069743157, 5.973048080614433], [-75.56662220854551, 5.9635688016852235], [-75.55851286176537, 5.964671043881814], [-75.55010827167865, 5.9577426713157555], [-75.54980318669891, 5.946612000837435], [-75.55293276543316, 5.946365964279874], [-75.55645600108637, 5.939831249139757], [-75.55360198336115, 5.927499924779061], [-75.55535375923415, 5.923523982088327], [-75.55058066144234, 5.91817023916933], [-75.55032478314844, 5.911389486552772], [-75.54697869430515, 5.909234211550535], [-75.54675234013676, 5.905090964966089], [-75.54934063909542, 5.902965213652655], [-75.54636852444013, 5.899107366829487], [-75.54824823890822, 5.891962480979794], [-75.54265830102966, 5.882672162253267], [-75.54233353355026, 5.877475881392139], [-75.53758011768929, 5.874700598354382], [-75.53336798083937, 5.862467686074771], [-75.53502134328406, 5.858698414175991], [-75.53329909081666, 5.8519078202042305], [-75.53998142879804, 5.837303121038737], [-75.53892839479829, 5.828750908596586], [-75.54571898942568, 5.821192682645658], [-75.54972445533403, 5.822491753389444], [-75.55172226814663, 5.819785356735873], [-75.54989175981214, 5.819027565640171], [-75.55161401226, 5.806469887666005], [-75.54729362043477, 5.7889816478630545], [-75.5488578089674, 5.772516654639767], [-75.547110573305, 5.770551056110418], [-75.54881712020182, 5.762786510884492], [-75.55385380513059, 5.757812656558443], [-75.55126087122784, 5.748245628337117], [-75.55688485482767, 5.732500260200073], [-75.55593429796966, 5.724425484924249], [-75.56494926042642, 5.72305275666356], [-75.56903101190656, 5.724898241178712], [-75.56739640377278, 5.741447784355498], [-75.57224303388966, 5.746574297661857], [-75.57989046876223, 5.769539205419924], [-75.58290849576257, 5.7889559718444215], [-75.58928732507252, 5.793106175422947], [-75.59412422992175, 5.804097006055082], [-75.59942654333122, 5.808974926653112], [-75.61115885506356, 5.8103821500613], [-75.61634594482068, 5.807297715123575], [-75.61938157005594, 5.800939493875502], [-75.6223418992462, 5.807515985995496], [-75.6130620188279, 5.829449242032091], [-75.62360281157787, 5.854966145581497], [-75.62342584187682, 5.867553159575655], [-75.6177296099029, 5.873083479976052], [-75.62123583422137, 5.891012783338063], [-75.62444982362047, 5.895245513730076], [-75.62283243011802, 5.902439624814568], [-75.6265063295833, 5.914646924967369], [-75.62524022494536, 5.923194964347641], [-75.62836432307796, 5.925398744003907], [-75.62788774856351, 5.929277518664373], [-75.63410967914677, 5.934480112585888], [-75.63362877979164, 5.941965068011579], [-75.63935426074255, 5.946225415922126], [-75.63697421691593, 5.964919936648411], [-75.62895699580336, 5.9690706443648125], [-75.62355193623252, 5.977409312833436], [-75.61463061710421, 5.976943967604386], [-75.60171788329134, 5.987020055860611], [-75.60454108493144, 5.992469787178006], [-75.60178809362809, 6.002674157197861], [-75.59589757478805, 6.006872118306241]]]}}, {"id": "20", "type": "Feature", "properties": {"municipality": "Venecia"}, "geometry": {"type": "Polygon", "coordinates": [[[-75.68352032862691, 5.969755433529753], [-75.69329567699825, 5.95872997545021], [-75.69464801316288, 5.96062419683983], [-75.69693049012145, 5.959797284600313], [-75.6965182860981, 5.957289779828172], [-75.70206037956437, 5.952811028896437], [-75.69739820802151, 5.945549335963928], [-75.70183691587198, 5.937777442676123], [-75.72184187360793, 5.932695315180486], [-75.72289002056372, 5.930578570688256], [-75.72572991380233, 5.9316957500173855], [-75.7319202620149, 5.927845185259442], [-75.73322649924546, 5.929509301870169], [-75.74412418155241, 5.926298216861239], [-75.75389749294453, 5.92844642964048], [-75.75861767185766, 5.923145635041665], [-75.76262579458647, 5.925828842637087], [-75.77534190283153, 5.918381169109636], [-75.77952096668703, 5.912425867395488], [-75.7771790395948, 5.90922474547493], [-75.77809268845998, 5.905305919319585], [-75.76701103163134, 5.900263366750535], [-75.77571312383421, 5.881242604505483], [-75.78638166931765, 5.891069297408344], [-75.80431606692186, 5.8977682241892255], [-75.80809466327622, 5.906373166131505], [-75.81308820511178, 5.90820116308589], [-75.81834925930588, 5.914666016841231], [-75.82820258908671, 5.91764207565356], [-75.8287933432258, 5.923794837041656], [-75.83528049035672, 5.929512886218949], [-75.85350123436778, 5.936507140135148], [-75.85609737031615, 5.93968532204256], [-75.8520983581508, 5.950955595096726], [-75.83455345776078, 5.979464247586274], [-75.83215941255172, 5.998332365821296], [-75.84076180203735, 6.008830842011298], [-75.83296768093321, 6.010903746572874], [-75.82935838833797, 6.00983559171706], [-75.82217394422186, 6.000870888359197], [-75.81288245417939, 5.997724951004099], [-75.79634311377967, 6.004304595139167], [-75.78640292576539, 5.996569001566368], [-75.77338020838802, 5.996012975027073], [-75.76599118264333, 6.000801249589556], [-75.76180310293395, 5.998139260745896], [-75.75750229998025, 6.001538282626507], [-75.74297841876981, 6.001642334304314], [-75.7361890466949, 6.0053621821975165], [-75.71139588777935, 5.981460642693118], [-75.70551696767912, 5.9829628907250365], [-75.6970363216718, 5.980068618525413], [-75.69326973488873, 5.9750231089250585], [-75.68869178189846, 5.9785301763827094], [-75.68479282894614, 5.977307006431043], [-75.68352032862691, 5.969755433529753]]]}}, {"id": "21", "type": "Feature", "properties": {"municipality": "La Uni\u00f3n"}, "geometry": {"type": "Polygon", "coordinates": [[[-75.35139538876463, 6.03654482728581], [-75.34162685878309, 6.032803668207646], [-75.33439152280059, 6.010066168328332], [-75.34247632121209, 6.007494753765427], [-75.3451782297276, 6.002095987619685], [-75.33393121769637, 5.989111674901056], [-75.33379468609192, 5.983898569837152], [-75.32448240705374, 5.9638360168567655], [-75.32038871977818, 5.963580762775126], [-75.3197818908571, 5.953115374408516], [-75.31729678283236, 5.95325985972397], [-75.3148480702503, 5.9491664879501736], [-75.30043678880331, 5.952239512999685], [-75.29784824774549, 5.958950247906822], [-75.29313096811987, 5.960413291396413], [-75.2886428425457, 5.955002357673204], [-75.28934788241948, 5.943581784214203], [-75.28605670378975, 5.932528058305192], [-75.29095673428091, 5.93010645891004], [-75.29447162056468, 5.915877636329097], [-75.28927528609104, 5.9088527232016865], [-75.2903701108138, 5.898738632027477], [-75.28568543619525, 5.892811731595513], [-75.28222749323471, 5.8775353461261375], [-75.28579171375999, 5.873043014687434], [-75.2947755214357, 5.873258156755921], [-75.29469225166686, 5.871558665265654], [-75.2971635583482, 5.874265820628076], [-75.2978153622164, 5.870024999817272], [-75.30778083595999, 5.8675096162285945], [-75.31504231243724, 5.877618352807195], [-75.31663792623121, 5.875181939771193], [-75.32259998020622, 5.876691560303769], [-75.32346944625723, 5.880264969892429], [-75.34091896290245, 5.87903529893026], [-75.34597906505398, 5.881634141173987], [-75.34789762311004, 5.885830510432431], [-75.35489157133595, 5.881916955613143], [-75.35810955142625, 5.8856470611856455], [-75.38102523991442, 5.881809944877449], [-75.4020147265874, 5.899313924824993], [-75.40774747059704, 5.901263055564115], [-75.4113323471891, 5.89753295176623], [-75.4110648187762, 5.901041389955821], [-75.41758568003216, 5.9037488874047375], [-75.41837128929413, 5.909836905611621], [-75.4125557088716, 5.923885357735402], [-75.41415853280334, 5.928510055226566], [-75.40910232900264, 5.940807010661242], [-75.41026017436147, 5.954837541750407], [-75.41943052396599, 5.973880113221923], [-75.41868810372718, 5.981297165263525], [-75.41113735979982, 5.987250420300276], [-75.41108116768538, 5.991793729902191], [-75.40221833218168, 5.996984360889069], [-75.40073639778723, 6.002656806323008], [-75.38774088699245, 5.995688901082062], [-75.38750718632396, 5.998000746627121], [-75.38030403521029, 6.000830667638246], [-75.37081423093362, 6.016018211749806], [-75.3660422540629, 6.015313027190675], [-75.36598971523073, 6.022865513225243], [-75.36165651535387, 6.03006710601978], [-75.35304039089688, 6.032554397809021], [-75.35139538876463, 6.03654482728581]]]}}, {"id": "22", "type": "Feature", "properties": {"municipality": "Puerto Triunfo"}, "geometry": {"type": "Polygon", "coordinates": [[[-74.56728861225264, 6.057515212709437], [-74.57163125873798, 6.03452112723399], [-74.56272437709055, 6.001891478271557], [-74.56592161700038, 5.990013599053318], [-74.57941731041741, 5.982756906992622], [-74.6034360272195, 5.981091348180977], [-74.61237676070321, 5.969879923356738], [-74.61192188569964, 5.962337148567901], [-74.60751388009436, 5.955096926598087], [-74.60660669580469, 5.942475962198469], [-74.59674857990517, 5.929639392869659], [-74.58831888109462, 5.928526948591009], [-74.58570502421442, 5.925019121830832], [-74.58538663722737, 5.903061804234475], [-74.5903762461323, 5.894692422565708], [-74.60819877961134, 5.891165510874442], [-74.62407820958408, 5.882350298099434], [-74.6338869919994, 5.872911831976276], [-74.64046626755764, 5.859168700285175], [-74.84408560821876, 5.926495900319935], [-74.84692015251919, 5.93241727316656], [-74.83631588676018, 5.9430247965873155], [-74.82787940737778, 5.944882092382181], [-74.8281069894474, 5.948715046941753], [-74.82456878537687, 5.950596556740905], [-74.8229222619052, 5.955973713781622], [-74.81498104545405, 5.959818407977911], [-74.81442948084103, 5.96981819077326], [-74.80547317409031, 5.9699876695619585], [-74.8012550426953, 5.983801298978227], [-74.79471197848332, 5.987369625585466], [-74.78277298495334, 5.988973800557224], [-74.77252918038963, 5.986739130190874], [-74.7690513967123, 5.993729496957228], [-74.75068991887038, 5.998078496403404], [-74.73273682410925, 5.989870015171384], [-74.71941522517997, 5.987988679651141], [-74.71750126460158, 5.993730558421136], [-74.72136180980569, 6.000081426033275], [-74.71441282916554, 6.001843139708333], [-74.70571300855677, 6.014229510412827], [-74.71049790979629, 6.0182966730317515], [-74.70739859872562, 6.027877350356989], [-74.70291819179486, 6.031161532129051], [-74.69429449624545, 6.027518482294134], [-74.69238053637736, 6.0334343596159385], [-74.6793851798225, 6.032477378549202], [-74.67592700198425, 6.038251887394315], [-74.67893931473807, 6.041492569972268], [-74.67165321596168, 6.040502962800082], [-74.66658557127684, 6.052878457560688], [-74.66251840471838, 6.048506797791848], [-74.65764650583104, 6.049550775448694], [-74.65129282331813, 6.038691458592065], [-74.64849337221482, 6.04134763099075], [-74.6425197403605, 6.040223442786661], [-74.64375414288506, 6.0359140475505875], [-74.64112001443274, 6.0335885222066885], [-74.63955496684686, 6.0362336711173175], [-74.63397810689982, 6.036696571983871], [-74.6331735397842, 6.041083113821122], [-74.63264786669183, 6.035571292305248], [-74.62965444928271, 6.036655116984894], [-74.62617933154988, 6.033231608978845], [-74.61345031720008, 6.040946867152328], [-74.61344063995347, 6.036427705565395], [-74.60999562909252, 6.038469555449119], [-74.60690866722484, 6.033447190726124], [-74.60683125100805, 6.038827603595508], [-74.60251531004512, 6.035421299046787], [-74.60177771467846, 6.040665220817212], [-74.59487742624674, 6.040758943958062], [-74.59308499023489, 6.044882716732618], [-74.5885232937632, 6.0466250824350105], [-74.58656819933884, 6.045520818245305], [-74.58721989741606, 6.0411580581864825], [-74.58350883780582, 6.044344137711984], [-74.57737201205387, 6.044271728558816], [-74.56728861225264, 6.057515212709437]]]}}, {"id": "23", "type": "Feature", "properties": {"municipality": "La Ceja"}, "geometry": {"type": "Polygon", "coordinates": [[[-75.41718686991213, 6.068539740280871], [-75.40671571233648, 6.065013007709224], [-75.40573497180473, 6.062614672317596], [-75.40386325385795, 6.065173232736087], [-75.39752155575651, 6.062672970016334], [-75.38522348062426, 6.05586941763232], [-75.37409227785128, 6.055461394913333], [-75.3714049160963, 6.050463299006368], [-75.3739016408299, 6.046524120672478], [-75.36035024480594, 6.031119064014713], [-75.36598971523073, 6.022865513225243], [-75.3660422540629, 6.015313027190675], [-75.37081423093362, 6.016018211749806], [-75.38030403521029, 6.000830667638246], [-75.38750718632396, 5.998000746627121], [-75.38774088699245, 5.995688901082062], [-75.40073639778723, 6.002656806323008], [-75.40221833218168, 5.996984360889069], [-75.41108116768538, 5.991793729902191], [-75.41113735979982, 5.987250420300276], [-75.41868810372718, 5.981297165263525], [-75.41943052396599, 5.973880113221923], [-75.41026017436147, 5.954837541750407], [-75.40910232900264, 5.940807010661242], [-75.41415853280334, 5.928510055226566], [-75.4138390149566, 5.91890732779835], [-75.41838885481238, 5.909765818452574], [-75.41542597999812, 5.9027088903622245], [-75.41790547292503, 5.900154223796359], [-75.42452480855724, 5.904248262606386], [-75.42882546414413, 5.9012638197703655], [-75.43203182441694, 5.902350462568645], [-75.4413139538789, 5.916197994868437], [-75.44809553488487, 5.914574560041465], [-75.44847548654997, 5.916750652619914], [-75.4428107366772, 5.918201381736791], [-75.44138303611778, 5.922691730108315], [-75.44655269627089, 5.922403889153166], [-75.44576665723454, 5.925890072673101], [-75.44894417563192, 5.928232122581951], [-75.44557491033105, 5.932505338789456], [-75.44734171983993, 5.9353678471198705], [-75.4542446068722, 5.935381542596953], [-75.45431308806278, 5.938517972960413], [-75.46064073471922, 5.938737113235861], [-75.47069374934131, 5.946050887588541], [-75.4788977754177, 5.942298127671025], [-75.48151191789606, 5.934545226731187], [-75.48470953934128, 5.9351656607788055], [-75.49359446968599, 5.940956378733857], [-75.49967153901216, 5.941051829016909], [-75.50843715627273, 5.958646696891219], [-75.49626512122485, 5.968162400304384], [-75.49257522697016, 5.967631493072258], [-75.49077508359187, 5.9724005421157935], [-75.48029503964418, 5.9771738371840035], [-75.47997410473393, 5.988629366619166], [-75.47458228425442, 5.989562594313199], [-75.47115394639324, 5.99589692621353], [-75.45849048503928, 6.001210855723313], [-75.45571726782333, 6.026137188256311], [-75.4526640841467, 6.028427871940908], [-75.45030899754855, 6.036986013436679], [-75.44406193459287, 6.0411182879146255], [-75.44498657701016, 6.059644743223869], [-75.43824855182812, 6.065501975915198], [-75.43341906744112, 6.062713530930268], [-75.42711144600162, 6.067145214995891], [-75.41718686991213, 6.068539740280871]]]}}, {"id": "24", "type": "Feature", "properties": {"municipality": "Salgar"}, "geometry": {"type": "Polygon", "coordinates": [[[-75.99952174913635, 6.070458303771456], [-75.97689847368328, 6.047698981599612], [-75.97000233221017, 6.051130133675894], [-75.9675524763492, 6.048382504566617], [-75.96514999267072, 6.049532990052722], [-75.96128571663708, 6.044545300024424], [-75.9481363509603, 6.045418314639082], [-75.94275931516358, 6.044310761835484], [-75.94021670415259, 6.040708536791261], [-75.93838068887128, 6.030608851931977], [-75.94226539220226, 6.0185980641187555], [-75.93944332069175, 5.998681137581284], [-75.94634513661009, 5.992287356809421], [-75.94347569224298, 5.978833452140768], [-75.93936778412107, 5.973703640056771], [-75.92569731712985, 5.967227088750188], [-75.9202832700642, 5.967105273614707], [-75.910375564634, 5.9716869078144175], [-75.89621106466207, 5.956960702132847], [-75.8874064721479, 5.956967469422498], [-75.87139442871782, 5.950139002755799], [-75.86675865200701, 5.9498750677179135], [-75.8578094019622, 5.956220502412833], [-75.84881024081668, 5.956535191314015], [-75.85589193597829, 5.938181905129543], [-75.8630759460467, 5.930980347186623], [-75.8646489167495, 5.920300348614281], [-75.87772597538195, 5.9183358927236025], [-75.88529671505381, 5.907258544743679], [-75.88976207770233, 5.9099352107414935], [-75.89303923303109, 5.905335691721654], [-75.89094389755685, 5.899330770352528], [-75.90083924618658, 5.895721427682149], [-75.91429282973002, 5.8690314573378215], [-75.91425953433296, 5.863049194128181], [-75.92482668153434, 5.8622500661609935], [-75.93621951528016, 5.870883079895336], [-75.94113214826716, 5.887313039193891], [-75.9427309026747, 5.9151257840220355], [-75.94984300268439, 5.915315887699704], [-75.9534102361947, 5.910462661678844], [-75.97089974162778, 5.900935129653168], [-75.98052791571263, 5.903853775623952], [-75.9956578158533, 5.913436085165828], [-75.99909042174001, 5.91008507773813], [-76.00689584008384, 5.910454100361604], [-76.01320279777153, 5.903375547355457], [-76.01937556375336, 5.908027488826805], [-76.02236130464557, 5.917767485633365], [-76.03056929496569, 5.917901680296349], [-76.03267161427443, 5.923671872047556], [-76.0385983651404, 5.928424456868041], [-76.04573283107773, 5.927842962269951], [-76.05386437714682, 5.931563323376208], [-76.05596413537562, 5.944818054885496], [-76.0511279915733, 5.951328246331078], [-76.06727946729596, 5.961372542409859], [-76.06678196716601, 5.978117745561155], [-76.07149559319679, 5.984691434546664], [-76.07961783608037, 5.988349533691794], [-76.0858490179405, 5.987419509125845], [-76.08888710216051, 5.999987282006605], [-76.09696478407025, 6.0035161290496], [-76.083206215978, 6.016932154849456], [-76.08474452581127, 6.02426757715512], [-76.07690036698885, 6.032891918692103], [-76.06703137256167, 6.030519007565433], [-76.05528023469351, 6.037039031224391], [-76.05915002680217, 6.044955860726545], [-76.05784696883289, 6.051442267392897], [-76.05087629899903, 6.052146526201688], [-76.04506594855849, 6.048354559995033], [-76.0277878260479, 6.048634004002509], [-76.02119486855189, 6.054472873098849], [-76.013122714156, 6.057355824833764], [-76.01436963331841, 6.060789020927507], [-76.00802934741287, 6.067572702028861], [-75.99952174913635, 6.070458303771456]]]}}, {"id": "25", "type": "Feature", "properties": {"municipality": "Amag\u00e1"}, "geometry": {"type": "Polygon", "coordinates": [[[-75.67648788982402, 6.086913401558362], [-75.6714847380849, 6.077609446937778], [-75.67155302201576, 6.054801536892671], [-75.6772628576323, 6.053813043623522], [-75.68424082357429, 6.046431880088807], [-75.67089611605368, 6.037199498262604], [-75.66026298065587, 6.015627127656607], [-75.66494422272856, 6.011053549418284], [-75.6684754771591, 6.000277696853853], [-75.67951455501982, 5.996346254124783], [-75.6898937113572, 5.985079406908714], [-75.69415170094605, 5.985557395032749], [-75.70213528839871, 5.980738783608309], [-75.70551696767912, 5.9829628907250365], [-75.71120729397184, 5.981402114080544], [-75.7173092210979, 5.985256091236681], [-75.7361890466949, 6.0053621821975165], [-75.74297841876981, 6.001642334304314], [-75.75750229998025, 6.001538282626507], [-75.76180310293395, 5.998139260745896], [-75.7644304084014, 6.000835933864053], [-75.76709289285272, 6.000016755620517], [-75.76078079135712, 6.01727942825042], [-75.75756928099999, 6.018864544320172], [-75.75221951461285, 6.030034655773959], [-75.74322068060009, 6.035788959364347], [-75.73849835673418, 6.033733260673247], [-75.73904710440196, 6.038716877944051], [-75.73398089224568, 6.044235082294126], [-75.73819108628052, 6.047518658782042], [-75.73911986520048, 6.063823372421525], [-75.74591475178167, 6.064868826401612], [-75.74665871409312, 6.069677403701733], [-75.73283023060034, 6.074275891855874], [-75.72325348983766, 6.0821684483071605], [-75.7142629118751, 6.074531820073735], [-75.70818663491578, 6.072814611643754], [-75.70021530531494, 6.0858769498036], [-75.67648788982402, 6.086913401558362]]]}}, {"id": "26", "type": "Feature", "properties": {"municipality": "Caldas"}, "geometry": {"type": "Polygon", "coordinates": [[[-75.60585421575895, 6.116628847000487], [-75.576875033596, 6.10758028319795], [-75.57040550014209, 6.100616333168991], [-75.58349445006496, 6.085306994420154], [-75.587741956839, 6.071424562796506], [-75.58115069484256, 6.0621324439823745], [-75.58235500555939, 6.0550023455746524], [-75.57988633212247, 6.0485502720331406], [-75.57434849612223, 6.044200455811021], [-75.57130745155625, 6.0227006916595345], [-75.5806911307247, 6.018209038273245], [-75.59156222402096, 6.006567659091286], [-75.59970987344347, 6.005524908705387], [-75.60453459414597, 5.99310143204401], [-75.60171788329134, 5.987020055860611], [-75.61361619001387, 5.978253346117959], [-75.61438490417255, 5.981837235746467], [-75.62518717632126, 5.987218252936203], [-75.63124859278807, 5.995752525391454], [-75.64841224329498, 5.994775822207011], [-75.64895729501605, 5.991699384560198], [-75.65418148892246, 5.989952116382988], [-75.6658238967892, 5.998731479962396], [-75.67041994319231, 5.9986128703606], [-75.66391020901395, 6.0128029209756075], [-75.66026298065587, 6.015627127656607], [-75.67089611605368, 6.037199498262604], [-75.68424082357429, 6.046431880088807], [-75.6772628576323, 6.053813043623522], [-75.67174811900409, 6.054495884224302], [-75.6726206363421, 6.0592703408881325], [-75.67017542070867, 6.062279165682339], [-75.67155410579755, 6.0778869175965], [-75.67698211099888, 6.087985317405118], [-75.67326518705825, 6.093322994018644], [-75.678790261206, 6.108070145148225], [-75.67600662123662, 6.116901212759213], [-75.66702867269083, 6.119862247767206], [-75.66351458437116, 6.111943531747169], [-75.65759120521342, 6.108635655120402], [-75.63463633749204, 6.112895525075084], [-75.62942393356356, 6.106029776932074], [-75.60585421575895, 6.116628847000487]]]}}, {"id": "27", "type": "Feature", "properties": {"municipality": "Cocorn\u00e1"}, "geometry": {"type": "Polygon", "coordinates": [[[-75.08492746974554, 6.02033462219851], [-75.07789900938619, 6.015016595883027], [-75.07827249182321, 6.009383223043036], [-75.06879824247164, 5.999172755052112], [-75.10119911182431, 5.993962359707681], [-75.10166781460156, 5.97926980911585], [-75.11706224708679, 5.975613262107952], [-75.11972051863268, 5.966737440356751], [-75.1152573214118, 5.952448797680045], [-75.11066914377729, 5.946760245723821], [-75.11277179770127, 5.9411597364321], [-75.11065100771668, 5.937921719917738], [-75.08687505682765, 5.928115400401483], [-75.08375727294957, 5.922333245486776], [-75.08387129985148, 5.91344763816731], [-75.08152331242515, 5.912200404961978], [-75.06634031879007, 5.916970201756169], [-75.06166190661772, 5.915415775744236], [-75.0554394751219, 5.91921400575505], [-75.05973998231734, 5.912769939025067], [-75.06468829630782, 5.910587238268288], [-75.066455940795, 5.900585088865884], [-75.07380590086906, 5.8926776921289035], [-75.09141061029929, 5.890486534302662], [-75.10160510206667, 5.8933692211582], [-75.10973788424398, 5.8838723331279175], [-75.11747485221825, 5.885266629116413], [-75.13450711461293, 5.88250537611952], [-75.14366571619463, 5.871761107413523], [-75.14478661969635, 5.8653637583644365], [-75.15225019582913, 5.865637148894903], [-75.15733526997616, 5.861563621799198], [-75.1657010356713, 5.861372248137709], [-75.16299446511748, 5.8705035094280476], [-75.16690862534863, 5.872838365623904], [-75.15683416157081, 5.892124079115622], [-75.15480127372204, 5.904726959019496], [-75.15835706557736, 5.912530028994348], [-75.15372601366562, 5.921256047928324], [-75.15546197291945, 5.927730181457131], [-75.16044023058409, 5.927441436325086], [-75.17232262672637, 5.935368491173351], [-75.17804928081476, 5.948897042578538], [-75.18558266360665, 5.954834975724829], [-75.1786440133404, 5.96063688954636], [-75.18307589390058, 5.966015746374872], [-75.1816456310121, 5.970536364501903], [-75.18568173113358, 5.975018660358253], [-75.18187484564154, 5.988434469854274], [-75.19194881004535, 6.000354491042651], [-75.20391829261489, 6.004691881891729], [-75.21376015624209, 6.0137732291793], [-75.21331606608477, 6.0188914234192845], [-75.22325248325764, 6.028882105662296], [-75.22168988876226, 6.039861911971693], [-75.2273613343402, 6.0518472572094355], [-75.24274930915662, 6.056507431304065], [-75.24639702286869, 6.050194721238077], [-75.25208274457103, 6.049697017277717], [-75.25487623216527, 6.054303654009071], [-75.26857240947255, 6.05550290257717], [-75.26115350079134, 6.075233752525005], [-75.26464900865902, 6.077177995251765], [-75.26484211791899, 6.080241775951898], [-75.26848717530613, 6.080083054899134], [-75.26125559699638, 6.0858613793207], [-75.25602036626651, 6.097762098912694], [-75.25129509945594, 6.096489648021957], [-75.2498571591955, 6.1011865895648825], [-75.23990542509544, 6.103277933453024], [-75.23541128754792, 6.111826816137995], [-75.22896647258328, 6.1134982218172444], [-75.23007291108524, 6.121547695071681], [-75.22741636646592, 6.123941087021439], [-75.21908376142471, 6.117373790846004], [-75.21985455255307, 6.113512464733887], [-75.21090909866335, 6.104677595831348], [-75.1930525992361, 6.1070674806000556], [-75.18852866676207, 6.096209326331337], [-75.18368195161446, 6.092703402714124], [-75.18350954869663, 6.0992379880456], [-75.17762027020747, 6.100377008497355], [-75.17538555609495, 6.098378892454015], [-75.17473799992842, 6.102541199973169], [-75.16689098149432, 6.101149330765321], [-75.15614028718718, 6.081956406568451], [-75.15821147771192, 6.07300175030039], [-75.15607876625504, 6.064805847126155], [-75.14512127154813, 6.062960228371], [-75.14361060058032, 6.057813008404781], [-75.13784134109704, 6.054285831852268], [-75.13696638181094, 6.0510662571833365], [-75.12017127093067, 6.042644774985985], [-75.1197542987873, 6.039869517260861], [-75.10816109256925, 6.041523733745699], [-75.10736816061927, 6.035754473422059], [-75.10343084575582, 6.031236131741163], [-75.10002670888893, 6.032063241259066], [-75.09427111968331, 6.02816010314035], [-75.09013306460334, 6.018664063632155], [-75.08492746974554, 6.02033462219851]]]}}, {"id": "28", "type": "Feature", "properties": {"municipality": "San Luis"}, "geometry": {"type": "Polygon", "coordinates": [[[-75.06779873387534, 5.99667862196249], [-75.07827249182321, 6.009383223043036], [-75.07789900938619, 6.015016595883027], [-75.08492746974554, 6.02033462219851], [-75.0831205524675, 6.023874873304694], [-75.08728005058464, 6.0359536655490995], [-75.08329183916531, 6.0355609373174985], [-75.08536708083521, 6.044076599303609], [-75.0807205691258, 6.05585288971112], [-75.07814908053363, 6.052867339451249], [-75.07388241989297, 6.053823166337954], [-75.076798946387, 6.065515025417962], [-75.07359552248839, 6.067061592143589], [-75.07594348855491, 6.070596744427698], [-75.07131084779967, 6.0777963420876535], [-75.07364859893839, 6.079556788582364], [-75.07082580495953, 6.084088752797093], [-75.07316328607095, 6.088424674594246], [-75.07223410833912, 6.100508457482148], [-75.06514405317408, 6.107989590936274], [-75.06693020243173, 6.112654857995617], [-75.06035192990517, 6.12913563679864], [-75.05168475830374, 6.127474358806429], [-75.05121107010417, 6.124851215937651], [-75.04305248066173, 6.120684265048688], [-75.03799242234149, 6.121011952169742], [-75.03299813628576, 6.125002491806914], [-75.0305698662225, 6.1213580490662], [-75.02367242719482, 6.118640586202547], [-75.01481148805203, 6.125658664024761], [-75.00638034917417, 6.123920519685023], [-74.99054648660298, 6.114054723747869], [-74.98490033470578, 6.1134757628253125], [-74.98186130101688, 6.109770130828878], [-74.97502479013038, 6.110058355676039], [-74.96289241949957, 6.10110452140719], [-74.95489169065395, 6.100123271539787], [-74.94436397331395, 6.0866340773033425], [-74.94160898384018, 6.0719314035215755], [-74.93286975376748, 6.069651585165577], [-74.93156594296389, 6.063887408899322], [-74.92546150896753, 6.064114507323642], [-74.92133434697425, 6.0533935448713185], [-74.92096047456903, 6.044156751155527], [-74.91879629051755, 6.042939706876879], [-74.90238281403053, 6.05256616253253], [-74.89354821516129, 6.05292732195362], [-74.88714835499994, 6.06564307322023], [-74.87531016738122, 6.0603174497870285], [-74.86628365720823, 6.0643943371548], [-74.84592656854637, 6.064819500917495], [-74.8211221613348, 6.084403860691508], [-74.81759269636511, 6.105517932341669], [-74.80187024417138, 6.099094190038518], [-74.80112626002064, 6.083836037572059], [-74.79622012410643, 6.082058124908768], [-74.7939276027828, 6.074236150126121], [-74.78990754555005, 6.0745208735885505], [-74.78939706607095, 6.068123318825692], [-74.78074239857821, 6.061799019791684], [-74.78118507845075, 6.057975903036369], [-74.7790613119371, 6.059950311312633], [-74.77389643767587, 6.05627408585425], [-74.76915454856537, 6.057968105113634], [-74.76548823045057, 6.049884566441754], [-74.76790615501652, 6.0453502889027515], [-74.76635493919157, 6.042528195798456], [-74.77163804862646, 6.034095424503352], [-74.77226852348254, 6.024717965713553], [-74.77555885453017, 6.024024700225012], [-74.77211455496024, 6.017519210672757], [-74.7730829924389, 6.00355811232041], [-74.7690513967123, 5.993729496957228], [-74.77203761436375, 5.987176687878082], [-74.79172818487251, 5.988334315044972], [-74.8012550426953, 5.983801298978227], [-74.80445567676793, 5.971333651328076], [-74.80709734623193, 5.968858682422], [-74.81442948084103, 5.96981819077326], [-74.81498104545405, 5.959818407977911], [-74.8229222619052, 5.955973713781622], [-74.82456878537687, 5.950596556740905], [-74.8281069894474, 5.948715046941753], [-74.82787940737778, 5.944882092382181], [-74.83631588676018, 5.9430247965873155], [-74.8467403913716, 5.933165763798716], [-74.84408560821876, 5.926495900319935], [-74.92419222265114, 5.951235555359637], [-74.93943866623859, 5.96347348267446], [-74.95373814496008, 5.953051218667943], [-74.96182717681313, 5.9328291920005585], [-74.97700367572142, 5.915825984477015], [-74.98355182845066, 5.913089877825451], [-75.00255197767704, 5.922424228690095], [-75.00314593445522, 5.924819565694441], [-75.00961669756363, 5.924824562907338], [-75.01300053166966, 5.933621171557926], [-75.01839897937579, 5.939423620882413], [-75.03211746142964, 5.944481429612016], [-75.03980417183976, 5.951906500407156], [-75.04479175201104, 5.966059241497219], [-75.05649140415817, 5.971261554477938], [-75.06294348462306, 5.981031301243126], [-75.07029578575943, 5.984491057268506], [-75.07095180545554, 5.995621041406179], [-75.06779873387534, 5.99667862196249]]]}}, {"id": "29", "type": "Feature", "properties": {"municipality": "Titirib\u00ed"}, "geometry": {"type": "Polygon", "coordinates": [[[-75.76607577597635, 6.135172189056128], [-75.76803549922522, 6.1236646199638765], [-75.76267180237141, 6.121728115348097], [-75.76230493422034, 6.101903332069913], [-75.75081129692386, 6.091194512659039], [-75.74735624017471, 6.0801791971963945], [-75.7492045096245, 6.070747449399344], [-75.74616552206056, 6.065114951640698], [-75.73911986520048, 6.063823372421525], [-75.73819108628052, 6.047518658782042], [-75.73398089224568, 6.044235082294126], [-75.73904710440196, 6.038716877944051], [-75.73849835673418, 6.033733260673247], [-75.74293998256694, 6.035838491706561], [-75.75040323728575, 6.032428842295222], [-75.75756928099999, 6.018864544320172], [-75.76078079135712, 6.01727942825042], [-75.76709289285272, 6.000016755620517], [-75.77338020838802, 5.996012975027073], [-75.78640292576539, 5.996569001566368], [-75.79634311377967, 6.004304595139167], [-75.81288245417939, 5.997724951004099], [-75.82217394422186, 6.000870888359197], [-75.8305387244017, 6.010586713783319], [-75.84076180203735, 6.008830842011298], [-75.84796435526304, 6.028816216997504], [-75.86359270719294, 6.0437850062446845], [-75.86580995909848, 6.053622308165445], [-75.85943886760292, 6.067557315364581], [-75.86095445777126, 6.073170613422244], [-75.85552359402983, 6.086796887748263], [-75.85492016473692, 6.099637302172962], [-75.84422985559179, 6.099092046035756], [-75.83498896837082, 6.101733803940158], [-75.82960579474052, 6.100050800978234], [-75.82080234888363, 6.104958709575518], [-75.80374604127931, 6.103964104052324], [-75.79429987526467, 6.119759946390757], [-75.76607577597635, 6.135172189056128]]]}}, {"id": "30", "type": "Feature", "properties": {"municipality": "Carmen De Viboral"}, "geometry": {"type": "Polygon", "coordinates": [[[-75.29616049881731, 6.084757057445607], [-75.28620534114904, 6.078703191152167], [-75.28400428485756, 6.074173637050561], [-75.28160788066016, 6.075024208049738], [-75.27972602680036, 6.07078943275668], [-75.28149507132215, 6.06754115557834], [-75.27329567062012, 6.063281713752384], [-75.26857240947255, 6.05550290257717], [-75.25487623216527, 6.054303654009071], [-75.25208274457103, 6.049697017277717], [-75.24639702286869, 6.050194721238077], [-75.24274930915662, 6.056507431304065], [-75.22632388948595, 6.050843124675154], [-75.22168988876226, 6.039861911971693], [-75.22325248325764, 6.028882105662296], [-75.21331606608477, 6.0188914234192845], [-75.21376015624209, 6.0137732291793], [-75.20391829261489, 6.004691881891729], [-75.19194881004535, 6.000354491042651], [-75.18187484564154, 5.988434469854274], [-75.18568173113358, 5.975018660358253], [-75.1816456310121, 5.970536364501903], [-75.18307589390058, 5.966015746374872], [-75.1786440133404, 5.96063688954636], [-75.1852389835349, 5.954048304161677], [-75.17804928081476, 5.948897042578538], [-75.17232262672637, 5.935368491173351], [-75.16044023058409, 5.927441436325086], [-75.15546197291945, 5.927730181457131], [-75.15372601366562, 5.921256047928324], [-75.15835706557736, 5.912530028994348], [-75.15480127372204, 5.904726959019496], [-75.15683416157081, 5.892124079115622], [-75.1653793188498, 5.8737561982531785], [-75.18403956898209, 5.867011062608707], [-75.20978949292832, 5.872178163388443], [-75.20933782438077, 5.860483117054959], [-75.22019866024907, 5.85052042133827], [-75.23209069232004, 5.84736030072859], [-75.23308862462297, 5.839243779983907], [-75.2376624839215, 5.833705253421149], [-75.23749616225292, 5.82818335812306], [-75.24310121843496, 5.818586572879256], [-75.24681020082883, 5.815526244959941], [-75.2638415875582, 5.811268396589543], [-75.26813269921277, 5.812848459160497], [-75.26445697974971, 5.823110535938781], [-75.27037804781227, 5.83202540232287], [-75.26617009829829, 5.8380795256632325], [-75.26595387925602, 5.850603582814689], [-75.26883598610252, 5.8567213880952], [-75.27655710258185, 5.857756112418559], [-75.27933922012606, 5.868650601997432], [-75.28469796292987, 5.873925231014125], [-75.28222749323471, 5.8775353461261375], [-75.28568543619525, 5.892811731595513], [-75.2903701108138, 5.898738632027477], [-75.28925673765308, 5.9087769662553855], [-75.29447162056468, 5.915877636329097], [-75.29095673428091, 5.93010645891004], [-75.28605670378975, 5.932528058305192], [-75.28934788241948, 5.943581784214203], [-75.2886428425457, 5.955002357673204], [-75.29313096811987, 5.960413291396413], [-75.29784824774549, 5.958950247906822], [-75.30043678880331, 5.952239512999685], [-75.3148480702503, 5.9491664879501736], [-75.31729678283236, 5.95325985972397], [-75.31984931670144, 5.953211696121639], [-75.31844301520375, 5.9579362919097125], [-75.32038871977818, 5.963580762775126], [-75.32448240705374, 5.9638360168567655], [-75.33379468609192, 5.983898569837152], [-75.33393121769637, 5.989111674901056], [-75.3451782297276, 6.002095987619685], [-75.34247632121209, 6.007494753765427], [-75.33439152280059, 6.010066168328332], [-75.34249639811225, 6.034301459287949], [-75.3514742566593, 6.036628850381627], [-75.35421029689887, 6.032015880823061], [-75.36272321466613, 6.031792068947949], [-75.3739016408299, 6.046524120672478], [-75.3714049160963, 6.050463299006368], [-75.37254658044154, 6.054387124756652], [-75.3865835628897, 6.057014751356911], [-75.38540558742491, 6.07341207703888], [-75.3809890707305, 6.0788153665510345], [-75.38051005588817, 6.087327457558036], [-75.3828524384475, 6.092888818409998], [-75.38694801418566, 6.094991691931015], [-75.39068432958001, 6.105410264316046], [-75.38162135960707, 6.117421041153148], [-75.37382924339711, 6.120395109715365], [-75.3657112533521, 6.11847794884417], [-75.35368263604757, 6.122871508379455], [-75.3545821953781, 6.133719650388472], [-75.34944686927152, 6.145983521393028], [-75.34482707381467, 6.1404649484187575], [-75.34521133860916, 6.127871320124719], [-75.3477632894804, 6.125415048699088], [-75.34556424455113, 6.122612521226903], [-75.32906855891004, 6.117221278154023], [-75.31923497061233, 6.1107443586034265], [-75.30719838196882, 6.11163174527473], [-75.30412720758267, 6.113712392916587], [-75.30853417028274, 6.117270963250366], [-75.30982099748087, 6.126778029946022], [-75.30731241464575, 6.133765627266025], [-75.30902608039536, 6.139661542833677], [-75.30549997706967, 6.144819099777697], [-75.29819815467928, 6.131063143053712], [-75.30199738785683, 6.120449972803368], [-75.29974786865289, 6.1103791682409945], [-75.29513675429962, 6.109506581417497], [-75.29046559812834, 6.104775383274454], [-75.28675017664787, 6.0969260852489375], [-75.2876235061858, 6.093068750196243], [-75.29411674865423, 6.089228757305383], [-75.29616049881731, 6.084757057445607]]]}}, {"id": "31", "type": "Feature", "properties": {"municipality": "El Retiro"}, "geometry": {"type": "Polygon", "coordinates": [[[-75.47589534367619, 6.158020732880639], [-75.47638393755302, 6.148472627267156], [-75.47337337743483, 6.144933729147238], [-75.47681623578836, 6.142202773397979], [-75.4736409250632, 6.121019933689472], [-75.47671828928615, 6.114906484870841], [-75.47338971900925, 6.112221228840977], [-75.47147468763995, 6.119538265886344], [-75.45985590255714, 6.111941767594385], [-75.45871337201578, 6.10902810407615], [-75.46777688005423, 6.102414064656332], [-75.45572410486218, 6.096855667208814], [-75.44610494990904, 6.0792074530489275], [-75.45124529786925, 6.072101772264151], [-75.44535339469834, 6.068864345092766], [-75.44883032161117, 6.064466519657803], [-75.44461089968824, 6.0603868426885965], [-75.44406193459287, 6.0411182879146255], [-75.45030899754855, 6.036986013436679], [-75.4526640841467, 6.028427871940908], [-75.45571726782333, 6.026137188256311], [-75.45528506099636, 6.01733118986003], [-75.45884719582169, 6.012699160886899], [-75.45844739323002, 6.0013098529891735], [-75.47115394639324, 5.99589692621353], [-75.47458228425442, 5.989562594313199], [-75.47997410473393, 5.988629366619166], [-75.47980258119807, 5.977705797608947], [-75.49077508359187, 5.9724005421157935], [-75.49257522697016, 5.967631493072258], [-75.49626512122485, 5.968162400304384], [-75.50608146028848, 5.959449819223592], [-75.50969793160397, 5.962769384876815], [-75.51590986493372, 5.961039630789017], [-75.51709967843962, 5.963593561194901], [-75.52870983290066, 5.961274560728247], [-75.53258241075763, 5.9645408653424905], [-75.5343633419148, 5.971869206245718], [-75.54030483011735, 5.968534697315728], [-75.54260109511597, 5.972884717271865], [-75.54930800511242, 5.972263284386036], [-75.55279408259203, 5.969072766605775], [-75.56323189271991, 5.975352515055492], [-75.56324300677588, 5.97855355812145], [-75.56806283111442, 5.983383190413434], [-75.57508460830894, 5.982205239556662], [-75.57680579367997, 5.988098029889409], [-75.5933212662065, 5.992611107810736], [-75.5920966596859, 6.006268472654445], [-75.57068219089219, 6.024918312618284], [-75.57434849612223, 6.044200455811021], [-75.57988633212247, 6.0485502720331406], [-75.58235500555939, 6.0550023455746524], [-75.58115069484256, 6.0621324439823745], [-75.587741956839, 6.071424562796506], [-75.58680221079746, 6.078108363897537], [-75.5759805956769, 6.096575636756052], [-75.56869902773386, 6.100527237053948], [-75.56611512195282, 6.105945294260884], [-75.55524656970806, 6.104324088280801], [-75.54957234578454, 6.1065615664665716], [-75.54621013849894, 6.115201772170986], [-75.54298797713618, 6.116485966135177], [-75.54253364064618, 6.132100574469719], [-75.53727044265753, 6.126345961756921], [-75.5300687038288, 6.135071961557306], [-75.52393141897582, 6.132914752796474], [-75.52395303653947, 6.136330853422721], [-75.51493575694778, 6.142684093443067], [-75.5173024796742, 6.14888800481998], [-75.50843707345308, 6.150016271446417], [-75.50869476788938, 6.154640137119112], [-75.50072574247676, 6.155097250980267], [-75.49768086594081, 6.1529724840279885], [-75.48735084905805, 6.16117014585829], [-75.47589534367619, 6.158020732880639]]]}}, {"id": "32", "type": "Feature", "properties": {"municipality": "Sabaneta"}, "geometry": {"type": "Polygon", "coordinates": [[[-75.60495841341113, 6.163043001574021], [-75.60196478128968, 6.160119683091558], [-75.60439445276052, 6.157701566574749], [-75.60337551317201, 6.155148622745556], [-75.59657636202512, 6.148444845547874], [-75.59717640636997, 6.145439424683693], [-75.59079904236272, 6.1445921758309385], [-75.59261717596915, 6.134269307686498], [-75.58855387783447, 6.12165469309653], [-75.59031887661432, 6.112729265179099], [-75.60570780617714, 6.11653432927804], [-75.61346519898257, 6.126007872354338], [-75.62547435380715, 6.131834868226921], [-75.63014772422041, 6.146700604264704], [-75.634011573017, 6.14978582783974], [-75.60495841341113, 6.163043001574021]]]}}, {"id": "33", "type": "Feature", "properties": {"municipality": "Santuario"}, "geometry": {"type": "Polygon", "coordinates": [[[-75.23343338237473, 6.1636097202978855], [-75.22098060362637, 6.1462553156111595], [-75.21285069572235, 6.142265689269193], [-75.20434763341221, 6.1424282035888345], [-75.19858499520183, 6.125466716407466], [-75.19473409019918, 6.125272202774045], [-75.19272337076337, 6.12106270861123], [-75.18199471267631, 6.120305676291959], [-75.17635312687361, 6.112735342435041], [-75.16948678563517, 6.108699440233012], [-75.16689098149432, 6.101149330765321], [-75.17473799992842, 6.102541199973169], [-75.17538555609495, 6.098378892454015], [-75.17762027020747, 6.100377008497355], [-75.18350954869663, 6.0992379880456], [-75.18368195161446, 6.092703402714124], [-75.18852866676207, 6.096209326331337], [-75.1930525992361, 6.1070674806000556], [-75.21090909866335, 6.104677595831348], [-75.21985455255307, 6.113512464733887], [-75.21895204538117, 6.117132404509104], [-75.22231278689951, 6.118329678358676], [-75.22224485793427, 6.1209730527985995], [-75.22904299739298, 6.1242992331840345], [-75.22896647258328, 6.1134982218172444], [-75.23541128754792, 6.111826816137995], [-75.23990542509544, 6.103277933453024], [-75.2498571591955, 6.1011865895648825], [-75.25129509945594, 6.096489648021957], [-75.25602036626651, 6.097762098912694], [-75.26125559699638, 6.0858613793207], [-75.26848717530613, 6.080083054899134], [-75.26484211791899, 6.080241775951898], [-75.26464900865902, 6.077177995251765], [-75.26115350079134, 6.075233752525005], [-75.26697593235086, 6.0630289946308835], [-75.26566822554989, 6.058881416350807], [-75.26914717807009, 6.056488641380349], [-75.27329567062012, 6.063281713752384], [-75.28149507132215, 6.06754115557834], [-75.27972602680036, 6.07078943275668], [-75.28160788066016, 6.075024208049738], [-75.28400428485756, 6.074173637050561], [-75.28620534114904, 6.078703191152167], [-75.29626636416222, 6.084063059666147], [-75.29411674865423, 6.089228757305383], [-75.28750077017737, 6.093227587300976], [-75.28676029993836, 6.096990194738325], [-75.29046559812834, 6.104775383274454], [-75.29513675429962, 6.109506581417497], [-75.29974786865289, 6.1103791682409945], [-75.30199738785683, 6.120449972803368], [-75.29819815467928, 6.131063143053712], [-75.30273455276978, 6.13673096935209], [-75.30288932359288, 6.141779712568425], [-75.30540746966608, 6.144790636333849], [-75.30801189567889, 6.144164435218879], [-75.31133444876355, 6.151976691745623], [-75.30570291504094, 6.15369525541], [-75.29351126722953, 6.15101115391466], [-75.28831014467022, 6.1579939770556855], [-75.28281566507347, 6.155400730851627], [-75.27664977420035, 6.160784335629653], [-75.27054256944005, 6.161014921194486], [-75.26775666179081, 6.169059398150867], [-75.25662166487523, 6.168651189742898], [-75.25075678833018, 6.172380770986559], [-75.24566115035768, 6.1722910841220395], [-75.23343338237473, 6.1636097202978855]]]}}, {"id": "34", "type": "Feature", "properties": {"municipality": "Concordia"}, "geometry": {"type": "Polygon", "coordinates": [[[-75.8948312816502, 6.169542648373464], [-75.86610188459078, 6.164070627701644], [-75.84774162067443, 6.169255195040141], [-75.84187814515714, 6.1662326772541185], [-75.84446733086568, 6.15592548709741], [-75.8431913209001, 6.146572207846016], [-75.84641575861552, 6.1441075931556925], [-75.84458777357109, 6.13232479973604], [-75.85496103723004, 6.1160491323418], [-75.85462546583166, 6.090852493774445], [-75.86095445777126, 6.073170613422244], [-75.85974759919665, 6.066364490861116], [-75.8658380248512, 6.0540713729253035], [-75.86359270719294, 6.0437850062446845], [-75.84973254289778, 6.031707063856624], [-75.8446384766544, 6.0156670702140875], [-75.83393468490631, 6.002610133566573], [-75.83196691318692, 5.995979594626812], [-75.83455345776078, 5.979464247586274], [-75.84302644010482, 5.963925933173902], [-75.84881024081668, 5.956535191314015], [-75.8578094019622, 5.956220502412833], [-75.86709026202894, 5.9497532519194865], [-75.88794110939133, 5.957109588079329], [-75.89621106466207, 5.956960702132847], [-75.910375564634, 5.9716869078144175], [-75.9202832700642, 5.967105273614707], [-75.92569731712985, 5.967227088750188], [-75.93936778412107, 5.973703640056771], [-75.94347569224298, 5.978833452140768], [-75.94634513661009, 5.992287356809421], [-75.93944332069175, 5.998681137581284], [-75.94226539220226, 6.0185980641187555], [-75.93838068887128, 6.030608851931977], [-75.94021670415259, 6.040708536791261], [-75.94275931516358, 6.044310761835484], [-75.9481363509603, 6.045418314639082], [-75.96128571663708, 6.044545300024424], [-75.96514999267072, 6.049532990052722], [-75.9675524763492, 6.048382504566617], [-75.97000233221017, 6.051130133675894], [-75.97689847368328, 6.047698981599612], [-75.99854618900939, 6.069833746139154], [-75.99645217397527, 6.078337255133006], [-75.99273446063088, 6.077720004923379], [-75.98888105862137, 6.081135297270377], [-75.97856334313677, 6.080794744272009], [-75.97456715702235, 6.082747605169239], [-75.96900921193543, 6.091622992582253], [-75.96596684869775, 6.091600164593282], [-75.96690033831861, 6.103798820114644], [-75.95627220903786, 6.110566399091308], [-75.95334543790143, 6.119033130344782], [-75.94544511463282, 6.120378269863697], [-75.93617090832775, 6.115368788758543], [-75.92870437399061, 6.124795210802559], [-75.9202376431782, 6.122762151738944], [-75.91822287437473, 6.1363254732848045], [-75.90777734612733, 6.144036508343804], [-75.90448815817768, 6.157746222687545], [-75.8956204649928, 6.165727388824061], [-75.8948312816502, 6.169542648373464]]]}}, {"id": "35", "type": "Feature", "properties": {"municipality": "La Estrella"}, "geometry": {"type": "Polygon", "coordinates": [[[-75.65483505969499, 6.171897855090642], [-75.64764479162574, 6.17152215060053], [-75.64331668569311, 6.164609363883767], [-75.62499824099977, 6.160796051670624], [-75.62434576532928, 6.154026461626044], [-75.63401157275526, 6.150224901717728], [-75.6285904755399, 6.1432348489298745], [-75.62754548138061, 6.134457601606699], [-75.6200207326119, 6.127515684068836], [-75.61346519898257, 6.126007872354338], [-75.60617100320027, 6.116254399563776], [-75.62942393356356, 6.106029776932074], [-75.63463633749204, 6.112895525075084], [-75.65759120521342, 6.108635655120402], [-75.66351458437116, 6.111943531747169], [-75.66702867269083, 6.119862247767206], [-75.67249479639534, 6.118870346788522], [-75.6750702811663, 6.130747939437192], [-75.67834206580531, 6.134929994056815], [-75.67947103423188, 6.163823275302669], [-75.67455999303927, 6.167596871167821], [-75.66799881429236, 6.165100725069787], [-75.65483505969499, 6.171897855090642]]]}}, {"id": "36", "type": "Feature", "properties": {"municipality": "Angel\u00f3polis"}, "geometry": {"type": "Polygon", "coordinates": [[[-75.694050507171, 6.193998490986139], [-75.6896533382253, 6.193218515564544], [-75.68489332543588, 6.18702859688152], [-75.6813616297866, 6.177208253062819], [-75.68205261359063, 6.168539549256875], [-75.67797069074525, 6.150384357317212], [-75.67948323597366, 6.142305722060571], [-75.67701767992797, 6.1401542523752655], [-75.67834206580531, 6.134929994056815], [-75.6750702811663, 6.130747939437192], [-75.67249479639534, 6.118870346788522], [-75.67614033310124, 6.116700644001755], [-75.678790261206, 6.108070145148225], [-75.67381624333285, 6.091388897238746], [-75.68456228736738, 6.085292849429784], [-75.70021530531494, 6.0858769498036], [-75.70818663491578, 6.072814611643754], [-75.7142629118751, 6.074531820073735], [-75.72325348983766, 6.0821684483071605], [-75.73283023060034, 6.074275891855874], [-75.74728934460039, 6.068788272347667], [-75.7492045096245, 6.070747449399344], [-75.74735624017471, 6.0801791971963945], [-75.75081129692386, 6.091194512659039], [-75.76230493422034, 6.101903332069913], [-75.76267180237141, 6.121728115348097], [-75.76803549922522, 6.1236646199638765], [-75.76654415367113, 6.135336184810545], [-75.75555206468051, 6.145362971106615], [-75.7442619848308, 6.145092580378659], [-75.73350902300227, 6.158362897624756], [-75.73015576124924, 6.158088277380698], [-75.72135284571986, 6.149329927845454], [-75.70549290379675, 6.155391457197977], [-75.69703400100398, 6.1703307983470586], [-75.69650081956529, 6.190244806404034], [-75.694050507171, 6.193998490986139]]]}}, {"id": "37", "type": "Feature", "properties": {"municipality": "Envigado"}, "geometry": {"type": "Polygon", "coordinates": [[[-75.53250836821734, 6.197814563150406], [-75.51826222310497, 6.196222368358495], [-75.50210613591535, 6.189862590981991], [-75.4969689808903, 6.19228762496981], [-75.48473417578772, 6.190933051751286], [-75.48125947421836, 6.185135360363523], [-75.48539511285588, 6.181658196095339], [-75.48433209901488, 6.176553129547792], [-75.47382389151755, 6.169802458193213], [-75.47456094805985, 6.158971260260657], [-75.48740781762844, 6.161164182073592], [-75.49768086594081, 6.1529724840279885], [-75.50072574247676, 6.155097250980267], [-75.5087749667555, 6.15460404579424], [-75.50843707345308, 6.150016271446417], [-75.5173024796742, 6.14888800481998], [-75.51493575694778, 6.142684093443067], [-75.52395303653947, 6.136330853422721], [-75.52393141897582, 6.132914752796474], [-75.5300687038288, 6.135071961557306], [-75.53727044265753, 6.126345961756921], [-75.54322320176247, 6.13143491540111], [-75.54298797713618, 6.116485966135177], [-75.54621013849894, 6.115201772170986], [-75.55077029090077, 6.105400258384635], [-75.55901397493827, 6.104282848802349], [-75.56526910126988, 6.106417051359406], [-75.56884377230502, 6.1004128534792414], [-75.5726159834118, 6.101222804325369], [-75.576875033596, 6.10758028319795], [-75.59031887661432, 6.112729265179099], [-75.58855387783447, 6.12165469309653], [-75.59261717596915, 6.134269307686498], [-75.59079904236272, 6.1445921758309385], [-75.59703848237561, 6.145285079587144], [-75.59889060968035, 6.152480142131461], [-75.60337551317201, 6.155148622745556], [-75.60439445276052, 6.157701566574749], [-75.60196478128968, 6.160119683091558], [-75.60510222705629, 6.163211971451082], [-75.60209618727242, 6.170179155889693], [-75.58342948173397, 6.18877427797743], [-75.57972297012458, 6.183906846816528], [-75.57221636100391, 6.1803122000874176], [-75.54728238287132, 6.175201625043728], [-75.53951366881252, 6.170483450423074], [-75.53072109720503, 6.176823930602421], [-75.5328302368408, 6.1779387184199885], [-75.53044348535802, 6.181724670591478], [-75.53012093312537, 6.194988314282677], [-75.53250836821734, 6.197814563150406]]]}}, {"id": "38", "type": "Feature", "properties": {"municipality": "Itag\u00fc\u00ed"}, "geometry": {"type": "Polygon", "coordinates": [[[-75.60039330114508, 6.200253917089465], [-75.59231559403452, 6.196502291277696], [-75.59180252176687, 6.193076443802358], [-75.58724846606216, 6.196771802260176], [-75.58113023303126, 6.196390540135612], [-75.58376330202722, 6.188183932788525], [-75.60160583603658, 6.170773989837392], [-75.60455363999453, 6.163562293174652], [-75.62434576532928, 6.154026461626044], [-75.62499824099977, 6.160796051670624], [-75.63214720314681, 6.160795147212308], [-75.63616190875344, 6.164385830554742], [-75.64541830678017, 6.165571731320645], [-75.64764479162574, 6.17152215060053], [-75.63601444577198, 6.174313411808812], [-75.6369284700374, 6.180486008345098], [-75.62713002832996, 6.188365039607338], [-75.62948561682688, 6.196284046797108], [-75.60039330114508, 6.200253917089465]]]}}, {"id": "39", "type": "Feature", "properties": {"municipality": "Granada"}, "geometry": {"type": "Polygon", "coordinates": [[[-75.06190914983253, 6.1284189468390675], [-75.06109086680405, 6.124011566286101], [-75.06693020243173, 6.112654857995617], [-75.06514405317408, 6.107989590936274], [-75.07223410833912, 6.100508457482148], [-75.07316328607095, 6.088424674594246], [-75.07082580495953, 6.084088752797093], [-75.07364859893839, 6.079556788582364], [-75.07131084779967, 6.0777963420876535], [-75.07594348855491, 6.070596744427698], [-75.07359552248839, 6.067061592143589], [-75.076798946387, 6.065515025417962], [-75.07388241989297, 6.053823166337954], [-75.07814908053363, 6.052867339451249], [-75.08066094720978, 6.05588901159808], [-75.08461373404332, 6.048435509966765], [-75.08319542500382, 6.03587618114697], [-75.08728092405507, 6.035896048177631], [-75.08319345323119, 6.022841460784922], [-75.08981088041116, 6.018463097274057], [-75.09427111968331, 6.02816010314035], [-75.10002670888893, 6.032063241259066], [-75.10343084575582, 6.031236131741163], [-75.10736816061927, 6.035754473422059], [-75.10816109256925, 6.041523733745699], [-75.1197542987873, 6.039869517260861], [-75.12017127093067, 6.042644774985985], [-75.13696638181094, 6.0510662571833365], [-75.13784134109704, 6.054285831852268], [-75.14361060058032, 6.057813008404781], [-75.14512127154813, 6.062960228371], [-75.15607876625504, 6.064805847126155], [-75.15821147771192, 6.07300175030039], [-75.15614028718718, 6.081956406568451], [-75.16344756110554, 6.092079957718975], [-75.16948678563517, 6.108699440233012], [-75.18352806836097, 6.121245940053593], [-75.19272337076337, 6.12106270861123], [-75.19473409019918, 6.125272202774045], [-75.19836319428343, 6.125249100561295], [-75.20434763341221, 6.1424282035888345], [-75.21285069572235, 6.142265689269193], [-75.22098060362637, 6.1462553156111595], [-75.23343338237473, 6.1636097202978855], [-75.22682103602146, 6.163289141853539], [-75.21259987398363, 6.157153697855481], [-75.20932131143041, 6.158619035923435], [-75.21043876257866, 6.161612962883103], [-75.20734098838136, 6.168889820182674], [-75.19776529839204, 6.170521184862868], [-75.19557586979678, 6.17318763988094], [-75.18505730977766, 6.175450892597897], [-75.17964398208649, 6.164876284183004], [-75.17527894927615, 6.161774362905041], [-75.16331908806418, 6.171675230328137], [-75.1603778041837, 6.169468658121741], [-75.15680345709556, 6.17439528537027], [-75.14535524635615, 6.181103291383088], [-75.14571589272744, 6.188331861761148], [-75.13304402371348, 6.208086266171558], [-75.12958827743175, 6.221964607895023], [-75.12093553645038, 6.231009634393012], [-75.12085645198718, 6.219731846278523], [-75.11262395442192, 6.209956938762968], [-75.11338138276683, 6.204266673312636], [-75.10808574421719, 6.200804139828236], [-75.0909135481478, 6.173624388311359], [-75.07672612729601, 6.156924464094129], [-75.08140503936788, 6.154862050566646], [-75.08277177354813, 6.145553479380022], [-75.06808085626089, 6.140068391344952], [-75.06373959480365, 6.141858350308323], [-75.05945522903257, 6.131788723225096], [-75.06190914983253, 6.1284189468390675]]]}}, {"id": "40", "type": "Feature", "properties": {"municipality": "Rionegro"}, "geometry": {"type": "Polygon", "coordinates": [[[-75.37753942597112, 6.2338299520024645], [-75.37177891462926, 6.23333782325193], [-75.36798183985997, 6.22815745735203], [-75.34714728487043, 6.23344141110367], [-75.34309967183297, 6.229627564741358], [-75.3454703929015, 6.227368087041299], [-75.34426698623815, 6.223656430636249], [-75.33451534182167, 6.2271286936541586], [-75.32757549226865, 6.224489370222283], [-75.3307196717059, 6.218776859431862], [-75.32720037916206, 6.217559906762902], [-75.33051136540568, 6.213569182771804], [-75.32930537570891, 6.210137595050905], [-75.32743061316683, 6.211606710867708], [-75.3266302752644, 6.207933925750877], [-75.32213522827116, 6.206070126298385], [-75.32727712265032, 6.206212655229531], [-75.32520501560013, 6.201169429298298], [-75.3290532151331, 6.198669742786818], [-75.34507093282078, 6.2007089596397105], [-75.34416095996905, 6.197595320223727], [-75.34764736210487, 6.197408940379326], [-75.34738423719013, 6.192979671219162], [-75.36032120279933, 6.18544772627519], [-75.36412554772618, 6.174648649144523], [-75.35806902583907, 6.172627668733271], [-75.3565792157279, 6.1616242812324185], [-75.35269008664233, 6.158600019639437], [-75.35077063081273, 6.14804859434947], [-75.3545821953781, 6.133719650388472], [-75.35341544085195, 6.123236675048839], [-75.3657112533521, 6.11847794884417], [-75.3750759887527, 6.120062642888991], [-75.38162135960707, 6.117421041153148], [-75.38566425482195, 6.110574042450163], [-75.38858624527475, 6.110075869946702], [-75.39070349019583, 6.102885855705911], [-75.38694801418566, 6.094991691931015], [-75.3810178123396, 6.08976085098402], [-75.38026575854767, 6.081799626838966], [-75.38540558742491, 6.07341207703888], [-75.38670406094236, 6.057636470433112], [-75.40386325385795, 6.065173232736087], [-75.40573497180473, 6.062614672317596], [-75.40671571233648, 6.065013007709224], [-75.41727171034513, 6.068549125716828], [-75.42711144600162, 6.067145214995891], [-75.43341906744112, 6.062713530930268], [-75.43848436767999, 6.065417781117724], [-75.4439845088091, 6.058920849373119], [-75.4487849289119, 6.06396599441238], [-75.44576932191808, 6.06977426789596], [-75.45124529786925, 6.072101772264151], [-75.44611481741178, 6.079114548165647], [-75.44741592837491, 6.083721847833355], [-75.45572410486218, 6.096855667208814], [-75.46777688005423, 6.102414064656332], [-75.45871337201578, 6.10902810407615], [-75.45938886472116, 6.111315057845596], [-75.47147468763995, 6.119538265886344], [-75.47338971900925, 6.112221228840977], [-75.47671828928615, 6.114906484870841], [-75.4736409250632, 6.121019933689472], [-75.47681623578836, 6.142202773397979], [-75.47337337743483, 6.144933729147238], [-75.47638393755302, 6.148472627267156], [-75.47329415299666, 6.165743721817112], [-75.47474413229514, 6.170792805808459], [-75.48433209901488, 6.176553129547792], [-75.48539511285588, 6.181658196095339], [-75.48125947421836, 6.185135360363523], [-75.48555013616908, 6.192042087132383], [-75.48281284895424, 6.197980116258931], [-75.48593354306486, 6.205184700806038], [-75.47768327708263, 6.201108331751523], [-75.47503701239957, 6.1956171800598305], [-75.47106240023503, 6.197320493511397], [-75.46599647608139, 6.195024587033096], [-75.46409434512098, 6.198420794817263], [-75.45553650686969, 6.19913121103627], [-75.44994964590477, 6.201538066775419], [-75.44875684035848, 6.2046423312999295], [-75.43335773807414, 6.210254716693528], [-75.43419491170543, 6.205987111605375], [-75.4311112817918, 6.200828849038596], [-75.42342782913907, 6.199496447337223], [-75.41771588565112, 6.2055698395351255], [-75.41457878794317, 6.203841866690517], [-75.40876451173385, 6.214735602576075], [-75.39419055698642, 6.215220390739184], [-75.38934081654313, 6.21237948292686], [-75.38015908320727, 6.217025169023314], [-75.37869569642282, 6.221661343381193], [-75.38097757367815, 6.230709875344506], [-75.37753942597112, 6.2338299520024645]]]}}, {"id": "41", "type": "Feature", "properties": {"municipality": "Armenia"}, "geometry": {"type": "Polygon", "coordinates": [[[-75.85198261879621, 6.249001357438168], [-75.84283712022047, 6.23655175411657], [-75.8130209345637, 6.221455020658643], [-75.80615459873384, 6.208292528579454], [-75.79174116801939, 6.20102879641718], [-75.7815158127845, 6.184089894837553], [-75.76174961201806, 6.178664556261812], [-75.75617568228022, 6.18184373235984], [-75.74607833201038, 6.180886525288887], [-75.7413821315396, 6.171977909734142], [-75.74353555338077, 6.16038042888929], [-75.7486151837679, 6.157869908221945], [-75.74779256005283, 6.1456866134489845], [-75.75555206468051, 6.145362971106615], [-75.76654415367113, 6.135336184810545], [-75.79072995067932, 6.12251731272942], [-75.80374604127931, 6.103964104052324], [-75.82080234888363, 6.104958709575518], [-75.82960579474052, 6.100050800978234], [-75.85529001888621, 6.100443122765494], [-75.85496103723004, 6.1160491323418], [-75.84458777357109, 6.13232479973604], [-75.84641575861552, 6.1441075931556925], [-75.8431913209001, 6.146572207846016], [-75.84446733086568, 6.15592548709741], [-75.84151848470155, 6.168192510260127], [-75.84997979684579, 6.193613610766891], [-75.84430588742742, 6.209495603816001], [-75.84449171366249, 6.220595656232306], [-75.84793570289939, 6.223692771066579], [-75.85649612169702, 6.223965313763743], [-75.85917202684595, 6.23307082737775], [-75.85592625327793, 6.246165417030522], [-75.85198261879621, 6.249001357438168]]]}}, {"id": "42", "type": "Feature", "properties": {"municipality": "Marinilla"}, "geometry": {"type": "Polygon", "coordinates": [[[-75.31122357372723, 6.150442918762379], [-75.30762679790277, 6.144122125065419], [-75.30899423364542, 6.118553447802772], [-75.30412720758267, 6.113712392916587], [-75.31899482681978, 6.110695370226126], [-75.34730011238352, 6.124524315746142], [-75.34482707381467, 6.1404649484187575], [-75.34924946411728, 6.145871813932589], [-75.35141097687182, 6.144317092659921], [-75.35224370193517, 6.157322243695313], [-75.3565792157279, 6.1616242812324185], [-75.35806902583907, 6.172627668733271], [-75.36414747474218, 6.174769249334512], [-75.36006904199509, 6.185897231834141], [-75.34738423719013, 6.192979671219162], [-75.34764736210487, 6.197408940379326], [-75.34416095996905, 6.197595320223727], [-75.34507093282078, 6.2007089596397105], [-75.3290532151331, 6.198669742786818], [-75.32533657888877, 6.2009720841289635], [-75.32727712265032, 6.206212655229531], [-75.32213522827116, 6.206070126298385], [-75.3266302752644, 6.207933925750877], [-75.32743061316683, 6.211606710867708], [-75.32946982873803, 6.210334939093367], [-75.33047847433124, 6.213865197845762], [-75.32718941471735, 6.2178778479648615], [-75.33071967191265, 6.218974201335893], [-75.32754413141951, 6.224525958959097], [-75.32177055868775, 6.2279017711641895], [-75.32828959285548, 6.228701457995309], [-75.32857967654948, 6.23220598004816], [-75.30738595417455, 6.24146969777028], [-75.29865644989414, 6.263180647877109], [-75.2928582677895, 6.2589713911555185], [-75.28949922504198, 6.260755447153149], [-75.28191563342115, 6.256622922971608], [-75.24887302567768, 6.207821690301677], [-75.24934452543431, 6.203223497563773], [-75.2449193568823, 6.195160434174996], [-75.25479457772632, 6.191600730038093], [-75.25118427509322, 6.181246875735204], [-75.25486525336142, 6.174450319712975], [-75.25369146824323, 6.169901703249857], [-75.26775666179081, 6.169059398150867], [-75.27054256944005, 6.161014921194486], [-75.27664977420035, 6.160784335629653], [-75.28281566507347, 6.155400730851627], [-75.28831014467022, 6.1579939770556855], [-75.29351126722953, 6.15101115391466], [-75.31006400410824, 6.153690637679101], [-75.31122357372723, 6.150442918762379]]]}}, {"id": "43", "type": "Feature", "properties": {"municipality": "Heliconia"}, "geometry": {"type": "Polygon", "coordinates": [[[-75.73253902372248, 6.267667087436586], [-75.72195731164068, 6.260073453937731], [-75.71874808301705, 6.265597032837085], [-75.71615601430466, 6.261539208013632], [-75.70798044141794, 6.258409540091669], [-75.71000549395944, 6.2429174779373175], [-75.70580281685635, 6.2426671058624965], [-75.70267316399577, 6.237722253647347], [-75.70304872205453, 6.227939852564453], [-75.69834781601664, 6.210442021311055], [-75.70239484885623, 6.204186907311163], [-75.6945441703927, 6.194509852586059], [-75.69532525059174, 6.185561800893936], [-75.69703400100398, 6.1703307983470586], [-75.70549290379675, 6.155391457197977], [-75.72135284571986, 6.149329927845454], [-75.73015576124924, 6.158088277380698], [-75.73350902300227, 6.158362897624756], [-75.74570735603972, 6.144825186212747], [-75.74880761986617, 6.155809487368299], [-75.74353555338077, 6.16038042888929], [-75.74119898297599, 6.170422879424916], [-75.74386672881535, 6.179034305877689], [-75.75112009580035, 6.182071806842868], [-75.76174961201806, 6.178664556261812], [-75.7815158127845, 6.184089894837553], [-75.79174116801939, 6.20102879641718], [-75.80615459873384, 6.208292528579454], [-75.8095100148322, 6.217149306629884], [-75.81603558761147, 6.223082432667639], [-75.81622938482818, 6.234422090692154], [-75.81831229774342, 6.2354830749993635], [-75.81637909533379, 6.237696170095913], [-75.81993957428332, 6.24479760175215], [-75.81538971133253, 6.24685447762035], [-75.81798033409208, 6.252328633007151], [-75.81241505095817, 6.255238201739472], [-75.81011733761194, 6.259612319036706], [-75.79240606915722, 6.265678804045155], [-75.78802346420441, 6.2657218900822365], [-75.7853113495901, 6.2579571762357915], [-75.77592359708166, 6.246292052046036], [-75.77224758127356, 6.250769907040891], [-75.76037329911469, 6.2498458698762205], [-75.75869272996836, 6.252377705981943], [-75.75689133556956, 6.250721851016593], [-75.73745572695115, 6.267008782981664], [-75.73253902372248, 6.267667087436586]]]}}, {"id": "44", "type": "Feature", "properties": {"municipality": "Betulia"}, "geometry": {"type": "Polygon", "coordinates": [[[-76.0040165450772, 6.28438954611889], [-75.99893677652813, 6.2784810438149465], [-75.99664585966389, 6.270230170754287], [-75.9981190793972, 6.265550141126161], [-75.97898532766821, 6.247322983715817], [-75.97954079224341, 6.237451595183024], [-75.96536058917488, 6.240506647599289], [-75.95915277941866, 6.231073901003066], [-75.94415839137415, 6.225828567558245], [-75.93632791963547, 6.2175220312324395], [-75.92403951582659, 6.216028090310236], [-75.9126884880342, 6.219616480587043], [-75.91155582569435, 6.227955214765822], [-75.90531642226317, 6.232461450607112], [-75.90336843919408, 6.237294791572984], [-75.88917599152981, 6.2389596088444295], [-75.87611763089761, 6.244192677105253], [-75.87096308369838, 6.250814315760874], [-75.86570126468486, 6.251939347926878], [-75.85744715501316, 6.249726098796801], [-75.8553303872711, 6.246800313637819], [-75.85929591223082, 6.236068832019845], [-75.85649612169702, 6.223965313763743], [-75.84678357700308, 6.223358280598003], [-75.84425633286521, 6.219555028373607], [-75.84430588742742, 6.209495603816001], [-75.84997979684579, 6.193613610766891], [-75.84642431235045, 6.179503167286549], [-75.8421255190874, 6.174746002051281], [-75.84187814515714, 6.1662326772541185], [-75.84774162067443, 6.169255195040141], [-75.86610188459078, 6.164070627701644], [-75.8948312816502, 6.169542648373464], [-75.8956204649928, 6.165727388824061], [-75.90448815817768, 6.157746222687545], [-75.90777734612733, 6.144036508343804], [-75.9186618902046, 6.135579840777375], [-75.9202376431782, 6.122762151738944], [-75.92870437399061, 6.124795210802559], [-75.93617090832775, 6.115368788758543], [-75.94544511463282, 6.120378269863697], [-75.95334543790143, 6.119033130344782], [-75.95627220903786, 6.110566399091308], [-75.96690033831861, 6.103798820114644], [-75.96596684869775, 6.091600164593282], [-75.96900921193543, 6.091622992582253], [-75.97506202440614, 6.082364481584763], [-75.98906729960821, 6.081087405051581], [-75.99273446063088, 6.077720004923379], [-75.99645217397527, 6.078337255133006], [-76.00765161633926, 6.08983634764164], [-76.00512640486801, 6.098941776359691], [-76.01168664759787, 6.110417532228569], [-76.00845678857866, 6.121191592022554], [-76.01493418894808, 6.125488244625636], [-76.01874656304432, 6.140086462555746], [-76.01620039587644, 6.149123782687056], [-76.01831434280362, 6.153972501165768], [-76.01631827399983, 6.169351661716516], [-76.03148525409462, 6.17807464277295], [-76.03047062998857, 6.18652257229187], [-76.03992521637447, 6.196808417440368], [-76.03398415977817, 6.210883056842947], [-76.0382690293319, 6.217024505444505], [-76.03850871397263, 6.223930632687886], [-76.04694841596236, 6.227363463822237], [-76.04829664724492, 6.238807952112432], [-76.04575047985682, 6.2427465536060405], [-76.0494415383729, 6.254615403111488], [-76.04792975096676, 6.260887990868291], [-76.02838826662013, 6.264219765258385], [-76.02101695725524, 6.274341686682711], [-76.01754692121821, 6.273329407335441], [-76.01298945955163, 6.276242469975528], [-76.01154324286351, 6.281656756952492], [-76.0040165450772, 6.28438954611889]]]}}, {"id": "45", "type": "Feature", "properties": {"municipality": "Puerto Nare"}, "geometry": {"type": "Polygon", "coordinates": [[[-74.71565002220146, 6.23320497781714], [-74.70046271031799, 6.277984661063523], [-74.69764613111518, 6.280296600225211], [-74.69633172667864, 6.290095952282112], [-74.69120320556709, 6.29360493666732], [-74.67965523123087, 6.286504809864736], [-74.64396682476621, 6.2343511512497765], [-74.63562885089655, 6.231614659051631], [-74.63107652044789, 6.278138605052157], [-74.62926015698925, 6.276678494258092], [-74.62421211642213, 6.279421582982553], [-74.61835808964652, 6.275507650225235], [-74.61170823134755, 6.2766433987744525], [-74.60750177861819, 6.267944817182219], [-74.60509875709742, 6.267628192695918], [-74.60923584706723, 6.259864344141741], [-74.60661667121755, 6.25425337568586], [-74.60335366913901, 6.253578760042262], [-74.5984347371796, 6.253672885762145], [-74.58030705412297, 6.262709310316182], [-74.57670208071487, 6.260148072647729], [-74.55167733541846, 6.26340747564622], [-74.54273257324049, 6.271970119086415], [-74.5342776408959, 6.269336951837529], [-74.5394972436909, 6.2642522860666485], [-74.54575088189779, 6.246434313232738], [-74.57339498460954, 6.215720444778352], [-74.57414686765817, 6.21172875664858], [-74.5711199717876, 6.206984416768374], [-74.57492607806927, 6.192109186059232], [-74.58892158311147, 6.166175526802836], [-74.59915415297912, 6.156587267802053], [-74.60239589227479, 6.145094281732581], [-74.60847561974354, 6.138618703657029], [-74.61126604702834, 6.130379244320284], [-74.60931543190648, 6.119701243392215], [-74.58451333229488, 6.088208060026308], [-74.57622626788704, 6.08261437863209], [-74.56324112787709, 6.079489416362469], [-74.5614451337025, 6.0735161809370375], [-74.56728861225264, 6.057515212709437], [-74.57688323898347, 6.044669987763365], [-74.58350883780582, 6.044344137711984], [-74.58721989741606, 6.0411580581864825], [-74.58731041071103, 6.046244923938981], [-74.5929561233408, 6.044999869284369], [-74.59487742624674, 6.040758943958062], [-74.60177771467846, 6.040665220817212], [-74.60251531004512, 6.035421299046787], [-74.60683125100805, 6.038827603595508], [-74.60716026907285, 6.033389128908511], [-74.60999562909252, 6.038469555449119], [-74.61344063995347, 6.036427705565395], [-74.61345031720008, 6.040946867152328], [-74.62617933154988, 6.033231608978845], [-74.62965444928271, 6.036655116984894], [-74.63264786669183, 6.035571292305248], [-74.6331735397842, 6.041083113821122], [-74.63397810689982, 6.036696571983871], [-74.63955496684686, 6.0362336711173175], [-74.64112001443274, 6.0335885222066885], [-74.64375414288506, 6.0359140475505875], [-74.6425197403605, 6.040223442786661], [-74.64849337221482, 6.04134763099075], [-74.65129282331813, 6.038691458592065], [-74.65764650583104, 6.049550775448694], [-74.66251840471838, 6.048506797791848], [-74.66658557127684, 6.052878457560688], [-74.67165321596168, 6.040502962800082], [-74.67893931473807, 6.041492569972268], [-74.67592700198425, 6.038251887394315], [-74.6793851798225, 6.032477378549202], [-74.69238053637736, 6.0334343596159385], [-74.69429449624545, 6.027518482294134], [-74.70291819179486, 6.031161532129051], [-74.70739859872562, 6.027877350356989], [-74.71049790979629, 6.0182966730317515], [-74.70571300855677, 6.014229510412827], [-74.71441282916554, 6.001843139708333], [-74.72136180980569, 6.000081426033275], [-74.71750126460158, 5.993730558421136], [-74.71941522517997, 5.987988679651141], [-74.73273682410925, 5.989870015171384], [-74.75021422072463, 5.998040941296329], [-74.7690513967123, 5.993729496957228], [-74.7730829924389, 6.00355811232041], [-74.77211455496024, 6.017519210672757], [-74.77555885453017, 6.024024700225012], [-74.77226852348254, 6.024717965713553], [-74.77163804862646, 6.034095424503352], [-74.76635493919157, 6.042528195798456], [-74.76790615501652, 6.0453502889027515], [-74.76548823045057, 6.049884566441754], [-74.76915454856537, 6.057968105113634], [-74.77389643767587, 6.05627408585425], [-74.7790613119371, 6.059950311312633], [-74.78118507845075, 6.057975903036369], [-74.78074239857821, 6.061799019791684], [-74.78939706607095, 6.068123318825692], [-74.78990754555005, 6.0745208735885505], [-74.7939276027828, 6.074236150126121], [-74.79622012410643, 6.082058124908768], [-74.80112626002064, 6.083836037572059], [-74.80187024417138, 6.099094190038518], [-74.81759269636511, 6.105517932341669], [-74.81615924838741, 6.122055853214891], [-74.81840254965282, 6.134579410666467], [-74.80851162971524, 6.153981186813094], [-74.79760102723569, 6.161128232878983], [-74.7935686463005, 6.175802389818179], [-74.78354794873326, 6.192284169451156], [-74.77328623532306, 6.200830960706603], [-74.75520077583174, 6.2057532451310005], [-74.74482484179545, 6.204315441060861], [-74.72754477065676, 6.214841373807034], [-74.71565002220146, 6.23320497781714]]]}}, {"id": "46", "type": "Feature", "properties": {"municipality": "Pe\u00f1ol"}, "geometry": {"type": "Polygon", "coordinates": [[[-75.23615260124824, 6.3251410943326976], [-75.22252099854857, 6.32355891342345], [-75.21753497679387, 6.310914765072734], [-75.21174956126072, 6.303929783193821], [-75.20813671482207, 6.304914741969454], [-75.19973555499865, 6.287276377669601], [-75.18245241318138, 6.284734016761551], [-75.18956276275718, 6.280341119800062], [-75.19403447529689, 6.272137788959909], [-75.18924914104674, 6.269819895704348], [-75.18953576323719, 6.265557955730737], [-75.19217766571855, 6.264074999876455], [-75.19076082843586, 6.260009329604425], [-75.19395031599277, 6.257173292287799], [-75.18880691658977, 6.24706108785371], [-75.19662650757235, 6.241914522151517], [-75.1948910379221, 6.232558939178863], [-75.18987662478436, 6.226387547449573], [-75.18957549677052, 6.219230481639166], [-75.18539087142553, 6.216251381039487], [-75.18856692802007, 6.201776356096468], [-75.18246164176925, 6.197141966158008], [-75.18214860463407, 6.193231416900548], [-75.16331908806418, 6.171675230328137], [-75.17481494897575, 6.161791546788555], [-75.17964398208649, 6.164876284183004], [-75.18517760608076, 6.175485261680814], [-75.20690982930672, 6.169210894079178], [-75.21043876257866, 6.161612962883103], [-75.20932131143041, 6.158619035923435], [-75.21284234027357, 6.15714315423845], [-75.22682103602146, 6.163289141853539], [-75.23343338237473, 6.1636097202978855], [-75.24573544383794, 6.172328231445289], [-75.25276523677483, 6.170913558790508], [-75.25481224726614, 6.173690565798809], [-75.25117838570289, 6.181123194973082], [-75.25479457772632, 6.191600730038093], [-75.2449366601741, 6.195056616363121], [-75.24934452543431, 6.203223497563773], [-75.24887302567768, 6.207821690301677], [-75.25755826558428, 6.218104547153883], [-75.27154768756833, 6.243408117593588], [-75.27769343619016, 6.248043880912492], [-75.28400962820768, 6.261059199158262], [-75.28103808108497, 6.265812681410495], [-75.2818651700434, 6.269314327959068], [-75.275149041177, 6.265629089871243], [-75.26445855426026, 6.267505066807937], [-75.2545325908069, 6.2729017038859585], [-75.25482812130876, 6.277148345991038], [-75.25157086281904, 6.279673204315606], [-75.22803870836789, 6.290064657755998], [-75.23138477813706, 6.3051632842391765], [-75.24204849090357, 6.3214428703646295], [-75.23615260124824, 6.3251410943326976]]]}}, {"id": "47", "type": "Feature", "properties": {"municipality": "Guatap\u00e9"}, "geometry": {"type": "Polygon", "coordinates": [[[-75.13218849508407, 6.334276456608008], [-75.12612812786726, 6.314259000627211], [-75.11637899102091, 6.302642068110535], [-75.11645288667843, 6.294508205572301], [-75.12495491462478, 6.293847512850728], [-75.13599311373706, 6.300376298035465], [-75.140126025297, 6.300221958228878], [-75.1385359581551, 6.289154612187289], [-75.14312860576594, 6.287670386282993], [-75.1463053502708, 6.282958311922799], [-75.14283495764627, 6.262061313385428], [-75.146087183764, 6.256901733050459], [-75.11781291721805, 6.235361900797151], [-75.12958827743175, 6.221964607895023], [-75.13304402371348, 6.208086266171558], [-75.14571589272744, 6.188331861761148], [-75.14535524635615, 6.181103291383088], [-75.15680345709556, 6.17439528537027], [-75.1603778041837, 6.169468658121741], [-75.16527386589628, 6.1721378507765445], [-75.18214860463407, 6.193231416900548], [-75.18246164176925, 6.197141966158008], [-75.18888657869883, 6.202710722386533], [-75.18539087142553, 6.216251381039487], [-75.18957549677052, 6.219230481639166], [-75.18987662478436, 6.226387547449573], [-75.1948910379221, 6.232558939178863], [-75.19662650757235, 6.241914522151517], [-75.18880691658977, 6.24706108785371], [-75.19395031599277, 6.257173292287799], [-75.19076082843586, 6.260009329604425], [-75.19217766571855, 6.264074999876455], [-75.18953576323719, 6.265557955730737], [-75.18924914104674, 6.269819895704348], [-75.19409678387392, 6.271801319557665], [-75.18818919463692, 6.281736842338554], [-75.17536184232016, 6.288737609328816], [-75.17103107961185, 6.297582322219655], [-75.16506185774995, 6.294501475147774], [-75.15724300173297, 6.296905220406381], [-75.1545745116071, 6.3071109529459335], [-75.14677126923321, 6.311551570320511], [-75.14514684633878, 6.325110283785249], [-75.13715162419044, 6.331080224173658], [-75.13535441895759, 6.335575737164082], [-75.13218849508407, 6.334276456608008]]]}}, {"id": "48", "type": "Feature", "properties": {"municipality": "San Carlos"}, "geometry": {"type": "Polygon", "coordinates": [[[-74.81612216941446, 6.120720996325149], [-74.8211221613348, 6.084403860691508], [-74.84592656854637, 6.064819500917495], [-74.86628365720823, 6.0643943371548], [-74.87531016738122, 6.0603174497870285], [-74.88714835499994, 6.06564307322023], [-74.89354821516129, 6.05292732195362], [-74.90238281403053, 6.05256616253253], [-74.91879629051755, 6.042939706876879], [-74.92096047456903, 6.044156751155527], [-74.92133434697425, 6.0533935448713185], [-74.92546150896753, 6.064114507323642], [-74.93156594296389, 6.063887408899322], [-74.93286975376748, 6.069651585165577], [-74.94160898384018, 6.0719314035215755], [-74.94436397331395, 6.0866340773033425], [-74.95489169065395, 6.100123271539787], [-74.96289241949957, 6.10110452140719], [-74.9749276125879, 6.110019937517678], [-74.98186130101688, 6.109770130828878], [-75.00043260616967, 6.1216096115570835], [-75.01259458415083, 6.125476233747258], [-75.02367242719482, 6.118640586202547], [-75.0305698662225, 6.1213580490662], [-75.03299813628576, 6.125002491806914], [-75.03799242234149, 6.121011952169742], [-75.04314722125584, 6.1207109475388535], [-75.05323682884271, 6.128220758401433], [-75.06190914983253, 6.1284189468390675], [-75.05945522903257, 6.131788723225096], [-75.06373959480365, 6.141858350308323], [-75.06808085626089, 6.140068391344952], [-75.08263633161629, 6.145405724207146], [-75.08140503936788, 6.154862050566646], [-75.07672612729601, 6.156924464094129], [-75.0909135481478, 6.173624388311359], [-75.10808574421719, 6.200804139828236], [-75.11338138276683, 6.204266673312636], [-75.11262395442192, 6.209956938762968], [-75.12085645198718, 6.219731846278523], [-75.12112661362848, 6.230748016309457], [-75.11781291721805, 6.235361900797151], [-75.10429589086702, 6.23753494927615], [-75.10456492226253, 6.23216925926362], [-75.09449117764086, 6.214174024193964], [-75.07731798382481, 6.21205166402621], [-75.06267069979022, 6.2165953103669915], [-75.05969640477579, 6.215294991155923], [-75.05785802100452, 6.209809731652162], [-75.03931915373666, 6.224588972257245], [-75.0356820583841, 6.247052214001629], [-75.02971545116017, 6.261094782134042], [-75.02562939594172, 6.264414406705777], [-75.02259539412361, 6.258197967282107], [-75.01184968022476, 6.249377403245658], [-75.00693798118898, 6.2522029106291255], [-74.98769706308762, 6.250652853596926], [-74.9875279027642, 6.255556107643876], [-74.99778975558759, 6.260501465356957], [-74.99878460134455, 6.263417389305141], [-74.98497683974425, 6.267585445041513], [-74.98015698869881, 6.265767283276154], [-74.97651053670754, 6.271535877943003], [-74.95858659906644, 6.272264313967529], [-74.93326310268067, 6.269251928566744], [-74.92981130984866, 6.272293977271124], [-74.92190198607544, 6.2702949168811815], [-74.91743203816984, 6.2732624656676395], [-74.91482456801766, 6.272430557292147], [-74.91607863705201, 6.268506937409736], [-74.91293926199015, 6.268249878127095], [-74.90618195824375, 6.277521525019079], [-74.90859153883167, 6.286112206254658], [-74.91727484385105, 6.2952185237092095], [-74.9128452743798, 6.3036414179954745], [-74.91274460244014, 6.309547512048527], [-74.9070398527907, 6.310520677120308], [-74.9027780697096, 6.308171661994556], [-74.90059684219266, 6.312097869643915], [-74.88964359083764, 6.3162613772958025], [-74.88514353723006, 6.311965418400295], [-74.8738990318262, 6.315877592063254], [-74.86252665940384, 6.307360662429381], [-74.86278477362828, 6.310393503064027], [-74.85787227464833, 6.313368136452105], [-74.85283463103664, 6.325255524361618], [-74.84608454957598, 6.326252180373175], [-74.82822164912105, 6.338663223847183], [-74.80950154013331, 6.321935989782132], [-74.78158290126301, 6.306093765954433], [-74.76881034613949, 6.267360037944477], [-74.7645357294074, 6.263131019905651], [-74.75892743200207, 6.265530501165714], [-74.75534815310989, 6.26416262382246], [-74.74886295805949, 6.242798197653035], [-74.7416441920872, 6.239953924629228], [-74.73292824459516, 6.24362668334568], [-74.71320773213196, 6.239996045409873], [-74.72681114628654, 6.2155829721255245], [-74.73974528312708, 6.206412654739665], [-74.74645955078518, 6.203948630943067], [-74.75748115606243, 6.205428801052158], [-74.77328623532306, 6.200830960706603], [-74.78380750434238, 6.191987532226305], [-74.7935686463005, 6.175802389818179], [-74.79760102723569, 6.161128232878983], [-74.80851162971524, 6.153981186813094], [-74.81822642272782, 6.13505217035035], [-74.81612216941446, 6.120720996325149]]]}}, {"id": "49", "type": "Feature", "properties": {"municipality": "Guarne"}, "geometry": {"type": "Polygon", "coordinates": [[[-75.41089289281913, 6.349341846810731], [-75.40149797179578, 6.343087444838503], [-75.39979468498822, 6.335969391420109], [-75.391425676206, 6.335067364290776], [-75.38584938795051, 6.328290697436366], [-75.39104129386565, 6.321791808221835], [-75.38669165411685, 6.309761310171196], [-75.38707876394476, 6.298534437192576], [-75.39549429185904, 6.285688080388891], [-75.39127184706726, 6.282780961813064], [-75.39360674517854, 6.275807027050274], [-75.38905575032364, 6.274595675203235], [-75.38751713781097, 6.271426701896653], [-75.39536912923285, 6.267265651100156], [-75.39122185284506, 6.264709444136755], [-75.38656704401397, 6.254037029851312], [-75.38622500129343, 6.2463701799100155], [-75.37945731110426, 6.232812502305543], [-75.38092284971358, 6.228262067415905], [-75.37875873018521, 6.219292445558158], [-75.38657777508136, 6.212780886933861], [-75.39419055698642, 6.215220390739184], [-75.40876451173385, 6.214735602576075], [-75.41457878794317, 6.203841866690517], [-75.41771588565112, 6.2055698395351255], [-75.42342782913907, 6.199496447337223], [-75.4311112817918, 6.200828849038596], [-75.43419491170543, 6.205987111605375], [-75.43335773807414, 6.210254716693528], [-75.44875684035848, 6.2046423312999295], [-75.44994964590477, 6.201538066775419], [-75.45553650686969, 6.19913121103627], [-75.46409434512098, 6.198420794817263], [-75.46599647608139, 6.195024587033096], [-75.47106240023503, 6.197320493511397], [-75.47486848398736, 6.195538025727082], [-75.47768327708263, 6.201108331751523], [-75.48597505738154, 6.205221563329579], [-75.48501479569047, 6.2111510737237685], [-75.49071571086226, 6.215891456307158], [-75.4915435067419, 6.228607699083995], [-75.4851218552192, 6.231535924579267], [-75.48148743225146, 6.2304250303979565], [-75.47837296604287, 6.235086082902516], [-75.47285689596991, 6.2368807555206685], [-75.4731893616557, 6.241628181917758], [-75.48479032685584, 6.251971841274055], [-75.49626456001458, 6.270473159639791], [-75.49236280739595, 6.276290280955463], [-75.50078978413336, 6.290236165937344], [-75.4990634296782, 6.295014034685359], [-75.50125750474837, 6.296740783637298], [-75.49406271041819, 6.297635743272128], [-75.49106345475553, 6.293893867699641], [-75.48714480969525, 6.298761463134529], [-75.49103105927024, 6.305686468562043], [-75.48345390718417, 6.3110014941318315], [-75.48442675004904, 6.320149415294151], [-75.47881684230101, 6.32086022355226], [-75.47913294468212, 6.318428739623187], [-75.47581985877873, 6.317258454730712], [-75.4668546271524, 6.319182549435653], [-75.4643772031181, 6.3241341975926675], [-75.45605653119968, 6.326749027037524], [-75.45197153159772, 6.331596699362985], [-75.45115724733648, 6.329884634549203], [-75.45123429606193, 6.335086368141008], [-75.44312320835132, 6.323120270799644], [-75.43576425376128, 6.321751676821476], [-75.4318174660609, 6.316428138550239], [-75.42435994135386, 6.315321570079467], [-75.4207939599213, 6.3237945517341645], [-75.42304933304871, 6.332716537998681], [-75.41476653029068, 6.337635212167959], [-75.41607048320527, 6.347731392597194], [-75.41089289281913, 6.349341846810731]]]}}, {"id": "50", "type": "Feature", "properties": {"municipality": "San Vicente"}, "geometry": {"type": "Polygon", "coordinates": [[[-75.33478662391501, 6.3993864029818255], [-75.32881927498104, 6.393308009865679], [-75.32251804014604, 6.3919872886136435], [-75.31964312411206, 6.386576560579644], [-75.31432579738146, 6.3884336715305885], [-75.31278226529493, 6.392172894996407], [-75.30285888087525, 6.3899523755877325], [-75.30601993100755, 6.371616598676317], [-75.30201859057449, 6.370292682866279], [-75.30246606112509, 6.364988380203792], [-75.30001052468552, 6.364672809786753], [-75.29490376162647, 6.3525836278990875], [-75.29115728221227, 6.354356557655001], [-75.28608344332824, 6.3482995372954925], [-75.2734467740541, 6.344032071837438], [-75.27137584063475, 6.344012351010498], [-75.26939333475778, 6.349639625071211], [-75.25816609723078, 6.350546327896084], [-75.26082934468904, 6.346951176317331], [-75.2589975330554, 6.342219386809354], [-75.26101555138375, 6.335033308447533], [-75.25734072420912, 6.332563106894073], [-75.24642380016527, 6.332315729872713], [-75.22754085892284, 6.294533221813351], [-75.22927416166581, 6.288625291633867], [-75.25157086281904, 6.279673204315606], [-75.25482812130876, 6.277148345991038], [-75.25432700420242, 6.273132991837998], [-75.2586635899084, 6.270042772932931], [-75.27490490758916, 6.265622667029636], [-75.2818651700434, 6.269314327959068], [-75.28418542389963, 6.258700356978048], [-75.2897849528233, 6.2607833226525464], [-75.29271191974497, 6.258915638997018], [-75.29914427805586, 6.263062175695167], [-75.30738595417455, 6.24146969777028], [-75.32853263632109, 6.232288299346301], [-75.32828959285548, 6.228701457995309], [-75.3218254389176, 6.228054650018686], [-75.32311774722194, 6.225863344622959], [-75.33107813733997, 6.224427777897671], [-75.3369036569921, 6.22694336633914], [-75.34276590022102, 6.223132819163706], [-75.3454703929015, 6.227368087041299], [-75.34309967183297, 6.229627564741358], [-75.34714728487043, 6.23344141110367], [-75.36776746972139, 6.228159078912186], [-75.37281808657515, 6.233787811769993], [-75.37967669380873, 6.232582285916257], [-75.39122185284506, 6.264709444136755], [-75.39536912923285, 6.267265651100156], [-75.38751713781097, 6.271426701896653], [-75.38905575032364, 6.274595675203235], [-75.39360674517854, 6.275807027050274], [-75.39127184706726, 6.282780961813064], [-75.39549429185904, 6.285688080388891], [-75.38707876394476, 6.298534437192576], [-75.38669165411685, 6.309761310171196], [-75.39104129386565, 6.321791808221835], [-75.38584938795051, 6.328290697436366], [-75.391425676206, 6.335067364290776], [-75.39979468498822, 6.335969391420109], [-75.40149797179578, 6.343087444838503], [-75.40705905934144, 6.348019373182089], [-75.399838302622, 6.3582042761338196], [-75.40527258978345, 6.362856140574572], [-75.40398058768591, 6.365086986785945], [-75.39101990330549, 6.368676655060259], [-75.3869358028581, 6.373468339411289], [-75.37759229740482, 6.372572294903869], [-75.35651331796547, 6.391191984214531], [-75.34571581230175, 6.397449836540376], [-75.33925287216019, 6.395994537642434], [-75.33478662391501, 6.3993864029818255]]]}}, {"id": "51", "type": "Feature", "properties": {"municipality": "San Rafael"}, "geometry": {"type": "Polygon", "coordinates": [[[-74.92260012744015, 6.405852142594583], [-74.91410806759974, 6.401512136060125], [-74.89402752093808, 6.382596695778214], [-74.8685425619437, 6.365562270260389], [-74.86144663854911, 6.357975037918635], [-74.82822164912105, 6.338663223847183], [-74.84608454957598, 6.326252180373175], [-74.85283463103664, 6.325255524361618], [-74.85787227464833, 6.313368136452105], [-74.86278477362828, 6.310393503064027], [-74.86252665940384, 6.307360662429381], [-74.8738990318262, 6.315877592063254], [-74.88514353723006, 6.311965418400295], [-74.88964359083764, 6.3162613772958025], [-74.90059684219266, 6.312097869643915], [-74.9027780697096, 6.308171661994556], [-74.9070398527907, 6.310520677120308], [-74.91274460244014, 6.309547512048527], [-74.9128452743798, 6.3036414179954745], [-74.91727484385105, 6.2952185237092095], [-74.90859153883167, 6.286112206254658], [-74.90618195824375, 6.277521525019079], [-74.91293926199015, 6.268249878127095], [-74.91607863705201, 6.268506937409736], [-74.91482456801766, 6.272430557292147], [-74.91743203816984, 6.2732624656676395], [-74.92190198607544, 6.2702949168811815], [-74.92981130984866, 6.272293977271124], [-74.93326310268067, 6.269251928566744], [-74.95858659906644, 6.272264313967529], [-74.97651053670754, 6.271535877943003], [-74.98015698869881, 6.265767283276154], [-74.98497683974425, 6.267585445041513], [-74.99878460134455, 6.263417389305141], [-74.99778975558759, 6.260501465356957], [-74.9875279027642, 6.255556107643876], [-74.98769706308762, 6.250652853596926], [-75.00693798118898, 6.2522029106291255], [-75.01184968022476, 6.249377403245658], [-75.02259539412361, 6.258197967282107], [-75.02562939594172, 6.264414406705777], [-75.02971545116017, 6.261094782134042], [-75.0356820583841, 6.247052214001629], [-75.03931915373666, 6.224588972257245], [-75.05802242907959, 6.209764893451541], [-75.05969640477579, 6.215294991155923], [-75.06267069979022, 6.2165953103669915], [-75.07731798382481, 6.21205166402621], [-75.09449117764086, 6.214174024193964], [-75.10456492226253, 6.23216925926362], [-75.103593419119, 6.2370566711733035], [-75.11640231934034, 6.234695169629181], [-75.12604449810217, 6.239753581298811], [-75.13380119478542, 6.248732416204492], [-75.14022111109408, 6.250457295026802], [-75.14587885680422, 6.256498964097622], [-75.14283495764627, 6.262061313385428], [-75.1463053502708, 6.282958311922799], [-75.14312860576594, 6.287670386282993], [-75.1385359581551, 6.289154612187289], [-75.140126025297, 6.300221958228878], [-75.13599311373706, 6.300376298035465], [-75.12495491462478, 6.293847512850728], [-75.11651111442657, 6.294428144602229], [-75.11738612992743, 6.300620385301336], [-75.1109600452179, 6.3134528689773814], [-75.11172794996942, 6.3198229608438945], [-75.10594992858788, 6.324625947658192], [-75.09056753865592, 6.323279016789362], [-75.08475794375133, 6.331404271558763], [-75.08326188083164, 6.329651361970387], [-75.07884939738439, 6.333828497645728], [-75.06599582697072, 6.336334750282782], [-75.06346408179928, 6.341404564844264], [-75.0642901432959, 6.34618996534523], [-75.04458037205649, 6.34820720413819], [-75.04662233976995, 6.353800809745318], [-75.0451167754324, 6.3584476507998735], [-75.04173075200808, 6.357460274041693], [-75.03707609866153, 6.36209451678512], [-75.01815177469163, 6.361409637124025], [-75.0113206593302, 6.368397512239486], [-74.99767378240452, 6.372600292704493], [-74.99653105684588, 6.375568713446372], [-74.98587919469139, 6.374971785607697], [-74.98667239232266, 6.384979085648928], [-74.97922998367183, 6.383207367772264], [-74.9674684419923, 6.394740995120292], [-74.953257626842, 6.39647731180986], [-74.94962484970485, 6.40248698357541], [-74.93574275572125, 6.401079390134569], [-74.93122646918799, 6.404675457191642], [-74.92260012744015, 6.405852142594583]]]}}, {"id": "52", "type": "Feature", "properties": {"municipality": "Anz\u00e1"}, "geometry": {"type": "Polygon", "coordinates": [[[-75.88660980677646, 6.4121811045844606], [-75.87859517173206, 6.409475568901262], [-75.86845303070064, 6.410847667140895], [-75.86214571181274, 6.40812959988393], [-75.86088641518742, 6.409985409034767], [-75.85256842725882, 6.405372043052569], [-75.85008570998166, 6.39783325713795], [-75.8434714273881, 6.40150408059385], [-75.83097741771299, 6.397255739573613], [-75.84345622624622, 6.383208130798158], [-75.84291593268047, 6.37214189385149], [-75.85030427275449, 6.367507094917446], [-75.84962077042947, 6.356167458979203], [-75.84546116684686, 6.3521705963632025], [-75.85122211927398, 6.343844879747691], [-75.851215609741, 6.337491558928737], [-75.85588946658376, 6.33463386473248], [-75.85734760578616, 6.330265956991577], [-75.84147081331423, 6.316114196120584], [-75.84537979759548, 6.3091999668510805], [-75.84718489401337, 6.295897775556365], [-75.8451481277389, 6.291500213235192], [-75.83641086496071, 6.287415108272856], [-75.83361175864627, 6.282433470290156], [-75.83971337703527, 6.277755274716784], [-75.84282060167132, 6.270985343396524], [-75.83881071903447, 6.254945808882621], [-75.84228247961366, 6.2502762943600025], [-75.85015469601507, 6.251213667245154], [-75.8553303872711, 6.246800313637819], [-75.86277196714074, 6.25128839093827], [-75.87083289281799, 6.250885917609669], [-75.87611763089761, 6.244192677105253], [-75.88917599152981, 6.2389596088444295], [-75.90336843919408, 6.237294791572984], [-75.90531642226317, 6.232461450607112], [-75.91155582569435, 6.227955214765822], [-75.9126884880342, 6.219616480587043], [-75.92403951582659, 6.216028090310236], [-75.93323262903884, 6.2165797760982855], [-75.93912051658931, 6.218713278962248], [-75.94415839137415, 6.225828567558245], [-75.95904862568871, 6.230995784664774], [-75.96536058917488, 6.240506647599289], [-75.97954079224341, 6.237451595183024], [-75.97898532766821, 6.247322983715817], [-75.9981190793972, 6.265550141126161], [-75.99664585966389, 6.270230170754287], [-75.99893677652813, 6.2784810438149465], [-76.00404030371486, 6.284721586626712], [-75.99606585100777, 6.301024127147948], [-75.99819355075579, 6.307613510569855], [-75.98967096521554, 6.317132167925926], [-75.99122376267964, 6.32482022115646], [-75.98815858099206, 6.344852815582509], [-75.97602069904207, 6.347530876727933], [-75.96939982989053, 6.346305284020638], [-75.95798833935976, 6.353819445796668], [-75.94961714997466, 6.351635433728792], [-75.94223456030353, 6.345883129616627], [-75.93009747812158, 6.349768014154969], [-75.92597565423372, 6.354463490708307], [-75.92256426682317, 6.365167228822083], [-75.91016404062216, 6.375526331913286], [-75.91180987313348, 6.383026169594481], [-75.90761428672246, 6.396767474220651], [-75.90443873775422, 6.3966994356745435], [-75.90116898459604, 6.405400653577376], [-75.89098080796133, 6.407483807114], [-75.88660980677646, 6.4121811045844606]]]}}, {"id": "53", "type": "Feature", "properties": {"municipality": "Alejandr\u00eda"}, "geometry": {"type": "Polygon", "coordinates": [[[-75.03530886598458, 6.417922846797377], [-75.02553314518872, 6.412268357854426], [-75.01848237885694, 6.4037092186456634], [-75.01996593497772, 6.400864464818947], [-75.01380566726242, 6.398204508094676], [-75.00936082955356, 6.392710966001352], [-75.01042342414857, 6.388599494226782], [-75.0053952012475, 6.3861201079786225], [-74.99617910806482, 6.387745251885298], [-74.98667239232266, 6.384979085648928], [-74.98726420114859, 6.3768805312462975], [-74.98522221440533, 6.375452153736053], [-74.99653105684588, 6.375568713446372], [-74.99767378240452, 6.372600292704493], [-75.0113206593302, 6.368397512239486], [-75.01815177469163, 6.361409637124025], [-75.03707609866153, 6.36209451678512], [-75.04173075200808, 6.357460274041693], [-75.0451167754324, 6.3584476507998735], [-75.04662233976995, 6.353800809745318], [-75.04458037205649, 6.34820720413819], [-75.0642901432959, 6.34618996534523], [-75.06346408179928, 6.341404564844264], [-75.06599582697072, 6.336334750282782], [-75.07884939738439, 6.333828497645728], [-75.08326188083164, 6.329651361970387], [-75.08475794375133, 6.331404271558763], [-75.09056753865592, 6.323279016789362], [-75.10572873280381, 6.324771778740275], [-75.11161841421902, 6.320093586410945], [-75.1109600452179, 6.3134528689773814], [-75.11598361718158, 6.306553050793121], [-75.1158780187203, 6.302484558338736], [-75.12612812786726, 6.314259000627211], [-75.13126280819938, 6.33306148674748], [-75.13535441895759, 6.335575737164082], [-75.13715162419044, 6.331080224173658], [-75.14514684633878, 6.325110283785249], [-75.14677126923321, 6.311551570320511], [-75.1545745116071, 6.3071109529459335], [-75.15724300173297, 6.296905220406381], [-75.16506185774995, 6.294501475147774], [-75.17103107961185, 6.297582322219655], [-75.16880463512095, 6.310933330581874], [-75.17269917522832, 6.3144743903717035], [-75.16839912490138, 6.3212466530016105], [-75.17356253459474, 6.322748247032081], [-75.17239884575729, 6.326343591919942], [-75.1613014534427, 6.321773291346758], [-75.1575079161573, 6.326008656305949], [-75.16005284708321, 6.328553586788928], [-75.15536593218299, 6.330006319188408], [-75.15920211981789, 6.340630622989114], [-75.15271716272227, 6.3557621895838174], [-75.15710087317566, 6.358320793952849], [-75.15471917307055, 6.362389532447814], [-75.15868004544693, 6.3668250173631], [-75.15868435889828, 6.371756693347939], [-75.15298898802155, 6.37864722662965], [-75.1362285464069, 6.384399368231692], [-75.14739018672033, 6.403620288840897], [-75.14502693975145, 6.411595057210898], [-75.1286151339198, 6.406907358872344], [-75.12413983137304, 6.407797856312065], [-75.11144914887139, 6.400367936304443], [-75.0883739377907, 6.393472316010362], [-75.07799397379935, 6.3969018613368185], [-75.06723878515697, 6.404679601603045], [-75.05412949499411, 6.408442510128762], [-75.04570861874285, 6.415669976084338], [-75.03530886598458, 6.417922846797377]]]}}, {"id": "54", "type": "Feature", "properties": {"municipality": "Eb\u00e9jico"}, "geometry": {"type": "Polygon", "coordinates": [[[-75.78478386972044, 6.421069906882483], [-75.76338762260784, 6.414606268295228], [-75.75533194105358, 6.408987814192115], [-75.75150884713234, 6.39849085173621], [-75.73802011633964, 6.39418917686271], [-75.73708745175954, 6.384780056661128], [-75.72731034322288, 6.381125537818296], [-75.72193175560896, 6.363857053348775], [-75.71639743033322, 6.36030330510215], [-75.71380713076044, 6.34723476439428], [-75.71769512427406, 6.345830202257258], [-75.7192879797482, 6.341535088326921], [-75.71562248889073, 6.333980095703738], [-75.71868945698196, 6.330872415311217], [-75.71826876672797, 6.32391066913154], [-75.71051313736979, 6.314465492549314], [-75.70642503210826, 6.283427976088319], [-75.7100319861059, 6.259047708967481], [-75.71615601430466, 6.261539208013632], [-75.71839321708697, 6.265519885602314], [-75.72195731164068, 6.260073453937731], [-75.73165442885762, 6.267543653715752], [-75.73665341980718, 6.267399650842192], [-75.75689133556956, 6.250721851016593], [-75.75869272996836, 6.252377705981943], [-75.76037329911469, 6.2498458698762205], [-75.77224758127356, 6.250769907040891], [-75.77592359708166, 6.246292052046036], [-75.7853113495901, 6.2579571762357915], [-75.78802346420441, 6.2657218900822365], [-75.80477987324001, 6.261975123789904], [-75.81801287917047, 6.252230998828172], [-75.81482992812793, 6.248364590223083], [-75.81993957428332, 6.24479760175215], [-75.81637909533379, 6.237696170095913], [-75.8183057893339, 6.235671839981724], [-75.81622938482818, 6.234422090692154], [-75.81704140239755, 6.224925353338104], [-75.82975037357336, 6.228173077185751], [-75.83243989455197, 6.232069216575191], [-75.84283712022047, 6.23655175411657], [-75.852439173302, 6.24943892116129], [-75.83978281195608, 6.252402745130259], [-75.83857637621972, 6.258999089220268], [-75.84282060167132, 6.270985343396524], [-75.83971337703527, 6.277755274716784], [-75.83361175864627, 6.282433470290156], [-75.83641086496071, 6.287415108272856], [-75.8451481277389, 6.291500213235192], [-75.84718489401337, 6.295897775556365], [-75.84537979759548, 6.3091999668510805], [-75.84147081331423, 6.316114196120584], [-75.8560261681775, 6.327629590572166], [-75.8572890198134, 6.3310861601368735], [-75.85141740618559, 6.3371205142869265], [-75.85122211927398, 6.343844879747691], [-75.84546116684686, 6.3521705963632025], [-75.84962077042947, 6.356167458979203], [-75.85030427275449, 6.367507094917446], [-75.84291593268047, 6.37214189385149], [-75.84345622624622, 6.383208130798158], [-75.83699224182966, 6.392653488188719], [-75.83099694722692, 6.3952898550929405], [-75.83042063598603, 6.40267453756185], [-75.82139094825018, 6.406120805015776], [-75.8196120069558, 6.410137434103128], [-75.81415856931112, 6.409741187314928], [-75.81052308262275, 6.416028739865293], [-75.80069521556446, 6.420806259907739], [-75.7988534663825, 6.401032406962279], [-75.80154124834357, 6.396179925906962], [-75.79342855291617, 6.394048122662001], [-75.78578959068224, 6.39563851203512], [-75.78293026762516, 6.403015228731328], [-75.78478386972044, 6.421069906882483]]]}}, {"id": "55", "type": "Feature", "properties": {"municipality": "Concepci\u00f3n"}, "geometry": {"type": "Polygon", "coordinates": [[[-75.2153137437606, 6.452682841883933], [-75.20953524454735, 6.449793593030973], [-75.19710326698852, 6.449085405169121], [-75.19609848570538, 6.444509413736724], [-75.19351591672138, 6.444864516684077], [-75.19397997157873, 6.441708940698432], [-75.18777373461475, 6.437935970567934], [-75.1854695989965, 6.440195716263275], [-75.1826852664363, 6.438960924642403], [-75.17312773301984, 6.418735878345565], [-75.16763474121474, 6.420289653639752], [-75.16378477809526, 6.4171050167271195], [-75.16264479854767, 6.419457996875197], [-75.15877049503106, 6.4190158009694605], [-75.1450244919724, 6.4118824831938666], [-75.14739018672033, 6.403620288840897], [-75.13608183893908, 6.386115195022527], [-75.13717894832723, 6.382791977770164], [-75.15315294538303, 6.3785436748564805], [-75.15868435889828, 6.371756693347939], [-75.15868004544693, 6.3668250173631], [-75.15471917307055, 6.362389532447814], [-75.15710087317566, 6.358320793952849], [-75.15271716272227, 6.3557621895838174], [-75.15920211981789, 6.340630622989114], [-75.15536593218299, 6.330006319188408], [-75.16005284708321, 6.328553586788928], [-75.1575079161573, 6.326008656305949], [-75.1613014534427, 6.321773291346758], [-75.17239884575729, 6.326343591919942], [-75.17356253459474, 6.322748247032081], [-75.16839912490138, 6.3212466530016105], [-75.17269917522832, 6.3144743903717035], [-75.16889773696138, 6.311243670917736], [-75.1687710143635, 6.306151468361998], [-75.17502952692425, 6.289202848848773], [-75.18245241318138, 6.284734016761551], [-75.19474969792736, 6.285178465243245], [-75.20040876562558, 6.287817632142588], [-75.20494902865423, 6.299917010331436], [-75.20813671482207, 6.304914741969454], [-75.21174956126072, 6.303929783193821], [-75.21753497679387, 6.310914765072734], [-75.22261799165082, 6.323641435976648], [-75.23626004397418, 6.325259912564023], [-75.24178989434039, 6.322245945957966], [-75.24649908881646, 6.332391018788519], [-75.25734072420912, 6.332563106894073], [-75.26091875093837, 6.334936508252263], [-75.25861628735521, 6.350914666139399], [-75.26952240208685, 6.349583159805223], [-75.27144487187472, 6.343933456061454], [-75.2805569808916, 6.345767710816171], [-75.29103154681043, 6.354297390243265], [-75.29490376162647, 6.3525836278990875], [-75.30001052468552, 6.364672809786753], [-75.30246606112509, 6.364988380203792], [-75.30201859057449, 6.370292682866279], [-75.30601993100755, 6.371616598676317], [-75.30282189955766, 6.389878414173494], [-75.3074679323936, 6.392307812667007], [-75.30967044040446, 6.398710514554157], [-75.30133287724051, 6.403974602338342], [-75.28732247430906, 6.40001578597951], [-75.28846223905748, 6.4070180896239295], [-75.27552289127522, 6.41708422002554], [-75.27561380826113, 6.422792754433213], [-75.27088217801419, 6.424898814573773], [-75.26612264079736, 6.4235056324135655], [-75.26549985916068, 6.426962807629694], [-75.25610082503079, 6.433498659297942], [-75.25345734019197, 6.432019831731638], [-75.24400027726551, 6.4364092460769955], [-75.2412763096995, 6.4396841878576465], [-75.24194841023112, 6.447665911219629], [-75.2153137437606, 6.452682841883933]]]}}, {"id": "56", "type": "Feature", "properties": {"municipality": "Caracol\u00ed"}, "geometry": {"type": "Polygon", "coordinates": [[[-74.81155875330899, 6.462132773018406], [-74.80901824141202, 6.4618807642471605], [-74.8098423748462, 6.458127891441729], [-74.80631426407912, 6.454729187089981], [-74.79985524469775, 6.458283570430009], [-74.79160858333309, 6.455226134045957], [-74.779986587195, 6.428101910153596], [-74.76976708459243, 6.428055159863175], [-74.76423190998015, 6.423679381353481], [-74.76075372602853, 6.425212773164969], [-74.75692024415471, 6.412609030711176], [-74.74233110967812, 6.414161127110056], [-74.73645759289926, 6.409829580952624], [-74.7357426780491, 6.40077399061268], [-74.73214006698059, 6.3945500251804654], [-74.72024584421914, 6.393155239660852], [-74.71368393779836, 6.3975782756858735], [-74.71062516482479, 6.3916555597011175], [-74.70565709559484, 6.3940714030774926], [-74.69991621468421, 6.3909087229372625], [-74.6952858443339, 6.367730891907415], [-74.68199869327094, 6.364866946003234], [-74.67824504060135, 6.358457165123339], [-74.68120639960553, 6.342033307710301], [-74.67628379008383, 6.342104747149175], [-74.67465374306595, 6.334597438820185], [-74.65950275417387, 6.3252198023940975], [-74.65037189744784, 6.329252704940933], [-74.64057862999337, 6.326979732316697], [-74.62505097736089, 6.314114705218906], [-74.62300531987053, 6.309635475308796], [-74.62997072384853, 6.304853486562062], [-74.63033975178332, 6.29121482628237], [-74.63340729790266, 6.284303238388761], [-74.63562885089655, 6.231614659051631], [-74.64396682476621, 6.2343511512497765], [-74.67965523123087, 6.286504809864736], [-74.68994748108791, 6.293534522851711], [-74.69633172667864, 6.290095952282112], [-74.69764613111518, 6.280296600225211], [-74.70046271031799, 6.277984661063523], [-74.71320773213196, 6.239996045409873], [-74.73251163364426, 6.243615719188136], [-74.74120565435027, 6.239975850797743], [-74.74696146787798, 6.241280502413689], [-74.7530241556411, 6.25107702208302], [-74.75534815310989, 6.26416262382246], [-74.75892743200207, 6.265530501165714], [-74.7645357294074, 6.263131019905651], [-74.76869065697926, 6.267137756739032], [-74.77613418957216, 6.284846071389192], [-74.77508548372985, 6.291269396873151], [-74.77896683588965, 6.30211552237817], [-74.78400518395544, 6.308213976031316], [-74.79372659001602, 6.313111735234213], [-74.79025992771535, 6.315805436430937], [-74.7944616241701, 6.325785355708805], [-74.79053813934219, 6.330828817900009], [-74.79262828697449, 6.3395888916575105], [-74.78165382942208, 6.350280317146373], [-74.78726209971475, 6.357326101921164], [-74.78240310094644, 6.367581959574109], [-74.78344333778938, 6.3733234273961115], [-74.78659630466342, 6.373783064431848], [-74.79419245461703, 6.36738842985039], [-74.79755508237322, 6.369202798009242], [-74.80064353760483, 6.365066038280543], [-74.80640112971157, 6.368323836435855], [-74.81445584391862, 6.3635385971140295], [-74.81629289786555, 6.365896087792761], [-74.79925160664325, 6.410375858047853], [-74.80447598836528, 6.40883125981669], [-74.80693422405238, 6.404929375933099], [-74.81011717979919, 6.406753938159128], [-74.8129888728613, 6.4033187604134465], [-74.81963419156632, 6.401613643751249], [-74.83047791076295, 6.407578977946604], [-74.82913339303762, 6.417701497225294], [-74.84133946779625, 6.436177412121075], [-74.83348184994783, 6.442597213294224], [-74.82116425572872, 6.447304459336068], [-74.81155875330899, 6.462132773018406]]]}}, {"id": "57", "type": "Feature", "properties": {"municipality": "Caicedo"}, "geometry": {"type": "Polygon", "coordinates": [[[-76.05766301655402, 6.506396623281764], [-76.03892484538454, 6.504192208661527], [-76.03798625377016, 6.4925637966785645], [-76.03158741156, 6.490259145252217], [-76.02456689283808, 6.492670368196165], [-76.01444686418999, 6.490649915428204], [-76.00547767996434, 6.497851759624921], [-75.99180177641416, 6.494563195828433], [-75.98461695475937, 6.487009313402028], [-75.98070137060131, 6.489519708262569], [-75.97605161468286, 6.4868751122708606], [-75.96761258389684, 6.490719646054923], [-75.96541006775425, 6.465023626194346], [-75.95433433265137, 6.45774505831675], [-75.94318009312865, 6.457914786206212], [-75.93998859442877, 6.4437273731816775], [-75.94281476156922, 6.437411914413679], [-75.94182112527244, 6.421330376922479], [-75.92746955536846, 6.414387136562046], [-75.92569333192496, 6.4107873247725795], [-75.91981268139757, 6.411819664310262], [-75.91841723591132, 6.406257868587824], [-75.90502988309551, 6.396612053563912], [-75.90887096472754, 6.394365132550773], [-75.91180987313348, 6.383026169594481], [-75.91016404062216, 6.375526331913286], [-75.92256426682317, 6.365167228822083], [-75.92597565423372, 6.354463490708307], [-75.93009747812158, 6.349768014154969], [-75.94223456030353, 6.345883129616627], [-75.94961714997466, 6.351635433728792], [-75.95798833935976, 6.353819445796668], [-75.96939982989053, 6.346305284020638], [-75.98968478564889, 6.345167558757688], [-75.99520168863641, 6.352008759238823], [-76.0048726003263, 6.3554738941375675], [-76.00919585741529, 6.361032366778302], [-76.01009059691866, 6.367643941431586], [-76.01593411970502, 6.364112492010711], [-76.03165937188966, 6.375641173690629], [-76.04378982925546, 6.378745052107169], [-76.04397194414042, 6.387589515430417], [-76.03981496603996, 6.391271409834694], [-76.03761374775226, 6.404605409719843], [-76.04325089672804, 6.435449607404328], [-76.05850106570253, 6.447421702120061], [-76.06213990638663, 6.457068858558329], [-76.06515074641034, 6.456881795586009], [-76.06788098883347, 6.452641680231627], [-76.07785328160209, 6.453358756574115], [-76.08069932662585, 6.4606720683315], [-76.08666310511691, 6.462787675688765], [-76.0830732581278, 6.479681334764357], [-76.06080894679893, 6.498937989743874], [-76.05766301655402, 6.506396623281764]]]}}, {"id": "58", "type": "Feature", "properties": {"municipality": "San Roque"}, "geometry": {"type": "Polygon", "coordinates": [[[-74.84440263544312, 6.507334569730065], [-74.83674592465823, 6.510232234165988], [-74.83118812794167, 6.498033690137906], [-74.82057655076396, 6.4903167962596715], [-74.81695989573953, 6.483172028878931], [-74.82101245562066, 6.476892264612017], [-74.81721871502872, 6.4761089962043625], [-74.81808371630643, 6.4704626558201745], [-74.8116132408554, 6.465728994738664], [-74.81185422200035, 6.459675784868915], [-74.82101772709031, 6.447441829943153], [-74.84139441697913, 6.437505331697917], [-74.82913339303762, 6.417701497225294], [-74.83064790700723, 6.407748975112638], [-74.81963419156632, 6.401613643751249], [-74.8129888728613, 6.4033187604134465], [-74.81011717979919, 6.406753938159128], [-74.80693422405238, 6.404929375933099], [-74.80447598836528, 6.40883125981669], [-74.79925160664325, 6.410375858047853], [-74.81629289786555, 6.365896087792761], [-74.81445584391862, 6.3635385971140295], [-74.80640112971157, 6.368323836435855], [-74.80064353760483, 6.365066038280543], [-74.79755508237322, 6.369202798009242], [-74.79419245461703, 6.36738842985039], [-74.78659630466342, 6.373783064431848], [-74.78344333778938, 6.3733234273961115], [-74.78240310094644, 6.367581959574109], [-74.78726209971475, 6.357326101921164], [-74.78165382942208, 6.350280317146373], [-74.79262828697449, 6.3395888916575105], [-74.79053813934219, 6.330828817900009], [-74.7944616241701, 6.325785355708805], [-74.79025992771535, 6.315805436430937], [-74.79372659001602, 6.313111735234213], [-74.80950154013331, 6.321935989782132], [-74.83229243022815, 6.341879440839561], [-74.84700913973681, 6.347896161358085], [-74.86144663854911, 6.357975037918635], [-74.8685425619437, 6.365562270260389], [-74.89402752093808, 6.382596695778214], [-74.91410806759974, 6.401512136060125], [-74.92260012744015, 6.405852142594583], [-74.93122646918799, 6.404675457191642], [-74.93574275572125, 6.401079390134569], [-74.9504087211444, 6.402217263958377], [-74.95298790798105, 6.3965953113446705], [-74.9674684419923, 6.394740995120292], [-74.97968521411713, 6.383042976739018], [-74.99179947658858, 6.387089714768345], [-75.00526324475997, 6.386106215325312], [-75.01029841329006, 6.388530042803423], [-75.00990948856858, 6.393495759865077], [-75.01996593497772, 6.400864464818947], [-75.01856130502856, 6.403858301890459], [-75.02753261627554, 6.41451337818135], [-75.03319778416463, 6.415863898335897], [-75.03294537044658, 6.419812842769366], [-75.0408365533742, 6.4292774736958895], [-75.04838429365746, 6.43283968841298], [-75.06273798015748, 6.447430984747997], [-75.09700831793111, 6.463137475353059], [-75.09938312783585, 6.466714357157392], [-75.09600464402634, 6.468944033643699], [-75.10206985717275, 6.470691949780421], [-75.1036602859945, 6.473862385796286], [-75.1020811752801, 6.479281449139594], [-75.1084925618048, 6.482620408829078], [-75.10763923878416, 6.4869333991764], [-75.09779201412154, 6.484343603863714], [-75.09141406392628, 6.4763204613704195], [-75.07624376693492, 6.4937009930803935], [-75.07171866016023, 6.49172109974047], [-75.06418618066674, 6.495849109030205], [-75.06012054372631, 6.493551840657581], [-75.05930499370336, 6.497064356800722], [-75.05177932726369, 6.499212241069644], [-75.05044699305124, 6.5015175832897025], [-75.0534830991945, 6.504650587589025], [-75.05033798373746, 6.507270843642417], [-75.02192293501137, 6.518123306572249], [-75.0182812226419, 6.531382049161034], [-75.0220602059943, 6.536977851815481], [-75.01930673384066, 6.540330664181587], [-75.00657185138758, 6.545665251337565], [-74.99956080939934, 6.540330663686374], [-74.99155893174016, 6.5446390279027655], [-74.98966572972196, 6.549416265937943], [-74.97733337440818, 6.534973961965834], [-74.96970166770328, 6.536426876119269], [-74.96792969757726, 6.539173952359685], [-74.95740273177499, 6.53355398179163], [-74.95247476963281, 6.5340677460918775], [-74.95231618379184, 6.530357357902837], [-74.9481405231922, 6.528336367872893], [-74.94239210774394, 6.532197478105979], [-74.93684814970304, 6.532378345335271], [-74.93324654409992, 6.5274949446288995], [-74.92647583785583, 6.525112223213263], [-74.91449931794298, 6.524546030685202], [-74.91477455000474, 6.520346780919565], [-74.91102353230254, 6.516139661566315], [-74.90027375878265, 6.518034832861136], [-74.88728576070523, 6.5117094099934985], [-74.87237015656447, 6.510901408057865], [-74.85390995804765, 6.502343660933513], [-74.84791776564586, 6.508542276964633], [-74.84440263544312, 6.507334569730065]]]}}, {"id": "59", "type": "Feature", "properties": {"municipality": "Santo Domingo"}, "geometry": {"type": "Polygon", "coordinates": [[[-75.20754995919096, 6.555450887661049], [-75.19829017197894, 6.552197094438239], [-75.19268055295625, 6.553811627817103], [-75.1718589410686, 6.550346375418672], [-75.16944156023024, 6.546625285046389], [-75.15333780724515, 6.541628247059007], [-75.14271943206998, 6.542848837317704], [-75.1365052932248, 6.547671501366783], [-75.13000688109028, 6.546656009575566], [-75.12289470281515, 6.5392960729006795], [-75.12161747540645, 6.533871938365228], [-75.11270168978395, 6.534086343825233], [-75.09929897141015, 6.539492930390846], [-75.08989431767537, 6.537856917965656], [-75.08870202982793, 6.536698563644427], [-75.09398320942823, 6.534498949747032], [-75.0919023671073, 6.530228990763006], [-75.09298751999981, 6.520857653262785], [-75.08047110442577, 6.506692731438361], [-75.06944433726261, 6.511350811226056], [-75.06508395062424, 6.535446615693114], [-75.05721284576437, 6.5338434840680835], [-75.04953446565766, 6.536865778383612], [-75.04251310833229, 6.534338439749033], [-75.03720164475257, 6.540052876073223], [-75.0308395661352, 6.537638931441462], [-75.02853808086837, 6.54082153144042], [-75.02668255396821, 6.53865731070912], [-75.01964733323285, 6.539556573967992], [-75.02204405691546, 6.536598336657972], [-75.01828122294052, 6.531293226445871], [-75.02192293501137, 6.518123306572249], [-75.05033798373746, 6.507270843642417], [-75.05349521091665, 6.504565801792769], [-75.05048332883075, 6.501037135287343], [-75.05930499370336, 6.497064356800722], [-75.059906562698, 6.493672961687297], [-75.06418618066674, 6.495849109030205], [-75.07171866016023, 6.49172109974047], [-75.07624376693492, 6.4937009930803935], [-75.09141406392628, 6.4763204613704195], [-75.09779201412154, 6.484343603863714], [-75.10763923878416, 6.4869333991764], [-75.10849256243374, 6.48288011593752], [-75.1020811752801, 6.479281449139594], [-75.10213162075345, 6.470747538829303], [-75.09600464402634, 6.468944033643699], [-75.09938312783585, 6.466714357157392], [-75.09712213305625, 6.463227328714261], [-75.06273798015748, 6.447430984747997], [-75.04838429365746, 6.43283968841298], [-75.0408365533742, 6.4292774736958895], [-75.03257685732957, 6.418151319626424], [-75.04570861874285, 6.415669976084338], [-75.05412949499411, 6.408442510128762], [-75.0727674587073, 6.4021892645684], [-75.07799397379935, 6.3969018613368185], [-75.09232407833761, 6.393623014604892], [-75.0968359141559, 6.397527491184597], [-75.11144914887139, 6.400367936304443], [-75.12413983137304, 6.407797856312065], [-75.1286151339198, 6.406907358872344], [-75.15411997816369, 6.4148845613347545], [-75.15877049503106, 6.4190158009694605], [-75.16264479854767, 6.419457996875197], [-75.16378477809526, 6.4171050167271195], [-75.16763474121474, 6.420289653639752], [-75.17312773301984, 6.418735878345565], [-75.1826852664363, 6.438960924642403], [-75.1854695989965, 6.440195716263275], [-75.18777373461475, 6.437935970567934], [-75.19397997157873, 6.441708940698432], [-75.19354012808168, 6.4449210117515126], [-75.19609848570538, 6.444509413736724], [-75.19727678304687, 6.449154007242332], [-75.20953524454735, 6.449793593030973], [-75.21556124041489, 6.452682841685807], [-75.24181027861526, 6.447755231308632], [-75.23716677427912, 6.456874997409879], [-75.236464160187, 6.46557521588901], [-75.23013519007169, 6.468859322767043], [-75.23284367210584, 6.475899990585223], [-75.21990460840445, 6.479170714965497], [-75.21712697839467, 6.487204437881867], [-75.22491387001284, 6.490147428054155], [-75.22805152998605, 6.495913163938759], [-75.24323024575418, 6.499663467209903], [-75.2483776113139, 6.506854891176995], [-75.2634136141865, 6.5092071198790995], [-75.25114937177257, 6.521131669844948], [-75.25093649159963, 6.527629584946205], [-75.24483899415456, 6.532652546440744], [-75.23619707099182, 6.534948611128798], [-75.23589802531224, 6.541030901599633], [-75.23062163616609, 6.547609914595714], [-75.21717977112206, 6.546403596181646], [-75.20754995919096, 6.555450887661049]]]}}, {"id": "60", "type": "Feature", "properties": {"municipality": "Cisneros"}, "geometry": {"type": "Polygon", "coordinates": [[[-75.08778726115187, 6.585223207739601], [-75.07590469512635, 6.5799693505842605], [-75.0684857190124, 6.582197721836159], [-75.0624648312065, 6.580130052662256], [-75.06098639282327, 6.577001762362829], [-75.0573760031507, 6.579422974752065], [-75.05496503757684, 6.573896273263883], [-75.05738890090505, 6.569917557309507], [-75.03200552439472, 6.543573589565562], [-75.03436060492182, 6.538136985172255], [-75.03738561076973, 6.5400003130970426], [-75.04135675190533, 6.537947673835257], [-75.04231600210258, 6.534377860869598], [-75.04953446565766, 6.536865778383612], [-75.05721284576437, 6.5338434840680835], [-75.06508395062424, 6.535446615693114], [-75.06944433726261, 6.511350811226056], [-75.08047110442577, 6.506692731438361], [-75.09298751999981, 6.520857653262785], [-75.0919023671073, 6.530228990763006], [-75.09398320942823, 6.534498949747032], [-75.08969102661524, 6.537745593551074], [-75.09929897141015, 6.539492930390846], [-75.11270168978395, 6.534086343825233], [-75.12161747540645, 6.533871938365228], [-75.12289470281515, 6.5392960729006795], [-75.12907270766453, 6.546167142383729], [-75.1365052932248, 6.547671501366783], [-75.12958249940635, 6.5517424134045195], [-75.12118408378001, 6.56708826384134], [-75.11429042839912, 6.569664665150026], [-75.10820885677437, 6.5673331953532115], [-75.09402659623314, 6.569656741801494], [-75.09145651512017, 6.573618921416897], [-75.09286748313956, 6.582920859910648], [-75.08778726115187, 6.585223207739601]]]}}, {"id": "61", "type": "Feature", "properties": {"municipality": "Urrao"}, "geometry": {"type": "Polygon", "coordinates": [[[-76.37834420183444, 6.5935410660278], [-76.37270871814731, 6.590536467622894], [-76.36970412376523, 6.584938355757479], [-76.36171429265066, 6.582262623562948], [-76.36435265630855, 6.574706289932394], [-76.3608846662598, 6.571275673161407], [-76.36414338116369, 6.565520600885796], [-76.35675148033421, 6.561051078669007], [-76.35434481450969, 6.556618931345475], [-76.35610123154234, 6.553674129108434], [-76.35332833512905, 6.552538061213829], [-76.35014436120996, 6.556260172381537], [-76.35093661655263, 6.551424419176438], [-76.3429393133695, 6.548487090157314], [-76.34607096836244, 6.539779743685728], [-76.34021873534512, 6.534996309952547], [-76.34497227271031, 6.528202340138791], [-76.34221057563403, 6.520667461722003], [-76.33631100687816, 6.513744768413826], [-76.31784163492438, 6.5062108613575615], [-76.30293326466862, 6.50954597476503], [-76.30188522780043, 6.512999018737281], [-76.29605500188931, 6.51637025821847], [-76.29519547759702, 6.525772700019225], [-76.28930587506053, 6.5272899424164015], [-76.2832817371318, 6.536602690640279], [-76.27609163682651, 6.5375444322457215], [-76.27277312915552, 6.541647720555269], [-76.26355476097673, 6.536245429582396], [-76.24774739399277, 6.538543488728205], [-76.24434955228172, 6.547165114024901], [-76.22808961234924, 6.564907420013905], [-76.22604045758526, 6.571757449795003], [-76.21408187182382, 6.574288684315278], [-76.205940068153, 6.57177738130851], [-76.19740961000566, 6.578524014068052], [-76.19529692608957, 6.585888511329926], [-76.1827105139641, 6.585190926022527], [-76.17848390214598, 6.588732413109293], [-76.17424607804826, 6.587588873642275], [-76.16284711597082, 6.59279272509137], [-76.15759354317747, 6.590099967862629], [-76.15444491432154, 6.583241454927097], [-76.13987635706374, 6.576365096780151], [-76.13630997406916, 6.577740371281829], [-76.13170813130415, 6.57358869571785], [-76.13248827767806, 6.568304677807405], [-76.12256613782814, 6.564925506003175], [-76.11461640065255, 6.553719534049293], [-76.10770939589902, 6.551393829745666], [-76.10165816940348, 6.554146726447019], [-76.09786586072777, 6.551790040556453], [-76.09190496703766, 6.54002618282941], [-76.08010473813154, 6.5428938160672825], [-76.07693533661875, 6.5413137152857885], [-76.07047341876952, 6.513687156412278], [-76.06674428131598, 6.509196722653562], [-76.05793173095554, 6.507026907710876], [-76.06080894679893, 6.498937989743874], [-76.0830732581278, 6.479681334764357], [-76.0865962966646, 6.462605064150247], [-76.08069932662585, 6.4606720683315], [-76.07785328160209, 6.453358756574115], [-76.06788098883347, 6.452641680231627], [-76.06515074641034, 6.456881795586009], [-76.06213990638663, 6.457068858558329], [-76.05850106570253, 6.447421702120061], [-76.04325089672804, 6.435449607404328], [-76.03761374775226, 6.404605409719843], [-76.03981496603996, 6.391271409834694], [-76.04397194414042, 6.387589515430417], [-76.04378982925546, 6.378745052107169], [-76.03165937188966, 6.375641173690629], [-76.01593411970502, 6.364112492010711], [-76.01009059691866, 6.367643941431586], [-76.00919585741529, 6.361032366778302], [-76.0048726003263, 6.3554738941375675], [-75.99520168863641, 6.352008759238823], [-75.99246402168998, 6.346574992307665], [-75.98815858099206, 6.344852815582509], [-75.99122376267964, 6.32482022115646], [-75.98967096521554, 6.317132167925926], [-75.99819355075579, 6.307613510569855], [-75.99601280565882, 6.301236307977298], [-76.00258450873545, 6.290002528286977], [-76.00194207387341, 6.286542805694413], [-76.01154324286351, 6.281656756952492], [-76.01368346680158, 6.275632449704633], [-76.02101695725524, 6.274341686682711], [-76.02838826662013, 6.264219765258385], [-76.04792975096676, 6.260887990868291], [-76.04944595794598, 6.254770118868385], [-76.04575047985682, 6.2427465536060405], [-76.04829664724492, 6.238807952112432], [-76.04694841596236, 6.227363463822237], [-76.03850871397263, 6.223930632687886], [-76.0382690293319, 6.217024505444505], [-76.03398415977817, 6.210883056842947], [-76.03992521637447, 6.196808417440368], [-76.03047062998857, 6.18652257229187], [-76.03148525409462, 6.17807464277295], [-76.01639685979544, 6.1696424271096735], [-76.01831434280362, 6.153972501165768], [-76.01620039587644, 6.149123782687056], [-76.01874656304432, 6.140086462555746], [-76.01661395211484, 6.129148358706299], [-76.0134489250403, 6.122953865559351], [-76.00845678857866, 6.121191592022554], [-76.01168664759787, 6.110417532228569], [-76.00512640486801, 6.098941776359691], [-76.00765161633926, 6.08983634764164], [-75.99645217397527, 6.078337255133006], [-75.99854618900939, 6.069833746139154], [-76.0078964631909, 6.067670045208528], [-76.0143289986962, 6.060869416006278], [-76.013122714156, 6.057355824833764], [-76.02119486855189, 6.054472873098849], [-76.0277878260479, 6.048634004002509], [-76.04506594855849, 6.048354559995033], [-76.05087629899903, 6.052146526201688], [-76.05784696883289, 6.051442267392897], [-76.05915002680217, 6.044955860726545], [-76.05528023469351, 6.037039031224391], [-76.06703137256167, 6.030519007565433], [-76.07690036698885, 6.032891918692103], [-76.08474452581127, 6.02426757715512], [-76.083206215978, 6.016932154849456], [-76.09696478407025, 6.0035161290496], [-76.10435655863684, 6.017905803776138], [-76.1135328312055, 6.02125390791975], [-76.12373213222294, 6.018215812883806], [-76.12441415077218, 6.0120776328646945], [-76.13185437601398, 5.999801274798154], [-76.1438207263039, 5.997631204671942], [-76.14921488489694, 6.003025373668326], [-76.1591971797813, 6.003583391183039], [-76.16508754840267, 6.007205886442344], [-76.1726515804071, 6.017391196072067], [-76.17017150181388, 6.026753473022709], [-76.17474143029739, 6.043577749586313], [-76.18323649160855, 6.048207794198026], [-76.19090646014297, 6.057729740654412], [-76.1969565236498, 6.080175258836353], [-76.19592172160417, 6.105451162445015], [-76.20205829003248, 6.121826306259706], [-76.20331866191013, 6.135158747679258], [-76.20067517177743, 6.14120225358803], [-76.20578836460287, 6.147345669838131], [-76.20120759290262, 6.160302316668869], [-76.21344725253911, 6.167252215757713], [-76.2146522687529, 6.1741227531413], [-76.210220920262, 6.17717416412205], [-76.20946804561235, 6.184548608083284], [-76.21421608281405, 6.188015426321135], [-76.2242773976311, 6.188250944429077], [-76.22600138687062, 6.194487454981086], [-76.23767364255151, 6.208345312014593], [-76.24866990631459, 6.204126519645774], [-76.25400535980901, 6.205530586928162], [-76.25574935915884, 6.208959467348671], [-76.26155036928415, 6.209162358867194], [-76.28518559308144, 6.193406707326715], [-76.29562423823586, 6.200685761430008], [-76.30973439291715, 6.199792092131548], [-76.32640514900474, 6.202591713193166], [-76.33278932280692, 6.196162549368269], [-76.38981234714501, 6.191494803723797], [-76.40517388788876, 6.185585769130878], [-76.4085169945557, 6.180146298922822], [-76.40913604163545, 6.172380083261287], [-76.42083012216065, 6.165723323136529], [-76.43794332505809, 6.169561574356362], [-76.44524959182421, 6.168441554330895], [-76.45047202935584, 6.175250441659493], [-76.45008360429757, 6.195243950624335], [-76.4571339501376, 6.204965098290747], [-76.46749936296628, 6.210537325873512], [-76.48240128105631, 6.215332411609012], [-76.48593363413836, 6.212838703319563], [-76.49359185078232, 6.2176920981191115], [-76.49253183777338, 6.212178994359885], [-76.49920388761666, 6.213293321121086], [-76.50267561389578, 6.2082218792722985], [-76.50114640469835, 6.200947681300395], [-76.51136582324243, 6.196135125620157], [-76.51228711788359, 6.202346325966589], [-76.51876248025022, 6.2088224891757156], [-76.52387612361834, 6.221995515085286], [-76.51976761635717, 6.241283446736926], [-76.52444138858391, 6.287235318269962], [-76.53061793866699, 6.305309997935023], [-76.53005267381627, 6.311858798273979], [-76.52576493513897, 6.316587716814513], [-76.52387612391041, 6.330057559824045], [-76.5228145297536, 6.3671720027424685], [-76.5265645775474, 6.374217133059951], [-76.52517209661995, 6.38346816713729], [-76.52987344356906, 6.387811054187627], [-76.5320793543187, 6.396165939587831], [-76.5379663778637, 6.39788930832087], [-76.54303997296948, 6.411690036392301], [-76.53476780826468, 6.420734271715856], [-76.54139932704886, 6.430578147126328], [-76.54902350508138, 6.436368662342755], [-76.54400505776358, 6.486387686293553], [-76.54601795207041, 6.49239878904623], [-76.55941885924294, 6.503759230964271], [-76.56071483099782, 6.513547957843606], [-76.56755315427705, 6.52357106407243], [-76.57761762084341, 6.528451640677522], [-76.58216731131864, 6.53504179774099], [-76.57007616375068, 6.542142075627901], [-76.56378876187917, 6.566365876208858], [-76.55230144149898, 6.570619980290346], [-76.54655301611082, 6.584839901076485], [-76.53526709958324, 6.589720498966353], [-76.53163467950037, 6.589451429618204], [-76.52887673124594, 6.585400461302084], [-76.52396623637705, 6.586932654323441], [-76.51679855868723, 6.574555519375799], [-76.5174712289053, 6.563673203415115], [-76.51356974028309, 6.5563111979416515], [-76.52262089509604, 6.544778639588053], [-76.51870445815952, 6.542073006908294], [-76.51184446513861, 6.528416552971518], [-76.50773868383875, 6.528147481970301], [-76.50012505083662, 6.52232763718911], [-76.49449828682552, 6.5254505727064736], [-76.49215888900504, 6.524321981826736], [-76.49159085627387, 6.519695501798748], [-76.48466982377543, 6.514119812007329], [-76.48368230552857, 6.496655604849271], [-76.47049351602567, 6.489641867394251], [-76.46440792521052, 6.495621160285144], [-76.45690058968343, 6.497919867422923], [-76.4517716850516, 6.527311412674324], [-76.44714769907434, 6.529955588936476], [-76.44907435979442, 6.537290192058576], [-76.43294464626099, 6.555996707717263], [-76.43330340419048, 6.560062629606704], [-76.42731414492326, 6.560052665148866], [-76.4180960680943, 6.567257713125252], [-76.41909261709247, 6.571144252796181], [-76.41246556682398, 6.572858316065832], [-76.41370128826466, 6.578179885676403], [-76.40469248603415, 6.579535192146186], [-76.40458286628638, 6.587477686285056], [-76.39067439220061, 6.587322831958986], [-76.38300805086331, 6.5922629891803695], [-76.38019778294758, 6.590745744202374], [-76.37834420183444, 6.5935410660278]]]}}, {"id": "62", "type": "Feature", "properties": {"municipality": "Sopetr\u00e1n"}, "geometry": {"type": "Polygon", "coordinates": [[[-75.7173346112046, 6.634815818173648], [-75.71049282598561, 6.621724926770168], [-75.7058657825767, 6.620997074893597], [-75.69457371868306, 6.6071263439643415], [-75.69256693364773, 6.5977994732771545], [-75.69634135320683, 6.586902526676682], [-75.69371594825901, 6.5814679607416116], [-75.68633486028453, 6.574529455320442], [-75.67568439337008, 6.571231521574217], [-75.67262916501478, 6.5652067238286], [-75.67381413619661, 6.552514680129959], [-75.67187249634563, 6.549959138880615], [-75.66674713662292, 6.54988775381477], [-75.66090794004151, 6.541250311241825], [-75.65491169761574, 6.538966028446001], [-75.65275590627942, 6.5276873834217035], [-75.64817306431587, 6.524475112308489], [-75.6464455756455, 6.5187644063012815], [-75.64934375895362, 6.512596840587401], [-75.64761627143427, 6.5045019145744165], [-75.6503901732486, 6.501990437986359], [-75.67776294088696, 6.508429289315966], [-75.68545097918823, 6.506708941261264], [-75.69287237007502, 6.501258784632712], [-75.71305971391364, 6.497322548229989], [-75.71934452505143, 6.490897222082441], [-75.73285991807423, 6.490950611625431], [-75.73271120103516, 6.486233330068614], [-75.73739874021798, 6.4800824221903195], [-75.75205185656746, 6.474530743157675], [-75.75717068993512, 6.464771008747419], [-75.76262790630396, 6.465240353715774], [-75.76426259603745, 6.467753062121299], [-75.7689649056988, 6.458070282343123], [-75.76728217708907, 6.437331572295528], [-75.77706848340172, 6.439203980342014], [-75.77757100255826, 6.4238175522111325], [-75.77969454682317, 6.419624023728608], [-75.78525570085834, 6.421254938999725], [-75.78297726539073, 6.415821557800178], [-75.78424149624595, 6.3977872362135235], [-75.79179586219314, 6.39428498657297], [-75.79945174286281, 6.39454723498044], [-75.80154124834357, 6.396179925906962], [-75.7988534663825, 6.401032406962279], [-75.80069521556446, 6.420806259907739], [-75.81052308262275, 6.416028739865293], [-75.81415856931112, 6.409741187314928], [-75.8196120069558, 6.410137434103128], [-75.81777969297835, 6.43329009179066], [-75.82524644242382, 6.445796540043321], [-75.82256240929811, 6.457489211106479], [-75.82617443088851, 6.469153328700625], [-75.82191995514405, 6.479518261311199], [-75.82387587241928, 6.487470422208974], [-75.81983554668692, 6.495265533973756], [-75.82102051877634, 6.510955701379921], [-75.81757981815102, 6.514210805314128], [-75.80604419064802, 6.51465338190615], [-75.80132808638737, 6.5382628159023], [-75.79849673899555, 6.539892752829711], [-75.79345122041936, 6.53756503995117], [-75.78216543735587, 6.542526215864019], [-75.77830357193295, 6.539842183762941], [-75.77323531989114, 6.541641056103275], [-75.76880896667653, 6.5401373401481395], [-75.75436444902763, 6.547698076575671], [-75.75622673375153, 6.5586530578230775], [-75.75951157991466, 6.56340364880852], [-75.75931432291387, 6.573160153027224], [-75.76513567402928, 6.578579374630413], [-75.76557343484369, 6.590108961230149], [-75.76315828195885, 6.596946937325334], [-75.75976639031144, 6.602750672927816], [-75.75633996654882, 6.602201019357681], [-75.74669172843456, 6.6157258754087875], [-75.7245093165714, 6.621747133406573], [-75.71917254414922, 6.627080109815651], [-75.7173346112046, 6.634815818173648]]]}}, {"id": "63", "type": "Feature", "properties": {"municipality": "Maceo"}, "geometry": {"type": "Polygon", "coordinates": [[[-74.56130639978284, 6.638468870404147], [-74.56379907221239, 6.630178161004699], [-74.56752306794426, 6.6271735717010545], [-74.57971068909254, 6.625908729737171], [-74.5772985549164, 6.6210562533410355], [-74.58103195471834, 6.618996772105489], [-74.58043950080524, 6.615465555596539], [-74.5840788602662, 6.6182538520548535], [-74.59034664512708, 6.613998530096465], [-74.59385904978603, 6.597804790366011], [-74.59706112183329, 6.5989332744519595], [-74.60083213685894, 6.590394416039827], [-74.60659680720207, 6.588729902602076], [-74.60815787621844, 6.581695689626256], [-74.63040828690754, 6.570395776994953], [-74.630284173905, 6.56259491323307], [-74.62178608695915, 6.555505873611986], [-74.62150135683923, 6.541232885147592], [-74.62859701541193, 6.52856866674866], [-74.63052166299286, 6.514449319839695], [-74.63748668133968, 6.505015387627537], [-74.63897271623654, 6.486304189012703], [-74.6454181431402, 6.475053466832178], [-74.64398902261276, 6.473341398702542], [-74.65044622363911, 6.450087772878583], [-74.6593642072773, 6.451221251309893], [-74.661869359211, 6.448400052925328], [-74.66380995872541, 6.449367301947159], [-74.66328338970156, 6.454137806338915], [-74.67107188276219, 6.4527767552929], [-74.67827888303779, 6.455673412734418], [-74.67619463338156, 6.4609801522942965], [-74.67976189038733, 6.463114747723445], [-74.6780970018898, 6.470948396001207], [-74.69570809654873, 6.473857441863527], [-74.69511580959775, 6.475989679117438], [-74.69846136111953, 6.474764504628029], [-74.71750989736564, 6.483084910060818], [-74.72845949526692, 6.481721091728863], [-74.73048327412563, 6.476659745413222], [-74.7359659192912, 6.476557591643228], [-74.7434235353971, 6.480168009686485], [-74.74795131602205, 6.48571133685464], [-74.75715408257565, 6.4856502108208005], [-74.75751033872464, 6.4809397179680035], [-74.75194941155716, 6.477815792995898], [-74.75207059766242, 6.467211270083065], [-74.7475570994381, 6.452379472913477], [-74.75026125485942, 6.449349009404046], [-74.74901167761226, 6.44465222200957], [-74.7429450097646, 6.444313952964928], [-74.74172174114128, 6.450052325189218], [-74.73766708440056, 6.445379157572735], [-74.73438324816192, 6.449122621594623], [-74.71923527367255, 6.440057695089784], [-74.72419157988281, 6.434043168985817], [-74.72563841498145, 6.419951475264163], [-74.72074189556305, 6.411485700565614], [-74.72300780587305, 6.408801283127164], [-74.72093321312659, 6.408849110884779], [-74.71982828897448, 6.399668154446785], [-74.72197090229609, 6.398608474678853], [-74.7171197920199, 6.396007983203243], [-74.71988838681322, 6.393239348371912], [-74.73286900032818, 6.395103737181277], [-74.73645759289926, 6.409829580952624], [-74.7417563741343, 6.413985899789806], [-74.75704179398961, 6.412702533952344], [-74.76075372602853, 6.425212773164969], [-74.76423190998015, 6.423679381353481], [-74.76976708459243, 6.428055159863175], [-74.779986587195, 6.428101910153596], [-74.79160858333309, 6.455226134045957], [-74.79985524469775, 6.458283570430009], [-74.80631426407912, 6.454729187089981], [-74.8098423748462, 6.458127891441729], [-74.80892288585059, 6.461696867394936], [-74.81169497411166, 6.46232348125016], [-74.81166091936889, 6.465926512687622], [-74.81816544761206, 6.470626120598997], [-74.81721871502872, 6.4761089962043625], [-74.82101245562066, 6.476892264612017], [-74.81698032894843, 6.482776990276802], [-74.82029729926053, 6.489901321804883], [-74.83118812794167, 6.498033690137906], [-74.83427352333362, 6.507562311875118], [-74.84139532365496, 6.513826126708906], [-74.84272761784236, 6.520488587215681], [-74.85351432427069, 6.530409258721043], [-74.86439387196451, 6.531313068681857], [-74.86293500015859, 6.55648500036559], [-74.80176399986979, 6.6146689996101], [-74.77346884435296, 6.595895146994387], [-74.7706735303028, 6.598000959482116], [-74.77120147720085, 6.604186863946184], [-74.76613267272373, 6.606271560637167], [-74.76625311295118, 6.608434276811504], [-74.76149387581249, 6.607570821095163], [-74.759977471325, 6.623158656615278], [-74.75256326577546, 6.631333844085433], [-74.74785965324409, 6.63096234706995], [-74.7487657840542, 6.633153492313093], [-74.74477934228518, 6.6365647310019105], [-74.7344856749582, 6.629848863226155], [-74.7275448362821, 6.635900206897489], [-74.71287881843706, 6.6335397315638955], [-74.70680195816095, 6.6233246996254165], [-74.70103011006455, 6.621441186224826], [-74.69746490817654, 6.6259992026385435], [-74.6916237985778, 6.628169158987827], [-74.68080254868343, 6.618216784948983], [-74.67304244111214, 6.621239838249482], [-74.6656688115155, 6.618711716053976], [-74.6658671046257, 6.622344790523294], [-74.65551133920037, 6.623701551666418], [-74.64875998043425, 6.6187675705882505], [-74.64533743926428, 6.6210929562288605], [-74.64513022328742, 6.618864482209382], [-74.63782647276628, 6.624785372354843], [-74.63260286592201, 6.6242836357630885], [-74.62679835562558, 6.6351524911239235], [-74.6282746125463, 6.637964285751612], [-74.62458110242149, 6.63833842663789], [-74.6231251409161, 6.644677571862307], [-74.6262043199295, 6.645897906038522], [-74.62271007438828, 6.648164280397458], [-74.62500763344231, 6.652038913411163], [-74.62344000543924, 6.654202121278949], [-74.61253907336926, 6.653062604773369], [-74.60338922718174, 6.656226808401685], [-74.60038079841762, 6.652012191393934], [-74.58570760222739, 6.648952022972077], [-74.57486988490449, 6.6380886258333796], [-74.57304426766494, 6.644079088259328], [-74.5673002678433, 6.641190219776219], [-74.56745808711852, 6.638944444939406], [-74.56130639978284, 6.638468870404147]]]}}, {"id": "64", "type": "Feature", "properties": {"municipality": "Olaya"}, "geometry": {"type": "Polygon", "coordinates": [[[-75.78464321793534, 6.665798332293414], [-75.77166196100171, 6.664845164261775], [-75.75121763213896, 6.6473513665875394], [-75.7466141683841, 6.650993528628303], [-75.74184356384657, 6.647454712844112], [-75.73488399890613, 6.64720760687944], [-75.73074373700051, 6.653465590285198], [-75.72080948790749, 6.6527160585592044], [-75.7168281125964, 6.648174847188728], [-75.71777151734574, 6.634830491114449], [-75.71917254414922, 6.627080109815651], [-75.7245093165714, 6.621747133406573], [-75.74669172843456, 6.6157258754087875], [-75.75633996654882, 6.602201019357681], [-75.75976639031144, 6.602750672927816], [-75.76315828195885, 6.596946937325334], [-75.76557343484369, 6.590108961230149], [-75.76513567402928, 6.578579374630413], [-75.75931432291387, 6.573160153027224], [-75.75951157991466, 6.56340364880852], [-75.75622673375153, 6.5586530578230775], [-75.75436444902763, 6.547698076575671], [-75.76880896667653, 6.5401373401481395], [-75.77323531989114, 6.541641056103275], [-75.77830357193295, 6.539842183762941], [-75.78265084705563, 6.5425190766314145], [-75.7901318720375, 6.53824318572435], [-75.7958639940922, 6.537764916580841], [-75.79791839933873, 6.540139807249949], [-75.80132808638737, 6.5382628159023], [-75.7970461218373, 6.566615677743779], [-75.79820015965795, 6.586484175619045], [-75.80494593234378, 6.592551802301858], [-75.80373240668102, 6.600404023814601], [-75.8094074223125, 6.603342656939967], [-75.81027592460015, 6.61177784611299], [-75.81489207914584, 6.620534265027288], [-75.8162721667152, 6.634406521986006], [-75.82278895341373, 6.641549835685383], [-75.82401297517839, 6.649036590269103], [-75.81954434676011, 6.6576383420043745], [-75.80704696186484, 6.653947442005598], [-75.79714840365072, 6.65569039725467], [-75.78987558102595, 6.658722424921534], [-75.78464321793534, 6.665798332293414]]]}}, {"id": "65", "type": "Feature", "properties": {"municipality": "Santa Fe De Antioquia"}, "geometry": {"type": "Polygon", "coordinates": [[[-75.8400997130665, 6.6829836868167325], [-75.83311035453768, 6.680795071697764], [-75.83684239906131, 6.6680940798284025], [-75.8325637491154, 6.6553868564103045], [-75.83321351504651, 6.6498822308580765], [-75.81675995561335, 6.635560559265221], [-75.8094074223125, 6.603342656939967], [-75.80339928310303, 6.59989244076126], [-75.80494593234378, 6.592551802301858], [-75.79812877671667, 6.585889311654594], [-75.79847231095387, 6.547487784107841], [-75.80533035266141, 6.516238106314229], [-75.8085140718883, 6.512997277585167], [-75.81832618168988, 6.513874736210989], [-75.82173435681176, 6.5083716080326806], [-75.81983554668692, 6.495265533973756], [-75.82387587241928, 6.487470422208974], [-75.82191995514405, 6.479518261311199], [-75.82617443088851, 6.469153328700625], [-75.82256240929811, 6.457489211106479], [-75.82524644242382, 6.445796540043321], [-75.81777969297835, 6.43329009179066], [-75.81966842913151, 6.408217358361604], [-75.8300367601836, 6.403014121934503], [-75.83097741771299, 6.397255739573613], [-75.83328148815777, 6.396820380395644], [-75.83782243541833, 6.400878680754286], [-75.8434714273881, 6.40150408059385], [-75.85008570998166, 6.39783325713795], [-75.85256842725882, 6.405372043052569], [-75.86088641518742, 6.409985409034767], [-75.86214571181274, 6.40812959988393], [-75.86845303070064, 6.410847667140895], [-75.87859517173206, 6.409475568901262], [-75.88683413519774, 6.4122218907456325], [-75.89098080796133, 6.407483807114], [-75.90116898459604, 6.405400653577376], [-75.90502100214432, 6.396287893122988], [-75.91841723591132, 6.406257868587824], [-75.91981268139757, 6.411819664310262], [-75.92569333192496, 6.4107873247725795], [-75.92746955536846, 6.414387136562046], [-75.94182112527244, 6.421330376922479], [-75.94281476156922, 6.437411914413679], [-75.93998859442877, 6.4437273731816775], [-75.94318009312865, 6.457914786206212], [-75.95433433265137, 6.45774505831675], [-75.96541006775425, 6.465023626194346], [-75.96761258389684, 6.490719646054923], [-75.97605161468286, 6.4868751122708606], [-75.98070137060131, 6.489519708262569], [-75.98461695475937, 6.487009313402028], [-75.99180177641416, 6.494563195828433], [-76.00547767996434, 6.497851759624921], [-76.01473105977045, 6.49058330694005], [-76.03773314299275, 6.492199668583585], [-76.03892484538454, 6.504192208661527], [-76.03531872356055, 6.507780545821931], [-76.03456139255817, 6.527344130773317], [-76.03026835017944, 6.537173769120169], [-76.02590964460896, 6.539328543559935], [-76.02380145770691, 6.564189885895838], [-76.01720375835465, 6.573457587392419], [-76.01732790335143, 6.581357287849019], [-76.01368385682714, 6.58582442999864], [-76.01701993460075, 6.594008765596692], [-76.00891309077312, 6.61910799798042], [-76.01087838717139, 6.6248277503194695], [-76.00910277772718, 6.633704126376264], [-75.99507289386713, 6.631825589900619], [-75.98931367694524, 6.626930744231708], [-75.9744303883131, 6.628072501869642], [-75.96807561563625, 6.62345074059005], [-75.9585781562189, 6.622394524670794], [-75.95506437991001, 6.618220109303586], [-75.93762818215959, 6.61893315261964], [-75.92851638067489, 6.623771679565874], [-75.9268171092264, 6.636274705389062], [-75.92192344594258, 6.63870176055344], [-75.92066889288894, 6.648270002256985], [-75.91333725622948, 6.654255206780186], [-75.90367718906884, 6.6490613987621074], [-75.89576505736635, 6.635695803825597], [-75.89536063123538, 6.6254329250737625], [-75.89261648762205, 6.624019098647515], [-75.8868694883585, 6.626984708825062], [-75.88013026035354, 6.645651495122555], [-75.870453357851, 6.649213497308096], [-75.86949801961207, 6.652989940607084], [-75.85833358886904, 6.659871343748324], [-75.85279110036566, 6.674522762134938], [-75.84525245556739, 6.681640366827503], [-75.8400997130665, 6.6829836868167325]]]}}, {"id": "66", "type": "Feature", "properties": {"municipality": "Giraldo"}, "geometry": {"type": "Polygon", "coordinates": [[[-75.9592561660112, 6.725675432331188], [-75.95604751323883, 6.717622887315456], [-75.93972753077074, 6.710858082763666], [-75.93669858453924, 6.702799061246122], [-75.92935499990935, 6.696204841873581], [-75.92419061621473, 6.698099484577504], [-75.91959342738015, 6.694695271347589], [-75.91762907089571, 6.6876736043034475], [-75.9107011638144, 6.678664544733696], [-75.90661184470748, 6.67932484356624], [-75.90160244603798, 6.676008330003052], [-75.88558611312331, 6.675974779325894], [-75.88727568581811, 6.666102248921119], [-75.87987960453982, 6.646664925120444], [-75.8879697407765, 6.626080349913753], [-75.89511402717983, 6.624986911300117], [-75.89576505736635, 6.635695803825597], [-75.90367718906884, 6.6490613987621074], [-75.91333725622948, 6.654255206780186], [-75.92066889288894, 6.648270002256985], [-75.92192344594258, 6.63870176055344], [-75.9268171092264, 6.636274705389062], [-75.92851638067489, 6.623771679565874], [-75.93762818215959, 6.61893315261964], [-75.95506437991001, 6.618220109303586], [-75.9585781562189, 6.622394524670794], [-75.96807561563625, 6.62345074059005], [-75.9744303883131, 6.628072501869642], [-75.98931367694524, 6.626930744231708], [-75.99507289386713, 6.631825589900619], [-76.00518310903098, 6.63168093066325], [-76.0079357090046, 6.633844517590336], [-76.01259338531112, 6.643729816788629], [-76.01132849214245, 6.646334520555298], [-75.99766693428316, 6.6504369838770625], [-75.99556031789929, 6.657699545606624], [-76.0001264308946, 6.667422902199554], [-75.99333163379576, 6.6750852172732005], [-75.99020988664529, 6.686270410906372], [-75.98763422410387, 6.690916700116661], [-75.97502552089182, 6.698340625773914], [-75.97180971117295, 6.71048434405404], [-75.9656967159738, 6.714315177039086], [-75.9592561660112, 6.725675432331188]]]}}, {"id": "67", "type": "Feature", "properties": {"municipality": "Puerto Berr\u00edo"}, "geometry": {"type": "Polygon", "coordinates": [[[-74.45214894261592, 6.7545827491523385], [-74.44209834782659, 6.739931529038475], [-74.43584149924304, 6.7376524499878565], [-74.42536623066401, 6.739818286287213], [-74.41743900135675, 6.734665583348545], [-74.4114935793953, 6.72008514272997], [-74.40614269875175, 6.716348020001384], [-74.39092524888562, 6.689848423899492], [-74.39140654491624, 6.687144671674077], [-74.39671495840405, 6.685672474143926], [-74.39627274143128, 6.683181981633308], [-74.39042681724733, 6.681667031829642], [-74.39753817025947, 6.673718000727056], [-74.39026641002908, 6.6705276983090664], [-74.39051593216172, 6.659317068169807], [-74.39351018462966, 6.6545761638132195], [-74.38588196665243, 6.6560019997849755], [-74.39122884876139, 6.648641124951789], [-74.38716521918505, 6.647072707338681], [-74.38180051425495, 6.651100691638893], [-74.38041032506602, 6.645272588614042], [-74.37019778076153, 6.636450233804211], [-74.35968254198849, 6.632512114183267], [-74.36760219363946, 6.62278406233324], [-74.37895222305454, 6.617430274939943], [-74.38744689876363, 6.603510428045911], [-74.40473599593594, 6.593854667550106], [-74.40894764222331, 6.585359992160606], [-74.40766273270093, 6.575865943141674], [-74.40288997833169, 6.567025527096596], [-74.40673399832684, 6.54263367388759], [-74.39379523427651, 6.500460643335557], [-74.3955084460663, 6.490619373810009], [-74.40464557639945, 6.476485373738009], [-74.40468126808331, 6.470891262019375], [-74.3970679126972, 6.451809474612798], [-74.37406602362583, 6.429123403750866], [-74.3688555091377, 6.417928029371161], [-74.3694979630532, 6.412217321710662], [-74.3784323161357, 6.401052176839006], [-74.39025347816022, 6.394085116106729], [-74.41583746217874, 6.39358972263673], [-74.42353263779029, 6.389977703347724], [-74.44039386238555, 6.371054151716542], [-74.45038759801658, 6.331878704683022], [-74.46664692439288, 6.315017957348025], [-74.48483291367221, 6.3056775007231955], [-74.50283311355169, 6.28749605737874], [-74.51342190875974, 6.283648384968031], [-74.5342776408959, 6.269336951837529], [-74.54273257324049, 6.271970119086415], [-74.55167733541846, 6.26340747564622], [-74.57670208071487, 6.260148072647729], [-74.58030705412297, 6.262709310316182], [-74.5984347371796, 6.253672885762145], [-74.60616543181575, 6.254058245613115], [-74.60923602043808, 6.260035260769128], [-74.60509875709742, 6.267628192695918], [-74.60750177861819, 6.267944817182219], [-74.61170823134755, 6.2766433987744525], [-74.61835808964652, 6.275507650225235], [-74.62421211642213, 6.279421582982553], [-74.62926015698925, 6.276678494258092], [-74.63128254618952, 6.278054322388131], [-74.63306133361384, 6.275400438766479], [-74.62997072384853, 6.304853486562062], [-74.62308220069995, 6.309450961417509], [-74.62466594596003, 6.313548711864279], [-74.64057862999337, 6.326979732316697], [-74.64992379584638, 6.329265695217993], [-74.65950275417387, 6.3252198023940975], [-74.66428898572374, 6.327090133694708], [-74.66646454626517, 6.331006145440108], [-74.67465374306595, 6.334597438820185], [-74.67628379008383, 6.342104747149175], [-74.68116093975549, 6.341890437903083], [-74.67824504060135, 6.358457165123339], [-74.68199869327094, 6.364866946003234], [-74.6952858443339, 6.367730891907415], [-74.69870829225779, 6.3770111174348685], [-74.69950707988868, 6.390473611065418], [-74.70565709559484, 6.3940714030774926], [-74.71062516482479, 6.3916555597011175], [-74.71189153611734, 6.397052245299045], [-74.71693104236232, 6.39580535873448], [-74.72197090229609, 6.398608474678853], [-74.71982828897448, 6.399668154446785], [-74.72093321312659, 6.408849110884779], [-74.72300780587305, 6.408801283127164], [-74.72074189556305, 6.411485700565614], [-74.72563841498145, 6.419951475264163], [-74.72419157988281, 6.434043168985817], [-74.71923527367255, 6.440057695089784], [-74.73438324816192, 6.449122621594623], [-74.73766708440056, 6.445379157572735], [-74.74172174114128, 6.450052325189218], [-74.7429450097646, 6.444313952964928], [-74.74901167761226, 6.44465222200957], [-74.75026125485942, 6.449349009404046], [-74.7475570994381, 6.452379472913477], [-74.75207059766242, 6.467211270083065], [-74.75194941155716, 6.477815792995898], [-74.75751033872464, 6.4809397179680035], [-74.7578989810063, 6.4842899611564], [-74.74871941516042, 6.486009117274003], [-74.74334224728644, 6.48010662828194], [-74.73188450106083, 6.476226762549235], [-74.72845949526692, 6.481721091728863], [-74.71750989736564, 6.483084910060818], [-74.69846136111953, 6.474764504628029], [-74.69511580959775, 6.475989679117438], [-74.69570809654873, 6.473857441863527], [-74.6780970018898, 6.470948396001207], [-74.67976189038733, 6.463114747723445], [-74.67619463338156, 6.4609801522942965], [-74.67827888303779, 6.455673412734418], [-74.67107188276219, 6.4527767552929], [-74.66328338970156, 6.454137806338915], [-74.66380995872541, 6.449367301947159], [-74.661869359211, 6.448400052925328], [-74.6593642072773, 6.451221251309893], [-74.65044622363911, 6.450087772878583], [-74.64398902261276, 6.473341398702542], [-74.6454181431402, 6.475053466832178], [-74.63897271623654, 6.486304189012703], [-74.63748668133968, 6.505015387627537], [-74.63052166299286, 6.514449319839695], [-74.62859701541193, 6.52856866674866], [-74.62150135683923, 6.541232885147592], [-74.62178608695915, 6.555505873611986], [-74.630284173905, 6.56259491323307], [-74.63040828690754, 6.570395776994953], [-74.60815787621844, 6.581695689626256], [-74.60659680720207, 6.588729902602076], [-74.60083213685894, 6.590394416039827], [-74.59706112183329, 6.5989332744519595], [-74.59385904978603, 6.597804790366011], [-74.59034664512708, 6.613998530096465], [-74.5840788602662, 6.6182538520548535], [-74.58035486489678, 6.615554895020903], [-74.58103195471834, 6.618996772105489], [-74.5772985549164, 6.6210562533410355], [-74.57971068909254, 6.625908729737171], [-74.5673679010808, 6.627286420776383], [-74.56379907221239, 6.630178161004699], [-74.56126938768635, 6.638533639130886], [-74.5579809877393, 6.638130425219629], [-74.55941236777032, 6.641002696313413], [-74.54887912297198, 6.64797888989016], [-74.5450652802081, 6.654441500989905], [-74.53743759427466, 6.65484571139119], [-74.52630516722495, 6.667281122924729], [-74.52273385035699, 6.66791359058058], [-74.5144594265705, 6.681304840424424], [-74.51179639461972, 6.681476035225681], [-74.48921109823667, 6.707214839905721], [-74.48629460758437, 6.715501281271836], [-74.47701453057505, 6.7253942030332645], [-74.47344903473339, 6.726130263946748], [-74.47226728885784, 6.730553368989348], [-74.45214894261592, 6.7545827491523385]]]}}, {"id": "68", "type": "Feature", "properties": {"municipality": "Abriaqu\u00ed"}, "geometry": {"type": "Polygon", "coordinates": [[[-76.08695813965755, 6.754251056130907], [-76.08451594218387, 6.75076849904084], [-76.07848538691727, 6.750609800266291], [-76.0740594525392, 6.747462273837934], [-76.06720895528613, 6.737728746577175], [-76.05472464809242, 6.732280086679081], [-76.05154185531445, 6.721259336311896], [-76.04026542202853, 6.704657677265072], [-76.03862553471735, 6.694262905710826], [-76.03305951926986, 6.684243401433226], [-76.03728004933583, 6.678292064267755], [-76.03594218375252, 6.671628450629829], [-76.0414588575504, 6.665922260156384], [-76.0395262089026, 6.656030715369429], [-76.0288046281765, 6.654836111331964], [-76.01366300860181, 6.648370310937675], [-76.00763379465671, 6.63470058079472], [-76.01087838717139, 6.6248277503194695], [-76.00908922625638, 6.618329297272229], [-76.01701993460075, 6.594008765596692], [-76.01368385682714, 6.58582442999864], [-76.01732790335143, 6.581357287849019], [-76.01720375835465, 6.573457587392419], [-76.02372624566961, 6.564471466359499], [-76.02588316931602, 6.539433428170055], [-76.03026835017944, 6.537173769120169], [-76.03427248665677, 6.5282405249416495], [-76.03531872356055, 6.507780545821931], [-76.03883642487504, 6.504204732067458], [-76.06674428131598, 6.509196722653562], [-76.07090107974311, 6.514724462262791], [-76.07693533661875, 6.5413137152857885], [-76.08010473813154, 6.5428938160672825], [-76.09190496703766, 6.54002618282941], [-76.09816945073909, 6.552011301785188], [-76.10165816940348, 6.554146726447019], [-76.10770939589902, 6.551393829745666], [-76.11461640065255, 6.553719534049293], [-76.12256613782814, 6.564925506003175], [-76.13248827767806, 6.568304677807405], [-76.13170813130415, 6.57358869571785], [-76.13630997406916, 6.577740371281829], [-76.13987635706374, 6.576365096780151], [-76.15552972569807, 6.584124733595211], [-76.15735097569504, 6.589765618968956], [-76.16435402802296, 6.596554120144188], [-76.1597566726585, 6.608997053289673], [-76.16253146587403, 6.615417508296972], [-76.15512913390106, 6.6254936017343224], [-76.1601158807339, 6.633949228238512], [-76.17011229821188, 6.636897578662293], [-76.17143263366232, 6.653183580649995], [-76.16890050775584, 6.657296853349407], [-76.18443698994142, 6.6650994671109], [-76.17633647887757, 6.6794099867751155], [-76.16861657525124, 6.680084195342082], [-76.16386024635663, 6.684756741173852], [-76.14894676979291, 6.68600705042245], [-76.14460002701323, 6.691678647870219], [-76.13821596127052, 6.693581906755243], [-76.13787156223894, 6.699712206687361], [-76.13349588512139, 6.706868449972806], [-76.1160709539165, 6.707409529991774], [-76.11361590955539, 6.711129868258006], [-76.10372019220644, 6.713396062656257], [-76.09843869936053, 6.7174122613202805], [-76.09224128536037, 6.7274957815588685], [-76.08130479559655, 6.728410650808523], [-76.07670526018784, 6.731432245130004], [-76.08181442768382, 6.73093520340935], [-76.08470854665934, 6.733682966192505], [-76.08605410078368, 6.72948578244159], [-76.09013797288864, 6.732294920829389], [-76.08705500266677, 6.740958395281511], [-76.09077061881764, 6.746538901143525], [-76.08756017571416, 6.748625688424428], [-76.08695813965755, 6.754251056130907]]]}}, {"id": "69", "type": "Feature", "properties": {"municipality": "Yal\u00ed"}, "geometry": {"type": "Polygon", "coordinates": [[[-74.64120892732915, 6.799228003292512], [-74.63734065236201, 6.7963753237112625], [-74.62698578978414, 6.796387949246085], [-74.62716474287502, 6.792727851623012], [-74.62028991600488, 6.792652647634849], [-74.61339516635186, 6.788300600919581], [-74.61176937192675, 6.7913613479769595], [-74.60396943092422, 6.791067515093277], [-74.60033344942612, 6.794226147906872], [-74.5981291511686, 6.792435759026298], [-74.60103613018191, 6.7911266542829125], [-74.60058371910989, 6.788046414403993], [-74.59637726281207, 6.784610016262028], [-74.59036116543909, 6.78479290595269], [-74.58990875375413, 6.782357590450247], [-74.58601390391108, 6.784994008994464], [-74.57896356874366, 6.781893098200184], [-74.58197088967455, 6.759050248675599], [-74.58011096467145, 6.749268222893836], [-74.58292497162677, 6.747445819279713], [-74.58376649497357, 6.7392985937864305], [-74.58276953189828, 6.733027376586863], [-74.5798965637803, 6.731178171773048], [-74.5827373721476, 6.727050960263063], [-74.57962856272253, 6.720115104171018], [-74.58302681287671, 6.716931251778789], [-74.58002410000317, 6.700628504798076], [-74.60000421294883, 6.706793339177429], [-74.604803176406, 6.704442278386442], [-74.60891349870323, 6.696915654358677], [-74.61738062199908, 6.695531791304959], [-74.62075039524946, 6.687912534965225], [-74.62606323797337, 6.684840770700186], [-74.62986341702783, 6.688959736821387], [-74.63631677677066, 6.687883294810422], [-74.63910409326995, 6.699133437108944], [-74.64262407578406, 6.699361731988261], [-74.64148260280727, 6.697301771824387], [-74.64497073140835, 6.696054113892339], [-74.65019495824463, 6.698522880301062], [-74.65103911656634, 6.690670613014828], [-74.65258939583791, 6.6892371336090575], [-74.65343886422133, 6.691514771824904], [-74.655132490985, 6.688870800922878], [-74.65177178281445, 6.6872408852640985], [-74.65228146408194, 6.684676556246151], [-74.65897633300352, 6.685287108570889], [-74.6610628377508, 6.6812096625952275], [-74.66671710929823, 6.67955319981193], [-74.66924958516788, 6.673256519135565], [-74.68210840561977, 6.6692480947515], [-74.68327642424919, 6.674111298620391], [-74.68985449126549, 6.675470446912115], [-74.69254093292193, 6.678958572992791], [-74.69133044206029, 6.681719343264373], [-74.69600251481832, 6.6899698018540406], [-74.70116303334402, 6.6911909141666115], [-74.70673235665838, 6.6845969186576255], [-74.70683323116246, 6.678719660813429], [-74.711653948555, 6.679225234068493], [-74.71076517816815, 6.676486372420727], [-74.7142174781773, 6.674092130713789], [-74.7202877202491, 6.676486371893374], [-74.72294798594776, 6.6746241831630915], [-74.72300844561515, 6.669757107193486], [-74.73555401684553, 6.671208160107198], [-74.74079594955448, 6.667828413932405], [-74.74052992316031, 6.65625625793625], [-74.75487721981474, 6.6565283309543695], [-74.75695154316006, 6.6543755650535585], [-74.7614192798096, 6.657603762438792], [-74.76733304041062, 6.656100362758011], [-74.76586069675203, 6.6634143259513925], [-74.77111338035724, 6.662538879685601], [-74.77379543179276, 6.666939989706633], [-74.77872181227427, 6.664616076592202], [-74.7797962236545, 6.658750579662472], [-74.78994345316099, 6.658678951926841], [-74.79926917661014, 6.643262826779193], [-74.81784926627213, 6.640284102046506], [-74.82425002509093, 6.646669303863355], [-74.8349438821947, 6.6499902333433205], [-74.86606105956317, 6.640571861688829], [-74.90179798444224, 6.6378342364257295], [-74.90548444770303, 6.63977857322434], [-74.91217296888219, 6.636963170979162], [-74.91592942859114, 6.643667246985604], [-74.91067193977263, 6.647415932100183], [-74.91380621210759, 6.65492107531112], [-74.91285737521348, 6.658941963661781], [-74.93369289611364, 6.661967355415972], [-74.94797211108119, 6.668842530053597], [-74.94414565536277, 6.676192125321046], [-74.94537447555683, 6.687974810792669], [-74.94217020763814, 6.69196459111744], [-74.94534505592074, 6.693872435348153], [-74.9499315786724, 6.7068850856342666], [-74.9424871029059, 6.710869327696909], [-74.93861655728176, 6.710119825895532], [-74.93178393058052, 6.716377340093726], [-74.9243620500664, 6.716321256919607], [-74.92163898679522, 6.723472640698097], [-74.91339903179507, 6.727380513698505], [-74.90407183001398, 6.740501092309644], [-74.89938429111211, 6.736798651352276], [-74.89146125993452, 6.73667630106799], [-74.89191358487385, 6.733136963977869], [-74.88838889982965, 6.729425694998062], [-74.88286379091986, 6.7350269457534955], [-74.87859827360666, 6.731022258396551], [-74.87356167143763, 6.73158262319097], [-74.87001937110685, 6.727453275853611], [-74.86365523877235, 6.727219789343522], [-74.85364207206813, 6.731776082763501], [-74.84791168536542, 6.727766810933947], [-74.83305691442676, 6.733418429960004], [-74.82167357215866, 6.74868505213692], [-74.8156678123141, 6.75222568998384], [-74.81563925938518, 6.758450360425799], [-74.80237138356192, 6.763942155745449], [-74.80345081573978, 6.749753767313761], [-74.80632248393927, 6.7497291619374025], [-74.80663732986801, 6.747421281379393], [-74.80223025382017, 6.749996757835157], [-74.79861351403768, 6.759363208364233], [-74.79587709301614, 6.759716856112159], [-74.79118979538816, 6.7675819732665925], [-74.779943254016, 6.766619138748491], [-74.77214981959763, 6.769174938591404], [-74.77119202391243, 6.774049616843531], [-74.75968334889056, 6.783113389863349], [-74.75929014863063, 6.791733554715783], [-74.75594794496766, 6.789676814582237], [-74.73690540204518, 6.795100342834507], [-74.73076792403127, 6.793473543397149], [-74.73074019426562, 6.795645691153156], [-74.72778699472777, 6.795876770254486], [-74.72857266568731, 6.793672270026177], [-74.72480606604708, 6.79480918066482], [-74.72386788272681, 6.7909270443240315], [-74.71959290727344, 6.789549808377035], [-74.71584652697045, 6.783380555039435], [-74.70990893264592, 6.78091262269259], [-74.70887254091805, 6.776891835961473], [-74.70677202631333, 6.777668264377801], [-74.70726422602269, 6.781162188600456], [-74.70484828694471, 6.779536543174386], [-74.70476509756698, 6.782001009412139], [-74.70190548568424, 6.782631858363119], [-74.70072351395751, 6.780964615778082], [-74.68768368389243, 6.790579846951749], [-74.67991593826234, 6.786243634761448], [-74.67774609998874, 6.793429058897453], [-74.67474783957165, 6.795349332018511], [-74.66596449922406, 6.79182074386558], [-74.66206849478439, 6.781571201982826], [-74.65839432667224, 6.785356287848101], [-74.65413437191397, 6.784600655679423], [-74.65226955771759, 6.779013147553497], [-74.64274098464676, 6.782569464704517], [-74.64754513272719, 6.787536525018437], [-74.64092816538013, 6.792961122002136], [-74.64470285228069, 6.7952696093186065], [-74.64120892732915, 6.799228003292512]]]}}, {"id": "70", "type": "Feature", "properties": {"municipality": "Liborina"}, "geometry": {"type": "Polygon", "coordinates": [[[-75.73293672391196, 6.80458390712784], [-75.72681616014077, 6.797970392982531], [-75.72495606212674, 6.768800586715606], [-75.71743758969534, 6.7438030620862275], [-75.71993068054348, 6.73168361477726], [-75.71399960601859, 6.719090424119408], [-75.71463377132058, 6.70842590642376], [-75.7183228001044, 6.704349799317046], [-75.71468849795865, 6.69493138691822], [-75.71287999582123, 6.6708805339860255], [-75.71679267318784, 6.665402036184245], [-75.71522085311865, 6.66207868260786], [-75.71874637331848, 6.653216181069103], [-75.73074373700051, 6.653465590285198], [-75.73488399890613, 6.64720760687944], [-75.74184356384657, 6.647454712844112], [-75.7466141683841, 6.650993528628303], [-75.75121763213896, 6.6473513665875394], [-75.77166196100171, 6.664845164261775], [-75.78584688655302, 6.665816429956203], [-75.78964715271091, 6.6589222987163295], [-75.79714840365072, 6.65569039725467], [-75.80704696186484, 6.653947442005598], [-75.81954434676011, 6.6576383420043745], [-75.82392017567459, 6.649386370813162], [-75.82224979430875, 6.644039722424367], [-75.82416946489967, 6.641628384126617], [-75.83321351504651, 6.6498822308580765], [-75.8325637491154, 6.6553868564103045], [-75.83599034680296, 6.661173453738372], [-75.83683626884583, 6.668363795404168], [-75.83277114218527, 6.684314057090599], [-75.84782837061654, 6.711525573626583], [-75.85580432360713, 6.711487503246808], [-75.86080119230907, 6.719387315287692], [-75.86280945736644, 6.734254185073851], [-75.8570987508406, 6.736072093629403], [-75.84625792683856, 6.74680822058536], [-75.8569702602578, 6.757577662673664], [-75.86130575208576, 6.772770007689215], [-75.87130419842455, 6.78418401908728], [-75.85243151858667, 6.788699357343232], [-75.84359182059171, 6.78010243474556], [-75.82823324241944, 6.786421630945086], [-75.81877536974109, 6.783626120446592], [-75.81487504418678, 6.7879784136405235], [-75.80835497130288, 6.78900790004699], [-75.79578353535551, 6.785819004644066], [-75.75992618838367, 6.786425662094872], [-75.75173190231354, 6.790754257775344], [-75.74891384707101, 6.801831568870798], [-75.7401998053243, 6.805729742349863], [-75.73293672391196, 6.80458390712784]]]}}, {"id": "71", "type": "Feature", "properties": {"municipality": "Carolina"}, "geometry": {"type": "Polygon", "coordinates": [[[-75.28467572414418, 6.8229612708458], [-75.28212699814917, 6.8072331614501715], [-75.2717385000696, 6.803405582339378], [-75.26738386821671, 6.797897384554038], [-75.26160377643765, 6.798784706722853], [-75.26002284157885, 6.802340245075224], [-75.25357036375468, 6.799885888788683], [-75.24793115033809, 6.801119116885186], [-75.22993933380556, 6.793571132588453], [-75.23337081038514, 6.786993831845701], [-75.25835201292493, 6.776957075430414], [-75.2530867556435, 6.771460574437712], [-75.25385164178991, 6.766017438205406], [-75.24920896587814, 6.759844992843991], [-75.25104113331663, 6.75055964018929], [-75.25838758926615, 6.746717424200351], [-75.2585298928993, 6.742056961434395], [-75.25563044516221, 6.739068571938601], [-75.25667993786399, 6.730690411775951], [-75.26342169085218, 6.728944608995637], [-75.26010978227718, 6.719269032363187], [-75.26159063508511, 6.708442793708667], [-75.25914922782918, 6.709013120706224], [-75.25847884193142, 6.701108567180636], [-75.26419213467958, 6.694955020165878], [-75.26555328980938, 6.686217021250863], [-75.27631661066195, 6.681418758422517], [-75.28295231125577, 6.6812442840061665], [-75.28753666511942, 6.677209345838384], [-75.289336498342, 6.6803781551223524], [-75.2961182942225, 6.680443922318332], [-75.2983596312126, 6.684562019859128], [-75.30170474474573, 6.684355932725785], [-75.30396234574094, 6.6942948294002225], [-75.32439100584322, 6.701999146999949], [-75.3288678601019, 6.710999860759134], [-75.3354801499012, 6.712719908794364], [-75.33603699030031, 6.716071273954416], [-75.3441150211081, 6.720077974594708], [-75.35025105609857, 6.729000692550291], [-75.36344252203503, 6.728420523987151], [-75.36416804330324, 6.735898239892199], [-75.36066979898082, 6.739876084381068], [-75.3632020563586, 6.748966172610365], [-75.3681198380449, 6.749822254198883], [-75.37331025632591, 6.758404579425393], [-75.38119452134664, 6.762504820827555], [-75.38132315156072, 6.765155504725555], [-75.37987392157783, 6.7730560549035035], [-75.37560811685549, 6.7748527797381275], [-75.37495867927959, 6.789253255363152], [-75.36512784105986, 6.79648552324278], [-75.35553864576286, 6.797273667915833], [-75.33949093655939, 6.8081413877458425], [-75.32709563029597, 6.7996043366371905], [-75.32189123384174, 6.799410952966228], [-75.3066166839464, 6.809731059814476], [-75.30518714636283, 6.818198762100142], [-75.30092793169689, 6.821892336752603], [-75.28950247790914, 6.819557008010619], [-75.28467572414418, 6.8229612708458]]]}}, {"id": "72", "type": "Feature", "properties": {"municipality": "Yolomb\u00f3"}, "geometry": {"type": "Polygon", "coordinates": [[[-74.83909125409963, 6.509869790324897], [-74.84485089583768, 6.507173980802517], [-74.84791776564586, 6.508542276964633], [-74.85390995804765, 6.502343660933513], [-74.87237015656447, 6.510901408057865], [-74.88728576070523, 6.5117094099934985], [-74.90027375878265, 6.518034832861136], [-74.91102353230254, 6.516139661566315], [-74.91477455000474, 6.520346780919565], [-74.91449931794298, 6.524546030685202], [-74.92647583785583, 6.525112223213263], [-74.93324654409992, 6.5274949446288995], [-74.93684814970304, 6.532378345335271], [-74.94239210774394, 6.532197478105979], [-74.94786529081722, 6.528289184650668], [-74.95231618379184, 6.530357357902837], [-74.95247476963281, 6.5340677460918775], [-74.95740273177499, 6.53355398179163], [-74.96792969757726, 6.539173952359685], [-74.96997427835062, 6.536311540294615], [-74.97785090792416, 6.535164167271768], [-74.98954629915312, 6.5494162661840285], [-74.99155893174016, 6.5446390279027655], [-74.99956080939934, 6.540330663686374], [-75.00686821723268, 6.545660826905815], [-75.02293968471608, 6.538332205869342], [-75.02853808086837, 6.54082153144042], [-75.03046882506281, 6.537672633706494], [-75.03436060492182, 6.538136985172255], [-75.0328842852599, 6.545272528911577], [-75.04487059275851, 6.554804161958547], [-75.05738890090505, 6.569917557309507], [-75.05496503757684, 6.573896273263883], [-75.0573760031507, 6.579422974752065], [-75.06098639282327, 6.577001762362829], [-75.0624648312065, 6.580130052662256], [-75.0684857190124, 6.582197721836159], [-75.07590469512635, 6.5799693505842605], [-75.08758948274205, 6.5852201167672035], [-75.09286748313956, 6.582920859910648], [-75.09145651512017, 6.573618921416897], [-75.09402659623314, 6.569656741801494], [-75.10820885677437, 6.5673331953532115], [-75.11429042839912, 6.569664665150026], [-75.12118408378001, 6.56708826384134], [-75.12970231209141, 6.551592647232623], [-75.14351318893642, 6.5425867463074185], [-75.15766603060082, 6.542131208884547], [-75.16944156023024, 6.546625285046389], [-75.17177497307303, 6.5503242776709545], [-75.19268055295625, 6.553811627817103], [-75.19829017197894, 6.552197094438239], [-75.20757221857174, 6.555463486297436], [-75.2017184653168, 6.567459516166138], [-75.20300337411295, 6.569786630714719], [-75.19431652682735, 6.577551524083816], [-75.18836487712224, 6.578976279834237], [-75.18183437522771, 6.585177660023564], [-75.17757309185255, 6.583324174421644], [-75.16182112869042, 6.585548566809413], [-75.15983578537147, 6.592906017698429], [-75.16301817440451, 6.602024972171896], [-75.15396734255054, 6.616185143119093], [-75.15709134002645, 6.634987514355818], [-75.15655607637188, 6.639727037433368], [-75.1520014643398, 6.643376563132359], [-75.15185548303975, 6.648281530609861], [-75.14547124068056, 6.652378735937396], [-75.13321855707738, 6.654403005066495], [-75.129783133851, 6.658217980842], [-75.12264952341626, 6.658140123297789], [-75.1227857720652, 6.667512111653074], [-75.12872233800002, 6.670626377996111], [-75.12256020578096, 6.681087610665818], [-75.12756132777513, 6.686171672330847], [-75.12520590730429, 6.689290115131505], [-75.1268812417545, 6.6925163769566725], [-75.1215234892854, 6.7021288153403535], [-75.11325463574325, 6.707718792283555], [-75.10700116041966, 6.716692615120979], [-75.11590033659185, 6.722266004134534], [-75.12799260195612, 6.73976578328152], [-75.12396483796101, 6.7506183522819585], [-75.12037229992787, 6.750515709795566], [-75.1221509272668, 6.754151548400324], [-75.11461622042503, 6.763071947667513], [-75.11827290974897, 6.769134357302256], [-75.11640607333348, 6.7738495634285165], [-75.11148878673423, 6.775023553205817], [-75.10986252204245, 6.782259950779961], [-75.1039965990786, 6.779935879373693], [-75.09648912635969, 6.7843123703401975], [-75.09312418192322, 6.782316799851256], [-75.09315858929452, 6.778194917418667], [-75.08889095506315, 6.777388288092946], [-75.08567051802694, 6.77975200786525], [-75.08412739136809, 6.775060698351948], [-75.07893030670682, 6.774756200834406], [-75.07855871756664, 6.772371837272011], [-75.0715552990027, 6.769941027647607], [-75.06802306820539, 6.771722102613397], [-75.0654804899088, 6.768261671315075], [-75.06008751097004, 6.771341768926242], [-75.05638795330631, 6.764106750432756], [-75.02612147025458, 6.748561258820339], [-75.02575475016735, 6.752839665849062], [-75.02047012626187, 6.756600816044386], [-75.01940618429451, 6.760583430184533], [-75.0226176289231, 6.764953892574586], [-75.03272706104912, 6.763735532820599], [-75.03667779781084, 6.779267285122781], [-75.04843033210032, 6.796633439249538], [-75.04461346773618, 6.799486042962567], [-75.04105775721938, 6.808023763556384], [-75.04235705828121, 6.819983040598376], [-75.03782132571452, 6.822425136353522], [-75.0364210284451, 6.82898782232977], [-75.02548097795328, 6.833940401219664], [-75.0123085136128, 6.815098513018848], [-75.00596937785053, 6.811849973947244], [-74.9983711468884, 6.811674943824794], [-74.98261599396585, 6.793231999196295], [-74.974479275405, 6.791629511352392], [-74.96770481262244, 6.787041763844012], [-74.96237457634831, 6.780489729667714], [-74.9624096652698, 6.774508689710339], [-74.95447153134076, 6.7717274027295336], [-74.95389496937543, 6.766922975430752], [-74.94206350538887, 6.762967822248582], [-74.93554286165892, 6.7512471479725304], [-74.92746866543835, 6.751062494906562], [-74.92231865780235, 6.747724863961606], [-74.91919126201756, 6.751817312875766], [-74.91499389284566, 6.751731653279359], [-74.9134668742944, 6.7407450861051945], [-74.90733882978333, 6.737507730258707], [-74.91095661167752, 6.730414256775027], [-74.92142045509573, 6.723704032158886], [-74.9243620500664, 6.716321256919607], [-74.93178393058052, 6.716377340093726], [-74.93861655728176, 6.710119825895532], [-74.9424871029059, 6.710869327696909], [-74.9493531261385, 6.707296273412773], [-74.95038458538144, 6.704327342856228], [-74.94217020763814, 6.69196459111744], [-74.94537447555683, 6.687974810792669], [-74.94414565536277, 6.676192125321046], [-74.94797211108119, 6.668842530053597], [-74.93369289611364, 6.661967355415972], [-74.91285737521348, 6.658941963661781], [-74.91380621210759, 6.65492107531112], [-74.91067193977263, 6.647415932100183], [-74.91592942859114, 6.643667246985604], [-74.91217296888219, 6.636963170979162], [-74.90548444770303, 6.63977857322434], [-74.90179798444224, 6.6378342364257295], [-74.86606105956317, 6.640571861688829], [-74.8349438821947, 6.6499902333433205], [-74.82425002509093, 6.646669303863355], [-74.81819146979143, 6.6402918769284724], [-74.80139239333887, 6.642088445676926], [-74.78994345316099, 6.658678951926841], [-74.7797962236545, 6.658750579662472], [-74.77872181227427, 6.664616076592202], [-74.77379543179276, 6.666939989706633], [-74.77111338035724, 6.662538879685601], [-74.76586069675203, 6.6634143259513925], [-74.76733304041062, 6.656100362758011], [-74.7614192798096, 6.657603762438792], [-74.75695154316006, 6.6543755650535585], [-74.75487721981474, 6.6565283309543695], [-74.74052992316031, 6.65625625793625], [-74.74079594955448, 6.667828413932405], [-74.73555401684553, 6.671208160107198], [-74.72300844561515, 6.669757107193486], [-74.72294798594776, 6.6746241831630915], [-74.7202877202491, 6.676486371893374], [-74.7142174781773, 6.674092130713789], [-74.71076517816815, 6.676486372420727], [-74.711653948555, 6.679225234068493], [-74.70683323116246, 6.678719660813429], [-74.70673235665838, 6.6845969186576255], [-74.70116303334402, 6.6911909141666115], [-74.69600251481832, 6.6899698018540406], [-74.69133044206029, 6.681719343264373], [-74.69254093292193, 6.678958572992791], [-74.68985449126549, 6.675470446912115], [-74.68327642424919, 6.674111298620391], [-74.68190665660694, 6.669264021391677], [-74.66924958516788, 6.673256519135565], [-74.66671710929823, 6.67955319981193], [-74.6610628377508, 6.6812096625952275], [-74.65897633300352, 6.685287108570889], [-74.65228146408194, 6.684676556246151], [-74.65177178281445, 6.6872408852640985], [-74.655132490985, 6.688870800922878], [-74.65343886422133, 6.691514771824904], [-74.65258939583791, 6.6892371336090575], [-74.65103911656634, 6.690670613014828], [-74.65019495824463, 6.698522880301062], [-74.64497073140835, 6.696054113892339], [-74.64148260280727, 6.697301771824387], [-74.64262407578406, 6.699361731988261], [-74.63910409326995, 6.699133437108944], [-74.63631677677066, 6.687883294810422], [-74.63011898775756, 6.689032924192704], [-74.62737705120877, 6.685022419316295], [-74.62325338915961, 6.685318585083613], [-74.61738062199908, 6.695531791304959], [-74.60891349870323, 6.696915654358677], [-74.604803176406, 6.704442278386442], [-74.60000421294883, 6.706793339177429], [-74.58016983500806, 6.700555639879849], [-74.5783945758061, 6.708674001556181], [-74.5553864456193, 6.716722693781549], [-74.53209504897339, 6.709387053106401], [-74.52261536794033, 6.709919398937895], [-74.51652024034635, 6.702847490947592], [-74.50149242960046, 6.704205217450629], [-74.49689398662709, 6.70000920942363], [-74.51179639461972, 6.681476035225681], [-74.5144594265705, 6.681304840424424], [-74.52273385035699, 6.66791359058058], [-74.52630516722495, 6.667281122924729], [-74.53743759427466, 6.65484571139119], [-74.5450652802081, 6.654441500989905], [-74.54887912297198, 6.64797888989016], [-74.55941236777032, 6.641002696313413], [-74.55845653019408, 6.6378879002168425], [-74.56745422012197, 6.638942674125992], [-74.5673002678433, 6.641190219776219], [-74.57303053919571, 6.644079098403141], [-74.57484814085777, 6.638079566239428], [-74.58571085408352, 6.648954065160528], [-74.60034521275479, 6.651998378026526], [-74.60316572787744, 6.656114037428542], [-74.60638164856606, 6.656192694703893], [-74.61253487591505, 6.653063044538109], [-74.62392234798824, 6.653994003491792], [-74.62267127875702, 6.648293874479405], [-74.62620460764653, 6.6458935059519515], [-74.6231251409161, 6.644677571862307], [-74.6245788616706, 6.638347042306692], [-74.6282785187688, 6.637956765524982], [-74.62679517776867, 6.635165278331015], [-74.62993391405705, 6.632392406331029], [-74.62851995054315, 6.629983646209125], [-74.63075233075519, 6.62562449064051], [-74.63783050241403, 6.624783520894929], [-74.64512609150835, 6.618865243997006], [-74.64533743926428, 6.6210929562288605], [-74.64875998043425, 6.6187675705882505], [-74.65551133920037, 6.623701551666418], [-74.6658671046257, 6.622344790523294], [-74.6656688115155, 6.618711716053976], [-74.67304244111214, 6.621239838249482], [-74.68082472562693, 6.618219073647402], [-74.69163133840586, 6.62817060776257], [-74.69746490817654, 6.6259992026385435], [-74.70103011006455, 6.621441186224826], [-74.70680195816095, 6.6233246996254165], [-74.71287881843706, 6.6335397315638955], [-74.7275448362821, 6.635900206897489], [-74.7344856749582, 6.629848863226155], [-74.7447427095422, 6.636571172885303], [-74.7487657840542, 6.633153492313093], [-74.74785965324409, 6.63096234706995], [-74.75256326577546, 6.631333844085433], [-74.759977471325, 6.623158656615278], [-74.76149387581249, 6.607570821095163], [-74.76625311295118, 6.608434276811504], [-74.76613267272373, 6.606271560637167], [-74.77120147720085, 6.604186863946184], [-74.7706735303028, 6.598000959482116], [-74.77346884435296, 6.595895146994387], [-74.80176399986979, 6.6146689996101], [-74.86293500015859, 6.55648500036559], [-74.86439387196451, 6.531313068681857], [-74.85205503588861, 6.529319307956969], [-74.8426283028938, 6.520348872922636], [-74.83909125409963, 6.509869790324897]]]}}, {"id": "73", "type": "Feature", "properties": {"municipality": "G\u00f3mez Plata"}, "geometry": {"type": "Polygon", "coordinates": [[[-75.18007939441999, 6.8475262158387356], [-75.17328474838736, 6.8255146082622105], [-75.14448989055478, 6.802707106877597], [-75.14100955155718, 6.793039495748179], [-75.1372559424062, 6.795256601448712], [-75.13394930834599, 6.793536673811748], [-75.13091754567331, 6.785431352074995], [-75.12092854383305, 6.782997695228844], [-75.11568311463748, 6.786875049301001], [-75.11437691439828, 6.783258933819271], [-75.11018969882836, 6.783559039794654], [-75.1092659043581, 6.778622508599157], [-75.11207578180701, 6.774475048867268], [-75.1165407939387, 6.77371484310733], [-75.11827290974897, 6.769134357302256], [-75.11461622042503, 6.763071947667513], [-75.1221509272668, 6.754151548400324], [-75.12037229992787, 6.750515709795566], [-75.12396483796101, 6.7506183522819585], [-75.12800918966128, 6.739450621097922], [-75.11590033659185, 6.722266004134534], [-75.10700115992792, 6.716485271994306], [-75.11348685955035, 6.707486571216624], [-75.1215234892854, 6.7021288153403535], [-75.1268812417545, 6.6925163769566725], [-75.12520590730429, 6.689290115131505], [-75.12756132777513, 6.686171672330847], [-75.12256020578096, 6.681087610665818], [-75.12872233800002, 6.670626377996111], [-75.1227857720652, 6.667512111653074], [-75.12278577174682, 6.65788708763272], [-75.129783133851, 6.658217980842], [-75.13321855707738, 6.654403005066495], [-75.1456853473717, 6.652291144750286], [-75.15185548303975, 6.648281530609861], [-75.15237128279024, 6.642568801214066], [-75.1566339320529, 6.639590784610218], [-75.15391868287104, 6.616467376174364], [-75.16294031710035, 6.602375326576325], [-75.15983578537147, 6.592906017698429], [-75.16182112869042, 6.585548566809413], [-75.17757309185255, 6.583324174421644], [-75.18183437522771, 6.585177660023564], [-75.19736881034046, 6.574678800554725], [-75.1998101368127, 6.580465650230699], [-75.19675966786936, 6.582788004030642], [-75.1987852597238, 6.586113317942637], [-75.19756459577833, 6.590788956452791], [-75.2042175689237, 6.598955266635256], [-75.21031374784779, 6.602203233659453], [-75.2101876367665, 6.607442805023196], [-75.2280169380362, 6.616123076597208], [-75.22996571702113, 6.62221925675476], [-75.24646497310957, 6.6409232253311234], [-75.26024681108649, 6.6406186572711094], [-75.28093044384923, 6.648481892765744], [-75.28162103123577, 6.659389942633554], [-75.2909206878684, 6.659485926243476], [-75.29399863186966, 6.666512775286866], [-75.2915767786696, 6.674595985735189], [-75.28691795827237, 6.675590694894217], [-75.28494470893914, 6.680349390725259], [-75.26555328980938, 6.686217021250863], [-75.26419213467958, 6.694955020165878], [-75.25862892887868, 6.700628289209856], [-75.25914922782918, 6.709013120706224], [-75.26159063508511, 6.708442793708667], [-75.26010978227718, 6.719269032363187], [-75.26342169085218, 6.728944608995637], [-75.25667993786399, 6.730690411775951], [-75.25563044516221, 6.739068571938601], [-75.2585298928993, 6.742056961434395], [-75.25838758926615, 6.746717424200351], [-75.25104113331663, 6.75055964018929], [-75.24920896587814, 6.759844992843991], [-75.25385164178991, 6.766017438205406], [-75.2530867556435, 6.771460574437712], [-75.25835201292493, 6.776957075430414], [-75.23337081038514, 6.786993831845701], [-75.22993933380556, 6.793571132588453], [-75.22469202766374, 6.79326493775577], [-75.21552595455525, 6.806912005767604], [-75.21130960581887, 6.808987284849099], [-75.21131558736685, 6.8144535867261435], [-75.20256591624391, 6.82340061817043], [-75.20147145906536, 6.83058336381094], [-75.19396576027741, 6.833681334312968], [-75.18007939441999, 6.8475262158387356]]]}}, {"id": "74", "type": "Feature", "properties": {"municipality": "Vig\u00eda Del Fuerte"}, "geometry": {"type": "Polygon", "coordinates": [[[-76.9135624200663, 6.846635369932474], [-76.91534394502021, 6.841852889605626], [-76.91266605452739, 6.843040574190593], [-76.90025140200933, 6.8365643392868245], [-76.89938864976403, 6.833875244785415], [-76.90212165384149, 6.832262546114449], [-76.899788214951, 6.828164745378743], [-76.9056001934092, 6.827778158743612], [-76.90918929844409, 6.823060044391414], [-76.91150412113667, 6.815667163188548], [-76.90538572927781, 6.8057960250813485], [-76.91155683807284, 6.798405848944491], [-76.91039707790239, 6.795598701954522], [-76.91423847359802, 6.79235819121656], [-76.91474518017672, 6.78618093499163], [-76.92183617354702, 6.784195000880539], [-76.91679521948392, 6.782850947447136], [-76.91372932824402, 6.77732357728375], [-76.90103060809966, 6.7773226947562], [-76.90265364865003, 6.771225350765785], [-76.89736444076372, 6.757226230700918], [-76.88758360251572, 6.757410736030688], [-76.88687290884576, 6.751982902731511], [-76.87946918764892, 6.748726203251093], [-76.8753541395602, 6.736772524397071], [-76.8708117457074, 6.732796833194086], [-76.87108411368384, 6.723439681337012], [-76.85976766830035, 6.720940045595623], [-76.86657686499875, 6.711521386807541], [-76.8623244117176, 6.700415807560118], [-76.86633524927876, 6.697402188778693], [-76.87034608529343, 6.681771786664761], [-76.86455035846524, 6.671451230796852], [-76.85934345990088, 6.669800308800341], [-76.85865614058206, 6.666191410985364], [-76.85005155212721, 6.659739624784923], [-76.83876957282988, 6.656601167869657], [-76.83406284476534, 6.659752847072217], [-76.8309148914849, 6.65699446301261], [-76.8170241038705, 6.658309241016506], [-76.80923220074487, 6.6549633299077415], [-76.79968531898693, 6.655589555113195], [-76.79007749115836, 6.6532847881512165], [-76.78580880266951, 6.648559478048332], [-76.77596586046391, 6.647906621160464], [-76.77251070526465, 6.644029462194235], [-76.74999987754262, 6.639948553889147], [-76.7437468708188, 6.642745949886317], [-76.73440027110871, 6.642778861966783], [-76.7152134108681, 6.6528824063415755], [-76.70728196463156, 6.663216321046291], [-76.70063403114499, 6.664170728001102], [-76.68980645509309, 6.660056908281604], [-76.68786473109611, 6.651236876179409], [-76.68353517595544, 6.647066376915389], [-76.66125958349876, 6.6497705319609945], [-76.65602699731042, 6.645842185628672], [-76.64592888451953, 6.644944056195247], [-76.6404854333476, 6.652051001626825], [-76.63662737631624, 6.649739292282707], [-76.63702567824137, 6.646435736317146], [-76.63253502520669, 6.644405178034094], [-76.62084370665573, 6.641374966231448], [-76.61250280657443, 6.644694140770075], [-76.60202982288462, 6.6435148580218915], [-76.57329421327906, 6.633332220105234], [-76.57568095575655, 6.620357725945936], [-76.557796225566, 6.591537533369199], [-76.56718090628709, 6.557004398158853], [-76.56669836384631, 6.548883886654359], [-76.5712066924842, 6.540983971038036], [-76.58216731131864, 6.53504179774099], [-76.57761762084341, 6.528451640677522], [-76.56755315427705, 6.52357106407243], [-76.56071483099782, 6.513547957843606], [-76.55941885924294, 6.503759230964271], [-76.54601795207041, 6.49239878904623], [-76.54400505776358, 6.486387686293553], [-76.54902350508138, 6.436368662342755], [-76.54139932704886, 6.430578147126328], [-76.53476780826468, 6.420734271715856], [-76.54303997296948, 6.411690036392301], [-76.5379663778637, 6.39788930832087], [-76.5320793543187, 6.396165939587831], [-76.52987344356906, 6.387811054187627], [-76.52517209661995, 6.38346816713729], [-76.5265645775474, 6.374217133059951], [-76.5228145297536, 6.3671720027424685], [-76.52387612391041, 6.330057559824045], [-76.52576493513897, 6.316587716814513], [-76.53005267381627, 6.311858798273979], [-76.53061793866699, 6.305309997935023], [-76.52463440614575, 6.28850371926239], [-76.5197814029948, 6.24223474302634], [-76.5233660081897, 6.2195552267547], [-76.51835721374952, 6.208108310295665], [-76.51228711788359, 6.202346325966589], [-76.51136582324243, 6.196135125620157], [-76.50114640469835, 6.200947681300395], [-76.50267561389578, 6.2082218792722985], [-76.49920388761666, 6.213293321121086], [-76.49253183777338, 6.212178994359885], [-76.49359185078232, 6.2176920981191115], [-76.48593363413836, 6.212838703319563], [-76.482075807041, 6.215270186993109], [-76.4571339501376, 6.204965098290747], [-76.44971702654406, 6.194548881098871], [-76.45047202935584, 6.175250441659493], [-76.44524959182421, 6.168441554330895], [-76.4686779423183, 6.176573804181711], [-76.47559119693427, 6.171098250254212], [-76.47476561983822, 6.160487478238167], [-76.48228665549843, 6.160549692582871], [-76.48952944250202, 6.1693756556267685], [-76.49896741762086, 6.17417284972404], [-76.50819789456389, 6.173904112422649], [-76.51940948111009, 6.179978710031949], [-76.5273989620673, 6.177630114811357], [-76.55286367616834, 6.178513392889476], [-76.57112241018955, 6.186490639145721], [-76.5801510177819, 6.187226844035972], [-76.58351411302944, 6.1934514325644345], [-76.58900219857735, 6.1878633717011295], [-76.59146528127711, 6.189276152728314], [-76.59694513933886, 6.187008778099863], [-76.60193280074762, 6.192569999328828], [-76.61803217413447, 6.186897413993371], [-76.62092982422635, 6.18263607571561], [-76.62660480494353, 6.1832382606047585], [-76.63567319758448, 6.174948056367295], [-76.6396275197651, 6.1747347042764344], [-76.64388869061749, 6.168326265642251], [-76.65507740748411, 6.17323136411834], [-76.66869723625541, 6.169690451095729], [-76.67220229326603, 6.174353500976485], [-76.67343064410778, 6.170476844398014], [-76.67848924257012, 6.173125061182571], [-76.68433391881489, 6.1711427820407945], [-76.68094361134447, 6.169162357355532], [-76.686744197777, 6.161523799212469], [-76.68915060834675, 6.162231409821065], [-76.68963865133118, 6.165970404269567], [-76.69439757332738, 6.1632483022310405], [-76.70190965012219, 6.168260223080029], [-76.71809754243895, 6.172696825754287], [-76.7196499698761, 6.182711868774167], [-76.71378104076645, 6.191420602195693], [-76.72144851218734, 6.199864288811783], [-76.71781356278466, 6.2170167037703505], [-76.72674253860285, 6.223770409031461], [-76.72306865101625, 6.236981178389151], [-76.73249131731154, 6.237171536086092], [-76.74777697368543, 6.244766772939803], [-76.75647628415874, 6.252152619582951], [-76.75935067172979, 6.261442036282599], [-76.74964247233261, 6.273891376390737], [-76.74897622286983, 6.279602081573121], [-76.75565774880329, 6.285065325047684], [-76.77528354286144, 6.285369897097173], [-76.78190796319299, 6.288815354918093], [-76.78476331587424, 6.296810343715968], [-76.78306913961494, 6.309240649398628], [-76.79024540709159, 6.3202367334206295], [-76.78831255316527, 6.325698508833535], [-76.77765256650223, 6.327880290812867], [-76.7814304184415, 6.335113853428444], [-76.79078719187785, 6.338657420065431], [-76.7890007660867, 6.349873833021865], [-76.78399291544588, 6.355159899451446], [-76.77403578671364, 6.35892310721437], [-76.77138543301955, 6.363242742855606], [-76.77327435854059, 6.3688070211674255], [-76.78550112783931, 6.372614161036664], [-76.78737541066648, 6.377900222132056], [-76.78151827543584, 6.382483433427736], [-76.76917436444722, 6.379789147592552], [-76.76507437003197, 6.389292349984374], [-76.76984793527444, 6.3974630551769165], [-76.79204611795505, 6.409234545963758], [-76.7952631487096, 6.4199706754373285], [-76.78808669468344, 6.424691525865776], [-76.77089746747549, 6.420770173349419], [-76.76512965489023, 6.424672488710651], [-76.76177937430806, 6.432153514417842], [-76.7650725480612, 6.438530470335723], [-76.76876547076765, 6.440167540208082], [-76.78380366499204, 6.432819763132596], [-76.7893811204523, 6.433010120223192], [-76.79556772023436, 6.437483509318271], [-76.79583421956188, 6.443651070342396], [-76.7932453662305, 6.451265346625801], [-76.78176684629635, 6.462648688260366], [-76.7822808101555, 6.474565026783538], [-76.7779026006562, 6.473860708958179], [-76.77632263875772, 6.466227398097112], [-76.77057386088802, 6.464856826955495], [-76.7670141878352, 6.470358141842445], [-76.76798500829946, 6.477991454396184], [-76.77721731729315, 6.488917935933045], [-76.79198571306503, 6.496167222873806], [-76.80036517676741, 6.507960545090896], [-76.80515344146473, 6.50612060786848], [-76.81489212942226, 6.488960731873866], [-76.81998877953563, 6.487249712613487], [-76.82332429760089, 6.507352792362311], [-76.81935671971065, 6.525476530382001], [-76.82746521588457, 6.525438010680545], [-76.83853976505401, 6.5195636842679585], [-76.84110135597834, 6.5214511731732365], [-76.84632083872185, 6.5336620685470495], [-76.85128271890643, 6.560720081019114], [-76.86392214905104, 6.571496094594052], [-76.873008094026, 6.5712649756264145], [-76.88298963375748, 6.559968933802102], [-76.89451679412684, 6.570152704173358], [-76.89914911649501, 6.586821639022744], [-76.88970741602172, 6.605267222427649], [-76.88203603364556, 6.609359896163697], [-76.86307648790579, 6.609036287244017], [-76.85799396017822, 6.618439916903599], [-76.8621247039234, 6.625806727636859], [-76.872442047258, 6.629918438003282], [-76.90162375668676, 6.624950123580243], [-76.90902863850823, 6.629385438448031], [-76.91235988445793, 6.639855065553218], [-76.89610340686806, 6.6591191822642894], [-76.89511355082048, 6.663554498308711], [-76.89808311899395, 6.668218243566991], [-76.9030323979238, 6.672272845434933], [-76.90935224590795, 6.670159881885586], [-76.9175375919836, 6.660013859633908], [-76.92079269456433, 6.6489541253816835], [-76.92484729581142, 6.646898271253193], [-76.93406056884612, 6.650553123324676], [-76.93748699293295, 6.6545886921549116], [-76.93896789704195, 6.686344162605851], [-76.9457365289184, 6.6785032502339625], [-76.95228450187227, 6.6751237782961885], [-76.95940596781669, 6.6760139247243515], [-76.96412257926792, 6.680883390583874], [-76.96265955558873, 6.688416867160293], [-76.95130475051289, 6.69177963917973], [-76.94300700819822, 6.705121534381931], [-76.93364812086907, 6.71091879442224], [-76.93618224603021, 6.719203434262439], [-76.94017684268772, 6.723164526301712], [-76.95732243626809, 6.724780306542166], [-76.96147221567529, 6.736049432580552], [-76.96716388664899, 6.743130709604374], [-76.96210039416414, 6.762794573579712], [-76.96526735640246, 6.7803941562023775], [-76.95785013021208, 6.792514987309669], [-76.95990969802779, 6.794922454785389], [-76.97126515064106, 6.796940273595588], [-76.97230885108779, 6.8090193588345675], [-76.97030494661172, 6.8127349325855855], [-76.95794754208175, 6.816742738576061], [-76.93300716357274, 6.812123008937597], [-76.92184367109033, 6.83995430894645], [-76.9135624200663, 6.846635369932474]]]}}, {"id": "75", "type": "Feature", "properties": {"municipality": "San Jos\u00e9 De La Monta\u00f1a"}, "geometry": {"type": "Polygon", "coordinates": [[[-75.67188466568606, 6.87984804577623], [-75.66381829333328, 6.8821085327143905], [-75.65743657881508, 6.887167266961932], [-75.6463720849628, 6.881504150673233], [-75.6407163838968, 6.868169969000298], [-75.64140166935029, 6.863223069796543], [-75.63749697288397, 6.863323008071444], [-75.63565408135698, 6.856910358391892], [-75.64132045021209, 6.849413013763873], [-75.63595714531706, 6.844830172233827], [-75.63288764026375, 6.845325102093973], [-75.62694840562467, 6.828257028321192], [-75.62395028521095, 6.825651520422414], [-75.62530453912622, 6.819470835182178], [-75.61905523763447, 6.818903068854654], [-75.61845918292344, 6.810335108197518], [-75.61422255292013, 6.807751011050169], [-75.61810583334348, 6.803882009004379], [-75.61915517569324, 6.798228407898626], [-75.62330168385643, 6.79702505459056], [-75.62691251630947, 6.785912140213613], [-75.62917466120807, 6.793816128416554], [-75.63475793335732, 6.795487935239826], [-75.64538574838681, 6.783316983814523], [-75.65095028106244, 6.783029316931047], [-75.657493834747, 6.770191609625833], [-75.66478813689709, 6.770436212403427], [-75.66790116706784, 6.767977040377466], [-75.66713618939036, 6.753016317148317], [-75.67655968690822, 6.744451383962799], [-75.67808921291245, 6.754348268022241], [-75.69503125932428, 6.759929284116581], [-75.7312619191629, 6.801705926789022], [-75.73455724675362, 6.8109741921991835], [-75.73064898217349, 6.8226513978823755], [-75.72363832031786, 6.827207245880869], [-75.72482547106156, 6.847008485393507], [-75.71881872193809, 6.86976221835293], [-75.7125369454071, 6.878066537380525], [-75.70366966498737, 6.874868547450812], [-75.69763426143884, 6.887233815213438], [-75.67188466568606, 6.87984804577623]]]}}, {"id": "76", "type": "Feature", "properties": {"municipality": "Frontino"}, "geometry": {"type": "Polygon", "coordinates": [[[-76.22463937422745, 6.9204550426777995], [-76.222140939952, 6.918265936664061], [-76.22635258577787, 6.9153808407242305], [-76.22748283002403, 6.905137260805423], [-76.23115909651858, 6.898772204654229], [-76.24486091422212, 6.886550972371179], [-76.2457827066241, 6.876044138416435], [-76.23603207284339, 6.869072317771847], [-76.22903538555713, 6.855320827723077], [-76.22156387769618, 6.848295468770523], [-76.20641031891925, 6.852366299399659], [-76.20257185200035, 6.848593068577675], [-76.19519552270509, 6.850080232403618], [-76.19484912526329, 6.838761910781272], [-76.17963781358013, 6.838143268939529], [-76.16631481526613, 6.827237405931766], [-76.15731522869253, 6.823673139690888], [-76.15201141101633, 6.826750972647871], [-76.15016732790117, 6.833443207789132], [-76.14414491236519, 6.835027927728515], [-76.13473470769681, 6.849179010446466], [-76.12795967440792, 6.852416365772568], [-76.1211822771782, 6.851849971913805], [-76.122889359535, 6.849414142904792], [-76.12664141156503, 6.851314241924421], [-76.12988154763379, 6.843887369848438], [-76.12627100287072, 6.841605055082181], [-76.12655762171265, 6.8297424086917475], [-76.12283614506681, 6.823203649184825], [-76.11528754262353, 6.819629699799551], [-76.11438810613824, 6.81352281399748], [-76.11234652941594, 6.815567961385303], [-76.11111953371031, 6.812666588888688], [-76.10686068116604, 6.813547798019287], [-76.103273644116, 6.810264141197459], [-76.10529023685227, 6.80623809174858], [-76.10367618936195, 6.801553270214447], [-76.09620768780509, 6.796835235818709], [-76.0918227326789, 6.788851665216549], [-76.08677162160937, 6.789716983321784], [-76.08303565359147, 6.784916538074867], [-76.08626685424899, 6.783137834195309], [-76.08471134560413, 6.780191639398242], [-76.08905852881189, 6.780081757049348], [-76.09054192790708, 6.777664367442409], [-76.0878841707325, 6.776936401175292], [-76.08670294612415, 6.770717799630773], [-76.08845761470899, 6.769457597266386], [-76.08452952386295, 6.764917458673769], [-76.09024732793338, 6.76343483984031], [-76.08187417875821, 6.755912373027913], [-76.08742382506638, 6.754022930872556], [-76.08756017571416, 6.748625688424428], [-76.09069507891876, 6.746793846380529], [-76.08705500266677, 6.740958395281511], [-76.09020407013628, 6.732493211984845], [-76.08605410078368, 6.72948578244159], [-76.08470854665934, 6.733682966192505], [-76.08181442768382, 6.73093520340935], [-76.07670526018784, 6.731432245130004], [-76.08130479559655, 6.728410650808523], [-76.09224128536037, 6.7274957815588685], [-76.09843869936053, 6.7174122613202805], [-76.10372019220644, 6.713396062656257], [-76.11361590955539, 6.711129868258006], [-76.1160709539165, 6.707409529991774], [-76.13349588512139, 6.706868449972806], [-76.13787156223894, 6.699712206687361], [-76.13811807903329, 6.693668913909881], [-76.14460002701323, 6.691678647870219], [-76.14894676979291, 6.68600705042245], [-76.16386024635663, 6.684756741173852], [-76.16861657525124, 6.680084195342082], [-76.17633647887757, 6.6794099867751155], [-76.18443698994142, 6.6650994671109], [-76.16890050775584, 6.657296853349407], [-76.17143263366232, 6.653183580649995], [-76.17011229821188, 6.636897578662293], [-76.1601158807339, 6.633949228238512], [-76.1550892164084, 6.625338387240293], [-76.1625604680462, 6.615301498297013], [-76.1597566726585, 6.608997053289673], [-76.16435402802296, 6.596554120144188], [-76.16220434193579, 6.592717984171798], [-76.17424607804826, 6.587588873642275], [-76.17820735924249, 6.588837049295629], [-76.1827105139641, 6.585190926022527], [-76.19529692608957, 6.585888511329926], [-76.19740961000566, 6.578524014068052], [-76.205940068153, 6.57177738130851], [-76.21408187182382, 6.574288684315278], [-76.22618993992613, 6.571667757728286], [-76.22808961234924, 6.564907420013905], [-76.24434955228172, 6.547165114024901], [-76.24774739399277, 6.538543488728205], [-76.26355476097673, 6.536245429582396], [-76.27245921619468, 6.541722460910431], [-76.27609163682651, 6.5375444322457215], [-76.28301266885204, 6.536782070819349], [-76.28930587506053, 6.5272899424164015], [-76.2953300116976, 6.525615742947257], [-76.29675798426857, 6.515262843722703], [-76.30769012465406, 6.507406716710063], [-76.31063990858928, 6.509266943124625], [-76.31784163492438, 6.5062108613575615], [-76.33434448412022, 6.512801367744389], [-76.34221057563403, 6.520667461722003], [-76.34492742764702, 6.527245651050263], [-76.34370914657723, 6.5322832063086524], [-76.34023368263652, 6.534375958064071], [-76.34604854531503, 6.539562995086238], [-76.3429393133695, 6.548487090157314], [-76.35093661655263, 6.551424419176438], [-76.35014436120996, 6.556260172381537], [-76.35332833512905, 6.552538061213829], [-76.35610123154234, 6.553674129108434], [-76.35434481450969, 6.556618931345475], [-76.35675148033421, 6.561051078669007], [-76.36414338116369, 6.565520600885796], [-76.3608846662598, 6.571275673161407], [-76.36435265630855, 6.574706289932394], [-76.36171429265066, 6.582262623562948], [-76.36588484954717, 6.582382209064895], [-76.37270871814731, 6.590536467622894], [-76.3788075966094, 6.593645702332105], [-76.38019778294758, 6.590745744202374], [-76.38300805086331, 6.5922629891803695], [-76.39067439220061, 6.587322831958986], [-76.40458286628638, 6.587477686285056], [-76.40469248603415, 6.579535192146186], [-76.41370128826466, 6.578179885676403], [-76.41246556682398, 6.572858316065832], [-76.41909261709247, 6.571144252796181], [-76.4180960680943, 6.567257713125252], [-76.42731414492326, 6.560052665148866], [-76.43330340419048, 6.560062629606704], [-76.43294464626099, 6.555996707717263], [-76.44907435979442, 6.537290192058576], [-76.44714769907434, 6.529955588936476], [-76.4517716850516, 6.527311412674324], [-76.45751180723826, 6.497228926317464], [-76.46440792521052, 6.495621160285144], [-76.47049351602567, 6.489641867394251], [-76.48354216730846, 6.496509860247742], [-76.48466982377543, 6.514119812007329], [-76.49159085627387, 6.519695501798748], [-76.49215888900504, 6.524321981826736], [-76.49449828682552, 6.5254505727064736], [-76.50012505083662, 6.52232763718911], [-76.50773868383875, 6.528147481970301], [-76.51184446513861, 6.528416552971518], [-76.51870445815952, 6.542073006908294], [-76.52277037757122, 6.54505518062632], [-76.51356226567987, 6.556012236687137], [-76.5174712289053, 6.563673203415115], [-76.51679855868723, 6.574555519375799], [-76.52374201298412, 6.586828015077756], [-76.52887673124594, 6.585400461302084], [-76.53163467950037, 6.589451429618204], [-76.54061109253267, 6.588606856994952], [-76.54712104901574, 6.5842344984267696], [-76.55230144149898, 6.570619980290346], [-76.56378876187917, 6.566365876208858], [-76.55776965099697, 6.59315858730472], [-76.57568095575655, 6.620357725945936], [-76.57350989230686, 6.636703543643136], [-76.56734457678945, 6.648290082764252], [-76.5689566328632, 6.661486189606528], [-76.57424457009208, 6.669935678198812], [-76.57752933007856, 6.694807444333235], [-76.56410508663167, 6.700871687744198], [-76.56295578191143, 6.7144522186385], [-76.55868943302026, 6.720459004818799], [-76.54197241703766, 6.72698906635983], [-76.54449075181412, 6.732923067215974], [-76.54330513254486, 6.737941719261443], [-76.53486714133663, 6.748031298290914], [-76.53316032960514, 6.755466666674378], [-76.52773075569384, 6.757289039076109], [-76.52118182682733, 6.7645780360345], [-76.49649606936404, 6.752360586344576], [-76.47150919849405, 6.748427133318675], [-76.46647674481416, 6.750783680383823], [-76.45502461070424, 6.746973975788442], [-76.44553013725918, 6.74284047985521], [-76.44203787129133, 6.738237910823644], [-76.42863848509269, 6.745008881130062], [-76.42704401182749, 6.756453622072747], [-76.43454337113641, 6.766138906689256], [-76.43395214367287, 6.790795204937823], [-76.43940448334321, 6.812084095025679], [-76.43627757173715, 6.827849684699496], [-76.43876710157556, 6.834341381292551], [-76.4369316610485, 6.8445366399431675], [-76.4304080636871, 6.848969940551282], [-76.4260524548288, 6.856452122980566], [-76.41893399898845, 6.8558732718723245], [-76.41637054019519, 6.851817309588471], [-76.40684718517753, 6.849359203065813], [-76.39595978056967, 6.8313867807192015], [-76.38317394552786, 6.826960551765218], [-76.37731452966418, 6.817256255905396], [-76.37480507572737, 6.818643076224248], [-76.36868434796095, 6.813559552951991], [-76.3646088147215, 6.806260371378434], [-76.34876066512633, 6.806573946752144], [-76.33283273793599, 6.79897904096699], [-76.32875108003203, 6.793671059757188], [-76.32973595896118, 6.784584000805284], [-76.31601167535072, 6.775216489233866], [-76.31129996758384, 6.778877861828864], [-76.29938502217234, 6.779669856056031], [-76.29119267978297, 6.793876324816841], [-76.27578460631685, 6.8043243621860565], [-76.27503193270135, 6.808844020194529], [-76.28632257716296, 6.827052078054445], [-76.2852946045637, 6.83297164870755], [-76.28070438988667, 6.835747049926118], [-76.28840827130044, 6.843961213579145], [-76.28699491032621, 6.848696141214712], [-76.29613412400376, 6.84499177320685], [-76.29994798861634, 6.846456858590752], [-76.29500237426946, 6.853904353765862], [-76.29907527584798, 6.874011150252911], [-76.2937318612265, 6.881893946399671], [-76.28911069639491, 6.900150315727862], [-76.2757824949121, 6.904258211788049], [-76.2669969142984, 6.913516248162926], [-76.24400581559982, 6.9085465855776915], [-76.22463937422745, 6.9204550426777995]]]}}, {"id": "77", "type": "Feature", "properties": {"municipality": "Guadalupe"}, "geometry": {"type": "Polygon", "coordinates": [[[-75.1699952511378, 6.905471131846105], [-75.17102688514558, 6.898338916337891], [-75.1745169814471, 6.8964429290592655], [-75.17987902783811, 6.88101586114177], [-75.17743153643578, 6.8638071739636155], [-75.1814268180234, 6.856579069691477], [-75.1812884723038, 6.846417099156594], [-75.19396576027741, 6.833681334312968], [-75.20147145906536, 6.83058336381094], [-75.20256591624391, 6.82340061817043], [-75.21131558736685, 6.8144535867261435], [-75.21130960581887, 6.808987284849099], [-75.21552595455525, 6.806912005767604], [-75.22469202766374, 6.79326493775577], [-75.22901602769257, 6.793000295681619], [-75.24763405354942, 6.801068667291781], [-75.25357036375468, 6.799885888788683], [-75.25988520814597, 6.802343043031954], [-75.26569670563417, 6.797285008635136], [-75.2717385000696, 6.803405582339378], [-75.28212699814917, 6.8072331614501715], [-75.28336272524373, 6.821091449745922], [-75.28863829896697, 6.823428509354892], [-75.2871929172567, 6.838587248584539], [-75.2796483958319, 6.83590276081641], [-75.27619020535829, 6.830386684736234], [-75.27284961954604, 6.8340024666998636], [-75.26955490240954, 6.833857224121649], [-75.26744930578765, 6.846472962652727], [-75.25801744228785, 6.848164489739913], [-75.25845316963004, 6.869059069861641], [-75.26074647776221, 6.875378406429994], [-75.25737276700686, 6.880545992248995], [-75.25982674837769, 6.886974190080386], [-75.25532294711243, 6.894403232331722], [-75.25610776790559, 6.8992548527854884], [-75.25056305996877, 6.900702185248029], [-75.24394814214277, 6.90877462792559], [-75.24244808810722, 6.9272693317764205], [-75.23438116977837, 6.931895757187978], [-75.22645170409332, 6.929422294726987], [-75.22066350056446, 6.932395133090441], [-75.20935092778035, 6.922231769642882], [-75.19862877407508, 6.918784271280505], [-75.19119682477138, 6.920818139653028], [-75.18298451959004, 6.919061452571798], [-75.17746517764732, 6.913106744326383], [-75.17812964087457, 6.909550943630528], [-75.1699952511378, 6.905471131846105]]]}}, {"id": "78", "type": "Feature", "properties": {"municipality": "Angostura"}, "geometry": {"type": "Polygon", "coordinates": [[[-75.24330970370993, 6.9407608932249785], [-75.24394814214277, 6.90877462792559], [-75.25056305996877, 6.900702185248029], [-75.25610776790559, 6.8992548527854884], [-75.25532294711243, 6.894403232331722], [-75.25982674837769, 6.886974190080386], [-75.25737276700686, 6.880545992248995], [-75.26074647776221, 6.875378406429994], [-75.25845316963004, 6.869059069861641], [-75.25801744228785, 6.848164489739913], [-75.26744930578765, 6.846472962652727], [-75.26955490240954, 6.833857224121649], [-75.27284961954604, 6.8340024666998636], [-75.27619020535829, 6.830386684736234], [-75.2796483958319, 6.83590276081641], [-75.28716489302582, 6.838665715984714], [-75.2881165325737, 6.820779849592855], [-75.30092793169689, 6.821892336752603], [-75.30518714636283, 6.818198762100142], [-75.3066166839464, 6.809731059814476], [-75.31352145527659, 6.806541417198907], [-75.31646738944673, 6.801578694046898], [-75.32709563029597, 6.7996043366371905], [-75.33949093655939, 6.8081413877458425], [-75.35553864576286, 6.797273667915833], [-75.36486419297597, 6.796617303585638], [-75.37495867927959, 6.789253255363152], [-75.37662683012228, 6.773849949285579], [-75.39358339338126, 6.77257443680984], [-75.41058894828966, 6.775064693097054], [-75.42427605382291, 6.7811296898381626], [-75.42664159918513, 6.785979088230993], [-75.43691445963108, 6.783168844190388], [-75.43691647489905, 6.778727387626407], [-75.45686360667999, 6.781474564251369], [-75.47481994914149, 6.769405424597974], [-75.48850553926987, 6.768055392341904], [-75.49011014712987, 6.772216640659843], [-75.48370333304341, 6.777386933413213], [-75.48464648009681, 6.786587935673524], [-75.4911698747305, 6.799193871136598], [-75.49037895329617, 6.809334150298561], [-75.47361941660877, 6.824392720643599], [-75.4691184957512, 6.836742314880642], [-75.47205490034432, 6.8516429882448175], [-75.45836126074094, 6.862906231765826], [-75.44847664410615, 6.860512760328216], [-75.44543066136511, 6.876219901585213], [-75.4394018791894, 6.880755700756542], [-75.43558115627586, 6.891039068767683], [-75.42088453898413, 6.8899247169896825], [-75.4175169004069, 6.896954644370075], [-75.41112103194459, 6.902112450058456], [-75.41096097804436, 6.911561737201497], [-75.40634118743017, 6.9092511968235835], [-75.40593190980165, 6.906022054298651], [-75.39616195055966, 6.907364528890977], [-75.39117552370931, 6.90050681784752], [-75.37546391535906, 6.901435893361387], [-75.36569947543528, 6.91497885632815], [-75.35809310330065, 6.915178303053173], [-75.35537741242611, 6.93096158302605], [-75.34985264744566, 6.932381136060983], [-75.3430358927804, 6.9304370364428385], [-75.33913857673085, 6.935050237021003], [-75.33987076687576, 6.942334093839359], [-75.33395527135288, 6.941897795409488], [-75.3267970974021, 6.948694848632772], [-75.31042469808547, 6.954135453619739], [-75.30901958294577, 6.959345621967907], [-75.30662526704229, 6.959188247230643], [-75.3019602861029, 6.965337029959554], [-75.29224251167643, 6.962667311819717], [-75.27335094592074, 6.970938605864794], [-75.26756289625084, 6.96870204406954], [-75.26305281468859, 6.958070328836094], [-75.24998455795695, 6.9532878808198495], [-75.24330970370993, 6.9407608932249785]]]}}, {"id": "79", "type": "Feature", "properties": {"municipality": "Buritic\u00e1"}, "geometry": {"type": "Polygon", "coordinates": [[[-75.91477947275484, 6.97298298293629], [-75.90439312630886, 6.97207878459642], [-75.90866425934499, 6.948843349842644], [-75.90168054096033, 6.927808915868196], [-75.88960477573916, 6.918076918240552], [-75.87677948097428, 6.918612297254782], [-75.87415017712888, 6.906488943420204], [-75.86939125505369, 6.90107567086792], [-75.87272250001216, 6.895805166020099], [-75.86908192486311, 6.888357450266392], [-75.84522605126502, 6.871681877047585], [-75.84597712273768, 6.868082027907537], [-75.84146566510358, 6.861107828376181], [-75.84362386489659, 6.849955286707373], [-75.86453133562847, 6.831353475650938], [-75.86338919541139, 6.826746839348894], [-75.8656449243507, 6.822787415992961], [-75.8554608311686, 6.8087771517566935], [-75.85845435301204, 6.801203099997787], [-75.86602189795649, 6.796068288933429], [-75.87147817540567, 6.784886396439259], [-75.86130575208576, 6.772770007689215], [-75.8569702602578, 6.757577662673664], [-75.84621033717995, 6.746532203677737], [-75.8570987508406, 6.736072093629403], [-75.86280945736644, 6.734254185073851], [-75.86063938933313, 6.718806724339547], [-75.85580432360713, 6.711487503246808], [-75.84782837061654, 6.711525573626583], [-75.83260933811937, 6.682001221326214], [-75.84525245556739, 6.681640366827503], [-75.85279110036566, 6.674522762134938], [-75.85683928688184, 6.66135612586741], [-75.86949801961207, 6.652989940607084], [-75.870453357851, 6.649213497308096], [-75.88013026035354, 6.645651495122555], [-75.88037736665413, 6.651512969237128], [-75.88727568581811, 6.666102248921119], [-75.88558611312331, 6.675974779325894], [-75.90160244603798, 6.676008330003052], [-75.90661184470748, 6.67932484356624], [-75.91057829714359, 6.678585579804863], [-75.91762907089571, 6.6876736043034475], [-75.91959342738015, 6.694695271347589], [-75.92419061621473, 6.698099484577504], [-75.92923827536107, 6.696122795114438], [-75.93669858453924, 6.702799061246122], [-75.93972753077074, 6.710858082763666], [-75.95446987719804, 6.716171170342842], [-75.95952715458354, 6.727873535699502], [-75.96459519614362, 6.729923057033331], [-75.97067156920508, 6.74119945580715], [-75.97202659867607, 6.753315278323316], [-75.98419263975616, 6.763905158725176], [-75.9846341475259, 6.769645608741495], [-75.9808349878389, 6.777951513124602], [-75.98353589052849, 6.792441289597814], [-75.98152663690568, 6.798230796336242], [-75.98616628901607, 6.805553567108475], [-75.98041333054742, 6.822102540282446], [-75.96549243106739, 6.827786220081121], [-75.95580872389168, 6.839907767186611], [-75.96103163082981, 6.855664709006563], [-75.96756380532658, 6.865699302906111], [-75.96608481755725, 6.882335259019433], [-75.96836718430623, 6.9010924262273425], [-75.96654091887989, 6.906093865054023], [-75.96772465937413, 6.917717449017524], [-75.96034718717196, 6.919639866682465], [-75.95834042635548, 6.930492485315905], [-75.95214618963139, 6.938720284099842], [-75.95730686681816, 6.950138677092402], [-75.9565006419112, 6.960402884948899], [-75.95437462988193, 6.966110616191888], [-75.94806813320112, 6.970044345856028], [-75.93846700821307, 6.962822683688649], [-75.9298652555758, 6.96620151666985], [-75.92766425468548, 6.961740027579374], [-75.92068053668719, 6.961668643422798], [-75.91477947275484, 6.97298298293629]]]}}, {"id": "80", "type": "Feature", "properties": {"municipality": "Ca\u00f1asgordas"}, "geometry": {"type": "Polygon", "coordinates": [[[-75.96475572899257, 6.980419858025013], [-75.96081534242424, 6.97206794914932], [-75.95437462988193, 6.966110616191888], [-75.95770918618037, 6.95329836271168], [-75.95205655897692, 6.939348009872649], [-75.95834042635548, 6.930492485315905], [-75.96034718717196, 6.919639866682465], [-75.96791153868587, 6.917146817734225], [-75.96608481755725, 6.882335259019433], [-75.96796939984455, 6.867766540095927], [-75.95580872389168, 6.839907767186611], [-75.96549243106739, 6.827786220081121], [-75.98041333054742, 6.822102540282446], [-75.98616628901607, 6.805553567108475], [-75.98152663690568, 6.798230796336242], [-75.98353589052849, 6.792441289597814], [-75.9808349878389, 6.777951513124602], [-75.9846341475259, 6.769645608741495], [-75.9838366357625, 6.76281504683894], [-75.97202659867607, 6.753315278323316], [-75.97067156920508, 6.74119945580715], [-75.96459519614362, 6.729923057033331], [-75.95921538755238, 6.726335984380837], [-75.96538501956874, 6.7146971241355375], [-75.97180971117295, 6.71048434405404], [-75.97502552089182, 6.698340625773914], [-75.98763422410387, 6.690916700116661], [-75.99333163379576, 6.6750852172732005], [-75.99996896816418, 6.667858115045712], [-75.99556031789929, 6.657699545606624], [-75.99766693428316, 6.6504369838770625], [-76.01041944540326, 6.646011794610491], [-76.0288046281765, 6.654836111331964], [-76.0395262089026, 6.656030715369429], [-76.0414588575504, 6.665922260156384], [-76.03594218375252, 6.671628450629829], [-76.03728004933583, 6.678292064267755], [-76.03305951926986, 6.684243401433226], [-76.03862553471735, 6.694262905710826], [-76.04026542202853, 6.704657677265072], [-76.05154185531445, 6.721259336311896], [-76.05472464809242, 6.732280086679081], [-76.06720895528613, 6.737728746577175], [-76.07848538691727, 6.750609800266291], [-76.08631452854651, 6.752523004993625], [-76.0868810550352, 6.7544783655863805], [-76.08305905830639, 6.754223159905241], [-76.08190456004911, 6.756720523788013], [-76.09024732793338, 6.76343483984031], [-76.08452952386295, 6.764917458673769], [-76.08845761470899, 6.769457597266386], [-76.08670294612415, 6.770717799630773], [-76.0878841707325, 6.776936401175292], [-76.09054192790708, 6.777664367442409], [-76.08905852881189, 6.780081757049348], [-76.08471134560413, 6.780191639398242], [-76.08626685424899, 6.783137834195309], [-76.08303565359147, 6.784916538074867], [-76.08677162160937, 6.789716983321784], [-76.09161327191917, 6.788649070955124], [-76.09620768780509, 6.796835235818709], [-76.10359721241264, 6.801453687867143], [-76.10529023685227, 6.80623809174858], [-76.103273644116, 6.810264141197459], [-76.10686068116604, 6.813547798019287], [-76.11111953371031, 6.812666588888688], [-76.11234652941594, 6.815567961385303], [-76.11438810613824, 6.81352281399748], [-76.11536963412091, 6.81972607044333], [-76.12283614506681, 6.823203649184825], [-76.12708110300741, 6.831312851550927], [-76.12500145387355, 6.835329382036826], [-76.12780534472601, 6.839558000998416], [-76.12692202365461, 6.843801315321532], [-76.12988154763379, 6.843887369848438], [-76.12655909926914, 6.851389070420066], [-76.12277270262814, 6.849428525875856], [-76.11568306309032, 6.8545231685644845], [-76.10194167593808, 6.852952721978737], [-76.09366702000763, 6.8609991299808515], [-76.09350521600628, 6.8682073109015995], [-76.09835931733565, 6.8724522687171925], [-76.1025824987712, 6.8875442302545675], [-76.09575939412353, 6.898594844192747], [-76.0842035423147, 6.898872289443587], [-76.07147342594904, 6.907048117074848], [-76.06166052836546, 6.904145174353229], [-76.06078256694376, 6.907412828792334], [-76.05490767808206, 6.908080267029438], [-76.0431400533779, 6.919369619639192], [-76.03511294178067, 6.919776508079035], [-76.03137153726782, 6.921970025243066], [-76.03151688241137, 6.924922739941372], [-76.02954668780329, 6.923794874001228], [-76.02808331987849, 6.926814407655897], [-76.01707593253738, 6.9304621215797475], [-76.0124002918505, 6.935780216832272], [-75.99936798403729, 6.931366319168581], [-75.99278639495704, 6.938768819967724], [-75.9870964117121, 6.9378987657086], [-75.97509322057077, 6.969504910707483], [-75.96475572899257, 6.980419858025013]]]}}, {"id": "81", "type": "Feature", "properties": {"municipality": "Vegach\u00ed"}, "geometry": {"type": "Polygon", "coordinates": [[[-74.84322654480219, 6.988745703418245], [-74.83573802228723, 6.990946757671682], [-74.83863144686869, 6.990037803555914], [-74.83762731483588, 6.986083139638606], [-74.84099187206787, 6.976617644162004], [-74.83899312468698, 6.962238561361898], [-74.84466456991628, 6.9575111672036805], [-74.84164741420737, 6.954789063098836], [-74.8407789110717, 6.948048050099331], [-74.8368468237855, 6.9462604225870015], [-74.83896834184465, 6.942968698011923], [-74.83402169730712, 6.933552057155245], [-74.82742131085992, 6.927351775770402], [-74.82855988315188, 6.920663111172723], [-74.82349887335177, 6.91278431829542], [-74.82013887464771, 6.8956357810655495], [-74.80972970626513, 6.891742885353507], [-74.80749312666782, 6.8855873706998425], [-74.80956867611823, 6.884315343716812], [-74.80944381724353, 6.878862323827429], [-74.79644631218595, 6.882840454046659], [-74.79352994821008, 6.886596201874593], [-74.78824174000444, 6.885453778814527], [-74.78326996363396, 6.898023909870666], [-74.77744623397184, 6.900691880786724], [-74.77253383618529, 6.899713326771895], [-74.76945719338266, 6.903189719831378], [-74.76456514032941, 6.896318764182027], [-74.76008057022506, 6.901737749040281], [-74.75398914963033, 6.903258223866711], [-74.75028670860473, 6.901245200105601], [-74.75052542767905, 6.897184828949513], [-74.73205470382699, 6.900838133888959], [-74.71957014832144, 6.897392674888147], [-74.71248411286277, 6.900712617955459], [-74.70390294295281, 6.896290309874334], [-74.70305309018676, 6.901145594199803], [-74.69822097304893, 6.902993356850588], [-74.6945120770752, 6.916146247572997], [-74.69007901655607, 6.917854071865261], [-74.68714188617092, 6.9152820025949016], [-74.68271690090945, 6.917579733852893], [-74.67791029499536, 6.91503822833071], [-74.67306567114873, 6.91781109280707], [-74.66024076492255, 6.918500487199394], [-74.65597596040841, 6.917323424886856], [-74.65409123078108, 6.911785240645705], [-74.6500096194328, 6.911941582079208], [-74.64290664020396, 6.913648769286898], [-74.64292973622122, 6.916917413358784], [-74.63349971557119, 6.9250797871807395], [-74.62826557397113, 6.924377169598153], [-74.62964364430233, 6.919097221436337], [-74.62350497910417, 6.920375883046733], [-74.6204383480388, 6.916699659800157], [-74.61719828976297, 6.918638271782824], [-74.61386333508904, 6.914571253107993], [-74.61120621608438, 6.917648631205272], [-74.60234011558404, 6.917648631394426], [-74.6018385167861, 6.911846350887339], [-74.594422985895, 6.912822434918887], [-74.58879694428724, 6.903034476812541], [-74.59289107633843, 6.886657950559511], [-74.58592291741692, 6.880313401673103], [-74.58219481734969, 6.880543863696584], [-74.58203213626801, 6.877656283196386], [-74.58440456441141, 6.878740819886912], [-74.58567889609118, 6.8750127209775425], [-74.5847570387193, 6.871365958933043], [-74.57622985673092, 6.87024075263717], [-74.57197304391795, 6.863991100056989], [-74.57546010379238, 6.845769312352122], [-74.57447193430859, 6.837711493809471], [-74.58050731116401, 6.832871397663577], [-74.58438796080554, 6.825378101169746], [-74.58135419332856, 6.820002003166658], [-74.58586732584065, 6.821422406595848], [-74.58679460768242, 6.817005755985626], [-74.59126486141184, 6.815730071386721], [-74.59119518001478, 6.808611971024625], [-74.58585124610487, 6.802871394995754], [-74.58446300174278, 6.796734178350977], [-74.58216891498843, 6.793185848388673], [-74.57837938459942, 6.79320728837111], [-74.58090395156619, 6.788404715438382], [-74.57896356874366, 6.781893098200184], [-74.58601390391108, 6.784994008994464], [-74.58990875375413, 6.782357590450247], [-74.59036116543909, 6.78479290595269], [-74.59637726281207, 6.784610016262028], [-74.60058371910989, 6.788046414403993], [-74.60103613018191, 6.7911266542829125], [-74.5981291511686, 6.792435759026298], [-74.60033344942612, 6.794226147906872], [-74.60396943092422, 6.791067515093277], [-74.61176937192675, 6.7913613479769595], [-74.61339516635186, 6.788300600919581], [-74.62028991600488, 6.792652647634849], [-74.62716474287502, 6.792727851623012], [-74.62698578978414, 6.796387949246085], [-74.63734065236201, 6.7963753237112625], [-74.6415035533518, 6.799259199023793], [-74.64470285228069, 6.7952696093186065], [-74.64092816538013, 6.792961122002136], [-74.64755899767421, 6.787384012919509], [-74.64274098464676, 6.782569464704517], [-74.65197493177511, 6.7790720726248015], [-74.65413437191397, 6.784600655679423], [-74.65839432667224, 6.785356287848101], [-74.66206849478439, 6.781571201982826], [-74.66596449922406, 6.79182074386558], [-74.67474783957165, 6.795349332018511], [-74.67774609998874, 6.793429058897453], [-74.67991593826234, 6.786243634761448], [-74.68768368389243, 6.790579846951749], [-74.70072351395751, 6.780964615778082], [-74.70190548568424, 6.782631858363119], [-74.70476509756698, 6.782001009412139], [-74.7038188272349, 6.781193384958484], [-74.70484828694471, 6.779536543174386], [-74.70726422602269, 6.781162188600456], [-74.70677202631333, 6.777668264377801], [-74.70899385727408, 6.77688836964353], [-74.70990893264592, 6.78091262269259], [-74.71584652697045, 6.783380555039435], [-74.71959290727344, 6.789549808377035], [-74.72386788272681, 6.7909270443240315], [-74.72480606604708, 6.79480918066482], [-74.73690540204518, 6.795100342834507], [-74.75594794496766, 6.789676814582237], [-74.75945650343908, 6.791632734791389], [-74.75968334889056, 6.783113389863349], [-74.77119202391243, 6.774049616843531], [-74.77214981959763, 6.769174938591404], [-74.779943254016, 6.766619138748491], [-74.79118979538816, 6.7675819732665925], [-74.79587709301614, 6.759716856112159], [-74.79861351403768, 6.759363208364233], [-74.80223025382017, 6.749996757835157], [-74.80663732986801, 6.747421281379393], [-74.80632248393927, 6.7497291619374025], [-74.80345081573978, 6.749753767313761], [-74.80237138356192, 6.763942155745449], [-74.81563925938518, 6.758450360425799], [-74.8156678123141, 6.75222568998384], [-74.82167357215866, 6.74868505213692], [-74.83305691442676, 6.733418429960004], [-74.84791168536542, 6.727766810933947], [-74.85364207206813, 6.731776082763501], [-74.86365523877235, 6.727219789343522], [-74.87001937110685, 6.727453275853611], [-74.87356167143763, 6.73158262319097], [-74.87859827360666, 6.731022258396551], [-74.88286379091986, 6.7350269457534955], [-74.88838889982965, 6.729425694998062], [-74.89191358487385, 6.733136963977869], [-74.89146125993452, 6.73667630106799], [-74.89938429111211, 6.736798651352276], [-74.90393382070988, 6.740539163814576], [-74.90830489090855, 6.737119877988374], [-74.9134668742944, 6.7407450861051945], [-74.91536508918986, 6.75201718827346], [-74.91919126201756, 6.751817312875766], [-74.92282429272785, 6.7479509132260835], [-74.92367994893941, 6.762851756329704], [-74.91103604764739, 6.769277841607367], [-74.91475250645793, 6.775727446665425], [-74.90490566301042, 6.779065159923957], [-74.90310430067144, 6.7953003254518105], [-74.89812316027505, 6.798806964625861], [-74.9011038551612, 6.80161488554737], [-74.9008959741715, 6.80852173887069], [-74.90987260663749, 6.817110919098072], [-74.90935436068249, 6.824539470586413], [-74.89945580333236, 6.823421125190362], [-74.89001172224289, 6.835085004591677], [-74.87994660168577, 6.839710677200073], [-74.87988623999993, 6.844227847242603], [-74.8734221201841, 6.8504753581712965], [-74.87586319591193, 6.857017117009721], [-74.87138428865713, 6.866186945599647], [-74.87937835107394, 6.869109967731461], [-74.88403423692809, 6.880879755291863], [-74.88238180182658, 6.88327746355783], [-74.87820198489331, 6.882253465041353], [-74.86925229169914, 6.890973791446689], [-74.86797333072211, 6.900128767844599], [-74.87743763802443, 6.9031030937639155], [-74.87936500118113, 6.9067377203435], [-74.87558616136533, 6.914600609187417], [-74.88050119363542, 6.925136903360394], [-74.8734579889663, 6.926409914265068], [-74.87022668073497, 6.938793819436649], [-74.87296002114554, 6.940935873837773], [-74.86890370054854, 6.947436022189897], [-74.85921298042116, 6.946700843128356], [-74.85340865085136, 6.949844035567455], [-74.85307283417606, 6.967920778584033], [-74.84394457361405, 6.978391693908018], [-74.84322654480219, 6.988745703418245]]]}}, {"id": "82", "type": "Feature", "properties": {"municipality": "Uramita"}, "geometry": {"type": "Polygon", "coordinates": [[[-75.98226420692572, 7.001037896901007], [-75.97873199020167, 6.98727849024581], [-75.96496186007435, 6.9806399993179005], [-75.97509322057077, 6.969504910707483], [-75.98697505892886, 6.937984427407288], [-75.99278639495704, 6.938768819967724], [-75.99936798403729, 6.931366319168581], [-76.0124002918505, 6.935780216832272], [-76.01707593253738, 6.9304621215797475], [-76.02808331987849, 6.926814407655897], [-76.02954668780329, 6.923794874001228], [-76.03151688241137, 6.924922739941372], [-76.03137153726782, 6.921970025243066], [-76.03511294178067, 6.919776508079035], [-76.0431400533779, 6.919369619639192], [-76.05490767808206, 6.908080267029438], [-76.06078256694376, 6.907412828792334], [-76.06166052836546, 6.904145174353229], [-76.07147342594904, 6.907048117074848], [-76.0842035423147, 6.898872289443587], [-76.09553929413363, 6.898773779425293], [-76.1025824987712, 6.8875442302545675], [-76.09835931733565, 6.8724522687171925], [-76.09350521600628, 6.8682073109015995], [-76.09366702000763, 6.8609991299808515], [-76.10194167593808, 6.852952721978737], [-76.11628982607314, 6.854457732915217], [-76.13473470769681, 6.849179010446466], [-76.14414491236519, 6.835027927728515], [-76.15016732790117, 6.833443207789132], [-76.15201141101633, 6.826750972647871], [-76.15567816018435, 6.823730247761649], [-76.16631481526613, 6.827237405931766], [-76.17963781358013, 6.838143268939529], [-76.19484912526329, 6.838761910781272], [-76.19519552270509, 6.850080232403618], [-76.20257185200035, 6.848593068577675], [-76.20641031891925, 6.852366299399659], [-76.22156387769618, 6.848295468770523], [-76.22903538555713, 6.855320827723077], [-76.23603207284339, 6.869072317771847], [-76.2457827066241, 6.876044138416435], [-76.24486091422212, 6.886550972371179], [-76.23115909651858, 6.898772204654229], [-76.22748283002403, 6.905137260805423], [-76.22616817782126, 6.915821041720021], [-76.222140939952, 6.918265936664061], [-76.23219300812717, 6.927041827051633], [-76.23621536737245, 6.938037389225165], [-76.23937300293721, 6.939822498590036], [-76.24052829786315, 6.949286684951727], [-76.23430236256628, 6.963019777849475], [-76.20275974996379, 6.958456877821539], [-76.17090726160824, 6.9593139728833435], [-76.16450884162153, 6.969498842425242], [-76.15530553377168, 6.977591625417494], [-76.14750045486463, 6.972828898071954], [-76.13918185929678, 6.972505290841837], [-76.12991147913507, 6.967251443374362], [-76.12633277013303, 6.967746368559348], [-76.1216690263136, 6.960170167233688], [-76.10111048271722, 6.957105420275456], [-76.07317023194767, 6.9399300155595265], [-76.06463803599091, 6.9468675912490125], [-76.05644317179411, 6.9429414798115445], [-76.0493476194184, 6.944169278830663], [-76.03270538818006, 6.95457781632855], [-76.02951691003321, 6.961868486708301], [-76.01642670237666, 6.967417388157808], [-76.00728957209864, 6.990926461585201], [-75.99994615469191, 7.000335075160225], [-75.98226420692572, 7.001037896901007]]]}}, {"id": "83", "type": "Feature", "properties": {"municipality": "San Andr\u00e9s de Cuerquia"}, "geometry": {"type": "Polygon", "coordinates": [[[-75.65841905069331, 7.028202378749699], [-75.65349522464085, 7.025313072608595], [-75.64606258372002, 7.009010117286824], [-75.63090458494679, 7.009387474382304], [-75.61402133855654, 6.991381628140058], [-75.61257740126985, 6.984215330201843], [-75.606304593155, 6.982509778069011], [-75.60065504517402, 6.964865690979397], [-75.60392419961191, 6.957183777556172], [-75.60220918904703, 6.948610507833914], [-75.58820341284392, 6.9336465755662395], [-75.58706890762328, 6.924108386769371], [-75.57976162587386, 6.914448354849722], [-75.57500531660092, 6.900878093598036], [-75.57579633813408, 6.893120788877743], [-75.57919066955648, 6.893462138987128], [-75.58133285592487, 6.886174285190858], [-75.59500249573715, 6.87623159269633], [-75.59638892025517, 6.867724951953033], [-75.60234816881375, 6.862412284662551], [-75.61163209440193, 6.867699201634253], [-75.61987220379397, 6.865269963213534], [-75.63926853633535, 6.871232973952424], [-75.64245254380029, 6.869737408562218], [-75.6463720849628, 6.881504150673233], [-75.65513326101937, 6.8867104132787045], [-75.67188466568606, 6.87984804577623], [-75.69783998471102, 6.887128721783184], [-75.70283090487337, 6.875469360715072], [-75.71226330735648, 6.878328280105969], [-75.71881872193809, 6.86976221835293], [-75.72482547106156, 6.847008485393507], [-75.72363832031786, 6.827207245880869], [-75.73064898217349, 6.8226513978823755], [-75.73410081365289, 6.80609008481815], [-75.74891384707101, 6.801831568870798], [-75.75173190231354, 6.790754257775344], [-75.75549201479181, 6.787343355902339], [-75.76405987587735, 6.787343355761386], [-75.76429236720324, 6.791467710403264], [-75.75341228085483, 6.806636776109729], [-75.76126688227191, 6.8190993989055695], [-75.75804033270181, 6.82301123321371], [-75.76173325556486, 6.825990318212794], [-75.76044834679207, 6.829978294758338], [-75.754990505376, 6.838354094783447], [-75.75768824002283, 6.841501450821113], [-75.75619587590131, 6.849269396970447], [-75.75840572314425, 6.854990127287552], [-75.75596267271403, 6.859876358434093], [-75.75231495924271, 6.859498023714985], [-75.75006636865916, 6.866814867889185], [-75.75209366901798, 6.86769288955065], [-75.74982842215978, 6.869924821122933], [-75.75125857802425, 6.8762854176544455], [-75.74137191672435, 6.8906573633949], [-75.7409079217614, 6.896784475389445], [-75.73626797266267, 6.901180528555484], [-75.73874261271804, 6.904856796071844], [-75.73750969418745, 6.917450114892077], [-75.73963121935324, 6.918939695579288], [-75.73474071607608, 6.9208092426128704], [-75.73600062918855, 6.926749183195394], [-75.73310422629518, 6.928291882994301], [-75.72137314823777, 6.932812248275545], [-75.70643960248645, 6.932662837089823], [-75.69224981584887, 6.952173906712237], [-75.67837021501735, 6.964757624944265], [-75.66326699217642, 6.993562797051155], [-75.66043622435873, 7.016086440915991], [-75.65612225780644, 7.02594055229308], [-75.65841905069331, 7.028202378749699]]]}}, {"id": "84", "type": "Feature", "properties": {"municipality": "Murind\u00f3"}, "geometry": {"type": "Polygon", "coordinates": [[[-76.67556801678884, 7.029853725301125], [-76.67016878946168, 7.023142930670986], [-76.65917580523883, 7.019421050090078], [-76.6518471493427, 7.010691889213194], [-76.64548733417956, 7.00836091668636], [-76.63781334835758, 7.014135592065579], [-76.6281824955935, 7.01617878912634], [-76.62172949789418, 7.013457609445942], [-76.6156077996937, 7.016789560036046], [-76.60589564976843, 7.008238961669635], [-76.60318535827057, 7.000489474052372], [-76.59643397111854, 7.010876220727281], [-76.59293738161291, 7.011625604649566], [-76.58404592596708, 6.983122659379614], [-76.57200017403433, 6.979688361702914], [-76.56371348185827, 6.989117915194434], [-76.55343059320101, 6.994408410038966], [-76.54746009792628, 7.002956053045175], [-76.54796826784981, 6.996664490268307], [-76.5427821005719, 6.988384414141956], [-76.54493313370949, 6.982749850080661], [-76.54247752992524, 6.977800575289402], [-76.54510662672317, 6.973382951789799], [-76.54401942065874, 6.962495879711802], [-76.53634803860929, 6.95518617433445], [-76.53069446185798, 6.961983418430725], [-76.52457281276952, 6.963166246991402], [-76.51273900119364, 6.92685896639179], [-76.52402716353129, 6.911059346416598], [-76.52503605563584, 6.90393999714949], [-76.54491896678981, 6.887099916549011], [-76.56019535389207, 6.884858491440606], [-76.56008827750838, 6.876042589363178], [-76.56428802668593, 6.870783979361509], [-76.56134939287288, 6.8618372069858244], [-76.57010141757281, 6.854156246187471], [-76.57256502814408, 6.846372444567732], [-76.57285219835532, 6.8289760326461515], [-76.57066064233835, 6.823534930294461], [-76.57734110727756, 6.813317751251141], [-76.57663074121834, 6.806123404364371], [-76.58031859888692, 6.804203904897184], [-76.57808195697285, 6.796033570776273], [-76.58025837014527, 6.793346363552784], [-76.57669869710209, 6.790776546553632], [-76.57603244760607, 6.786360269258444], [-76.58562643385633, 6.7674578313932034], [-76.59261253156072, 6.763136728037595], [-76.59794252368098, 6.755008492270107], [-76.61872949558432, 6.74777492941444], [-76.61430491010547, 6.736279710773598], [-76.60752417847411, 6.728126568151052], [-76.60521649315835, 6.719007652779159], [-76.60184137626563, 6.715419049437617], [-76.58880854614114, 6.714463444426705], [-76.58422367324022, 6.698889110246298], [-76.57698895513062, 6.694105863005527], [-76.57424457009208, 6.669935678198812], [-76.5689566328632, 6.661486189606528], [-76.56734457678945, 6.648290082764252], [-76.57329421327906, 6.633332220105234], [-76.60202982288462, 6.6435148580218915], [-76.61250280657443, 6.644694140770075], [-76.62084370665573, 6.641374966231448], [-76.63253502520669, 6.644405178034094], [-76.63702567824137, 6.646435736317146], [-76.63662737631624, 6.649739292282707], [-76.6404854333476, 6.652051001626825], [-76.64592888451953, 6.644944056195247], [-76.65602699731042, 6.645842185628672], [-76.66125958349876, 6.6497705319609945], [-76.68353517595544, 6.647066376915389], [-76.68786473109611, 6.651236876179409], [-76.68980645509309, 6.660056908281604], [-76.70063403114499, 6.664170728001102], [-76.70728196463156, 6.663216321046291], [-76.7152134108681, 6.6528824063415755], [-76.73440027110871, 6.642778861966783], [-76.7437468708188, 6.642745949886317], [-76.74999987754262, 6.639948553889147], [-76.77251070526465, 6.644029462194235], [-76.77596586046391, 6.647906621160464], [-76.78580880266951, 6.648559478048332], [-76.79007749115836, 6.6532847881512165], [-76.79968531898693, 6.655589555113195], [-76.80923220074487, 6.6549633299077415], [-76.8170241038705, 6.658309241016506], [-76.8309148914849, 6.65699446301261], [-76.83406284476534, 6.659752847072217], [-76.83876957282988, 6.656601167869657], [-76.84924299667507, 6.6592703271348235], [-76.85865614058206, 6.666191410985364], [-76.85934345990088, 6.669800308800341], [-76.86455035846524, 6.671451230796852], [-76.87034608529343, 6.681771786664761], [-76.86633524927876, 6.697402188778693], [-76.8623244117176, 6.700415807560118], [-76.86657686499875, 6.711521386807541], [-76.85976766830035, 6.720940045595623], [-76.87108411368384, 6.723439681337012], [-76.8708117457074, 6.732796833194086], [-76.8753541395602, 6.736772524397071], [-76.87946918764892, 6.748726203251093], [-76.88687290884576, 6.751982902731511], [-76.88758360251572, 6.757410736030688], [-76.89736444076372, 6.757226230700918], [-76.90265364865003, 6.771225350765785], [-76.90103060809966, 6.7773226947562], [-76.91372932824402, 6.77732357728375], [-76.91679521948392, 6.782850947447136], [-76.92184555671209, 6.784225229614731], [-76.91474518017672, 6.78618093499163], [-76.91423847359802, 6.79235819121656], [-76.91039707790239, 6.795598701954522], [-76.91155683807284, 6.798405848944491], [-76.90538572927781, 6.8057960250813485], [-76.91150412113667, 6.815667163188548], [-76.90911022519863, 6.823209409928241], [-76.9056001934092, 6.827778158743612], [-76.90007376175393, 6.827611224167749], [-76.89553398264745, 6.8373975538103124], [-76.88894562311171, 6.840085850405658], [-76.88405055816473, 6.848223140665608], [-76.87713920590326, 6.852131327249732], [-76.86649236649858, 6.844767546553722], [-76.85507292159743, 6.846158850241878], [-76.85027592890536, 6.835422724594109], [-76.83528532514732, 6.828684087959377], [-76.83629207020392, 6.835625881650494], [-76.83432321073964, 6.838473696859362], [-76.82855726529209, 6.838948333599638], [-76.82038298313644, 6.835309457861012], [-76.81793948742654, 6.837682636816162], [-76.81911728803739, 6.846190921626873], [-76.83152813330915, 6.85429489043583], [-76.83055740702498, 6.858589209092307], [-76.82002801864853, 6.858347319906984], [-76.80509710644294, 6.8627478773128265], [-76.7980443852588, 6.861634287925333], [-76.78553793828033, 6.877529086061163], [-76.78808872030066, 6.890692264116192], [-76.79399930086379, 6.895394080560124], [-76.79670236881206, 6.901599712787782], [-76.79689272624803, 6.9343791699200175], [-76.80009403675423, 6.948564633235649], [-76.8083149505158, 6.950246906572587], [-76.81027231115134, 6.960404019015266], [-76.81338292708257, 6.963514637364565], [-76.81881063369731, 6.962435442686129], [-76.8254233377254, 6.955187920872067], [-76.8287667215854, 6.955970862906131], [-76.81873657190788, 6.9746980416793685], [-76.82241852574349, 6.977120935664677], [-76.83029028826016, 6.972402110731906], [-76.82875614093852, 6.979342802985544], [-76.8318455959452, 6.989140184860469], [-76.84252066442596, 6.988321922597144], [-76.83463708124313, 6.999268601118771], [-76.82477514161123, 7.005457573344726], [-76.70665981573818, 7.024915206198926], [-76.68401874682006, 7.02133858158907], [-76.67556801678884, 7.029853725301125]]]}}, {"id": "85", "type": "Feature", "properties": {"municipality": "Sabanalarga"}, "geometry": {"type": "Polygon", "coordinates": [[[-75.7656475739671, 7.061631681415843], [-75.76155584173112, 7.052444228694241], [-75.75599285431936, 7.04897762131924], [-75.75885146605722, 7.025010178689518], [-75.75411039025346, 7.022184568702025], [-75.75351374015055, 7.014243713395574], [-75.7480120285424, 7.008055132384205], [-75.7423429631522, 6.991851004758169], [-75.74203363398802, 6.973921765124331], [-75.7369772790177, 6.9601089930409925], [-75.73914258839635, 6.957670044848083], [-75.7387142853136, 6.945915507640677], [-75.73523272722448, 6.942844792574463], [-75.73848391390774, 6.940363166604402], [-75.73678283514032, 6.937233392760083], [-75.73925271577525, 6.931851052889137], [-75.73469359044154, 6.921044875317067], [-75.73964626520083, 6.918623727889165], [-75.73750969418745, 6.917450114892077], [-75.73874261271804, 6.904856796071844], [-75.73626797266267, 6.901180528555484], [-75.7409079217614, 6.896784475389445], [-75.74137191672435, 6.8906573633949], [-75.75125857802425, 6.8762854176544455], [-75.74982842215978, 6.869924821122933], [-75.75209366901798, 6.86769288955065], [-75.75006636865916, 6.866814867889185], [-75.75231495924271, 6.859498023714985], [-75.75596267271403, 6.859876358434093], [-75.75840572314425, 6.854990127287552], [-75.75619587590131, 6.849269396970447], [-75.75768824002283, 6.841501450821113], [-75.754990505376, 6.838354094783447], [-75.76044834679207, 6.829978294758338], [-75.76173325556486, 6.825990318212794], [-75.75804033270181, 6.82301123321371], [-75.76126688227191, 6.8190993989055695], [-75.75346581891463, 6.806386932016484], [-75.76199618714054, 6.795459256967973], [-75.76442684554222, 6.7876467287522235], [-75.77047225901735, 6.785278973389452], [-75.78647631903968, 6.787400897044142], [-75.79578353535551, 6.785819004644066], [-75.80835497130288, 6.78900790004699], [-75.81487504418678, 6.7879784136405235], [-75.81877536974109, 6.783626120446592], [-75.82823324241944, 6.786421630945086], [-75.84359182059171, 6.78010243474556], [-75.84954508559176, 6.787221778182466], [-75.85473951963311, 6.788928440306548], [-75.87130419842455, 6.78418401908728], [-75.86641287269339, 6.79554698886914], [-75.85877582182232, 6.800786059571585], [-75.85538468792289, 6.809291114579641], [-75.8656449243507, 6.822787415992961], [-75.86338919541139, 6.826746839348894], [-75.86453133562847, 6.831353475650938], [-75.84310446595937, 6.850715833326771], [-75.84146566510358, 6.861107828376181], [-75.845834355958, 6.8704305529135254], [-75.83546773302903, 6.879085954253938], [-75.83089202993122, 6.889914878906219], [-75.83358320029345, 6.902164342870172], [-75.83052083442415, 6.907239733138857], [-75.82710868680277, 6.927769723403604], [-75.8317629126772, 6.937249495827816], [-75.82470194135813, 6.951275349999059], [-75.82646264805697, 6.960489713586077], [-75.82300830908483, 6.978113554108499], [-75.81224284308138, 6.986430799400493], [-75.81150502304156, 6.996978270201255], [-75.80597975680247, 7.007794041763247], [-75.81192423927351, 7.012833017379506], [-75.8116978628594, 7.015574690020032], [-75.79782181530304, 7.021636553272507], [-75.79358773422636, 7.030272400823554], [-75.78884220890558, 7.030146635567999], [-75.7877522481204, 7.032443940440188], [-75.79035138556952, 7.03485862290584], [-75.78816815657468, 7.042682709739197], [-75.7772056883736, 7.043106582272218], [-75.77457848812499, 7.053983723395456], [-75.77006702974116, 7.054916471845065], [-75.7656475739671, 7.061631681415843]]]}}, {"id": "86", "type": "Feature", "properties": {"municipality": "Toledo"}, "geometry": {"type": "Polygon", "coordinates": [[[-75.69682150296877, 7.088378949301131], [-75.68735722938197, 7.084184117744659], [-75.68782042199965, 7.077673102118942], [-75.68297268808737, 7.071062079112099], [-75.68270424681803, 7.063456240064305], [-75.67794599372677, 7.058492709371401], [-75.67074596075797, 7.056237333975384], [-75.67128728924325, 7.045993752896506], [-75.66586806592917, 7.039973716860855], [-75.66386370655175, 7.031789114055183], [-75.65612225780644, 7.02594055229308], [-75.66043622435873, 7.016086440915991], [-75.66326699217642, 6.993562797051155], [-75.67361550793733, 6.971339403150935], [-75.69782777182937, 6.945657236690196], [-75.70643960248645, 6.932662837089823], [-75.72137314823777, 6.932812248275545], [-75.73701126286008, 6.926911292382011], [-75.73925271577525, 6.931851052889137], [-75.73678283514032, 6.937233392760083], [-75.73848391390774, 6.940363166604402], [-75.73523272722448, 6.942844792574463], [-75.7387142853136, 6.945915507640677], [-75.73914258839635, 6.957670044848083], [-75.7369772790177, 6.9601089930409925], [-75.74203363398802, 6.973921765124331], [-75.7423429631522, 6.991851004758169], [-75.7480120285424, 7.008055132384205], [-75.75351374015055, 7.014243713395574], [-75.75411039025346, 7.022184568702025], [-75.75885146605722, 7.025010178689518], [-75.75599285431936, 7.04897762131924], [-75.76155584173112, 7.052444228694241], [-75.76567335621247, 7.061771405748203], [-75.75436829799153, 7.063539637599272], [-75.7440033661888, 7.0765124599405524], [-75.73753123241931, 7.074637444929215], [-75.73536116411722, 7.079453472881581], [-75.73025959996993, 7.08198522270462], [-75.72189341473273, 7.0804528473921975], [-75.69682150296877, 7.088378949301131]]]}}, {"id": "87", "type": "Feature", "properties": {"municipality": "Campamento"}, "geometry": {"type": "Polygon", "coordinates": [[[-75.22116480828431, 6.942046725985274], [-75.22419328317382, 6.929757057657677], [-75.23438116977837, 6.931895757187978], [-75.24264941374746, 6.927068120677708], [-75.24326644915546, 6.940616707343348], [-75.24998455795695, 6.9532878808198495], [-75.26324165563013, 6.958213849169489], [-75.26964580904082, 6.970781075179215], [-75.29224251167643, 6.962667311819717], [-75.3019602861029, 6.965337029959554], [-75.30662526704229, 6.959188247230643], [-75.30907016714282, 6.9592781753644], [-75.31024484308006, 6.95425348413111], [-75.32086751225052, 6.951707419290784], [-75.32982654147015, 6.945032315056633], [-75.34283037126133, 6.947135373981363], [-75.34621332367826, 6.944856028332777], [-75.357676220419, 6.946042085635476], [-75.35804965552448, 6.951305480877831], [-75.3621220095344, 6.954807216119842], [-75.35784322687906, 6.969912291641604], [-75.35829294673792, 6.980148787046589], [-75.35341472948541, 6.989399609637583], [-75.34517849896372, 6.993579306405295], [-75.34610537006127, 7.019522739842612], [-75.33967555525801, 7.0321788244901136], [-75.34169941542233, 7.03690930151394], [-75.34159591629431, 7.0566402122750445], [-75.33629835766415, 7.0667195963848055], [-75.33796494447321, 7.072462829552965], [-75.32936755601236, 7.081438245572157], [-75.33088663621899, 7.101732930164469], [-75.32581275168914, 7.110411882676688], [-75.33254315940447, 7.126738226018138], [-75.33298409742015, 7.139927668414661], [-75.32879624463114, 7.14426744705193], [-75.33221085378223, 7.16686418077401], [-75.32806742223998, 7.182680104081149], [-75.32298563015014, 7.184521331803402], [-75.32047942255261, 7.189990652367257], [-75.31736419207127, 7.212712273906236], [-75.31510868636586, 7.197714500842174], [-75.31842575887184, 7.179073485446482], [-75.31469859398449, 7.159757635245368], [-75.29690371694542, 7.142637591138308], [-75.29278722401742, 7.1325617870243905], [-75.2642988089092, 7.121120739696764], [-75.25990719134835, 7.115888174704751], [-75.2604003402495, 7.111880692629076], [-75.25326785358725, 7.09713814714993], [-75.25572840607188, 7.092087268165879], [-75.25510029103052, 7.08068774770119], [-75.25905586085436, 7.069926726164322], [-75.25518853794075, 7.046265978098405], [-75.24799895084783, 7.041339682074201], [-75.24379940085211, 7.033833441693055], [-75.22537640907773, 7.037342583329932], [-75.21987388795965, 7.028965717323156], [-75.2301503872924, 7.006829234169749], [-75.22464742802484, 6.9941336478752705], [-75.22852535163179, 6.989138513168788], [-75.22423193621364, 6.982121317243771], [-75.22199366596995, 6.957289522110899], [-75.22408807266639, 6.947811176916258], [-75.22116480828431, 6.942046725985274]]]}}, {"id": "88", "type": "Feature", "properties": {"municipality": "Peque"}, "geometry": {"type": "Polygon", "coordinates": [[[-75.88647416978942, 7.22209546956511], [-75.8835236387799, 7.216372864114951], [-75.88133453511001, 7.195600169178798], [-75.87388682204154, 7.17792077589729], [-75.87995801579613, 7.166708159180773], [-75.88852407637118, 7.159629263415926], [-75.89423478238618, 7.159212857286876], [-75.87348782525395, 7.142577124880984], [-75.87419418714101, 7.135855042447105], [-75.87766389912414, 7.131484909122258], [-75.87932186529132, 7.115632914328983], [-75.87551948717805, 7.1042257784502025], [-75.86776266073011, 7.102797726899055], [-75.86864303861874, 7.096447871588433], [-75.86450648633269, 7.091542225663476], [-75.85474785909231, 7.100318184229368], [-75.83275081387549, 7.101029573360621], [-75.83147185416897, 7.098067141694293], [-75.82491048970381, 7.095747167683111], [-75.82256751369759, 7.0910798578066965], [-75.81782762801546, 7.0921934428334374], [-75.81602875583731, 7.088814608011252], [-75.80903551967899, 7.08697171594917], [-75.8035449133816, 7.079970151703291], [-75.79488367523653, 7.078732833418522], [-75.79547854074954, 7.058138597334082], [-75.78918486570929, 7.056520563103607], [-75.77869046167153, 7.045144934700527], [-75.77537798712662, 7.045750786642851], [-75.77920868626298, 7.042175729211114], [-75.78797699930155, 7.042907114271669], [-75.79035138556952, 7.03485862290584], [-75.78845653035017, 7.0305407013347105], [-75.79358773422636, 7.030272400823554], [-75.79782181530304, 7.021636553272507], [-75.8116978628594, 7.015574690020032], [-75.81192423927351, 7.012833017379506], [-75.80597975680247, 7.007794041763247], [-75.81150502304156, 6.996978270201255], [-75.81224284308138, 6.986430799400493], [-75.82300830908483, 6.978113554108499], [-75.82646264805697, 6.960489713586077], [-75.82470194135813, 6.951275349999059], [-75.8317629126772, 6.937249495827816], [-75.82710868680277, 6.927769723403604], [-75.83052083442415, 6.907239733138857], [-75.83358320029345, 6.902164342870172], [-75.83089202993122, 6.889914878906219], [-75.83546773302903, 6.879085954253938], [-75.84522605126502, 6.871681877047585], [-75.86908192486311, 6.888357450266392], [-75.87272250001216, 6.895805166020099], [-75.86939125505369, 6.90107567086792], [-75.87415017712888, 6.906488943420204], [-75.87677948097428, 6.918612297254782], [-75.88960477573916, 6.918076918240552], [-75.90168054096033, 6.927808915868196], [-75.90866425934499, 6.948843349842644], [-75.90446450995283, 6.972435704602303], [-75.91427978702129, 6.973482667089923], [-75.91770620969461, 6.963893438976225], [-75.92172749864693, 6.9614544944511785], [-75.92825912007696, 6.962073152929325], [-75.9298652555758, 6.96620151666985], [-75.93846700821307, 6.962822683688649], [-75.94806813320112, 6.970044345856028], [-75.95437462988193, 6.966110616191888], [-75.96081534242424, 6.97206794914932], [-75.96496186007435, 6.9806399993179005], [-75.97873199020167, 6.98727849024581], [-75.98235199071831, 7.001197785581815], [-75.97603014267807, 7.0047496666321045], [-75.97274444568669, 7.0141825289331665], [-75.97310151002175, 7.043816198220252], [-75.96974726307157, 7.05241715474588], [-75.96842801075516, 7.074672727885627], [-75.96364529383716, 7.084809231880084], [-75.96560031936953, 7.09544366505544], [-75.96981249236812, 7.09986824304036], [-75.96787128708458, 7.113218888155258], [-75.96986151315468, 7.126296759870049], [-75.96290307286962, 7.143324183332069], [-75.96005617668759, 7.1474225861884175], [-75.95429247921082, 7.149058533982798], [-75.94823916330199, 7.160540062013732], [-75.94719081972424, 7.173149668914885], [-75.9541484482026, 7.17883136055743], [-75.94522014120705, 7.185506660350478], [-75.93050601775482, 7.183022546750183], [-75.91849986593269, 7.189920626287144], [-75.92215590783967, 7.198565206597991], [-75.91466060528104, 7.200516364285809], [-75.90827936187321, 7.208997366448872], [-75.90674717830082, 7.21965651962542], [-75.89959689763964, 7.217526904792096], [-75.88647416978942, 7.22209546956511]]]}}, {"id": "89", "type": "Feature", "properties": {"municipality": "Yarumal"}, "geometry": {"type": "Polygon", "coordinates": [[[-75.32218697881942, 7.242142274340994], [-75.31721075182807, 7.23925413183718], [-75.30828789036067, 7.2388974571518165], [-75.30724144268383, 7.229638490989904], [-75.301967349039, 7.227252591091579], [-75.30988926089584, 7.222722305618549], [-75.3120233943277, 7.2171086123009225], [-75.31646940599462, 7.21461762071526], [-75.32047942255261, 7.189990652367257], [-75.32298563015014, 7.184521331803402], [-75.32922778416743, 7.180218719038054], [-75.33223939926349, 7.1662787454491115], [-75.3288479492993, 7.143349704309863], [-75.33301969886203, 7.138932548291388], [-75.33192971394101, 7.124146031869825], [-75.32581275168914, 7.110411882676688], [-75.33088663621899, 7.101732930164469], [-75.32936755601236, 7.081438245572157], [-75.33796494447321, 7.072462829552965], [-75.33629835766415, 7.0667195963848055], [-75.34159591629431, 7.0566402122750445], [-75.34169941542233, 7.03690930151394], [-75.33967555525801, 7.0321788244901136], [-75.34610537006127, 7.019522739842612], [-75.34517849896372, 6.993579306405295], [-75.35341472948541, 6.989399609637583], [-75.35829294673792, 6.980148787046589], [-75.35784322687906, 6.969912291641604], [-75.36229531292663, 6.958787682403886], [-75.357676220419, 6.946042085635476], [-75.34621332367826, 6.944856028332777], [-75.34283037126133, 6.947135373981363], [-75.32982654147015, 6.945032315056633], [-75.33495028151836, 6.941612914444704], [-75.33997816244957, 6.942245900253261], [-75.33913857673085, 6.935050237021003], [-75.3430358927804, 6.9304370364428385], [-75.34985264744566, 6.932381136060983], [-75.35537741242611, 6.93096158302605], [-75.35809310330065, 6.915178303053173], [-75.36569947543528, 6.91497885632815], [-75.37546391535906, 6.901435893361387], [-75.39117552370931, 6.90050681784752], [-75.39616195055966, 6.907364528890977], [-75.40593190980165, 6.906022054298651], [-75.40634118743017, 6.9092511968235835], [-75.41096097804436, 6.911561737201497], [-75.41112103194459, 6.902112450058456], [-75.4175169004069, 6.896954644370075], [-75.42088453898413, 6.8899247169896825], [-75.43558115627586, 6.891039068767683], [-75.4394018791894, 6.880755700756542], [-75.44543066136511, 6.876219901585213], [-75.44847664410615, 6.860512760328216], [-75.45836126074094, 6.862906231765826], [-75.47205490034432, 6.8516429882448175], [-75.4691184957512, 6.836742314880642], [-75.47361941660877, 6.824392720643599], [-75.49027167124117, 6.809878589650902], [-75.4911698747305, 6.799193871136598], [-75.48464648009681, 6.786587935673524], [-75.48370333304341, 6.777386933413213], [-75.48956244798397, 6.772810666652615], [-75.5426012752894, 6.825884615148728], [-75.54967392006822, 6.8273383497664915], [-75.55175998777526, 6.8356538580646005], [-75.5615866679468, 6.840741889780868], [-75.56643783121443, 6.85117121060489], [-75.57405317238383, 6.8530550089554625], [-75.57321602628447, 6.865730643181106], [-75.57852762195118, 6.8726416696605135], [-75.57584491464098, 6.876500438938754], [-75.57500531660092, 6.900878093598036], [-75.57976162587386, 6.914448354849722], [-75.58706890762328, 6.924108386769371], [-75.58820341284392, 6.9336465755662395], [-75.60220918904703, 6.948610507833914], [-75.60392419961191, 6.957183777556172], [-75.60065504517402, 6.964865690979397], [-75.602728764804, 6.975833603966456], [-75.60671568632733, 6.979580278591255], [-75.606304593155, 6.982509778069011], [-75.61274431063082, 6.984439161876913], [-75.61402133855654, 6.991381628140058], [-75.61690222206187, 6.992452840651106], [-75.6230692257942, 7.003272949314469], [-75.6300161986253, 7.006275507778875], [-75.632153440663, 7.010112745789171], [-75.64606258372002, 7.009010117286824], [-75.65349522464085, 7.025313072608595], [-75.65895114598469, 7.028088848017714], [-75.63292966908043, 7.0355309131891435], [-75.62789829789348, 7.044237361065713], [-75.61669945206849, 7.049664624443101], [-75.60153760190305, 7.065484480367148], [-75.5943309879286, 7.058298137239962], [-75.59371089854933, 7.039202196669003], [-75.58667938630407, 7.027534903271857], [-75.58637660267578, 7.022805628828783], [-75.5829016098315, 7.021304153831895], [-75.57722215274258, 7.024418695247582], [-75.57051391062735, 7.023770420452435], [-75.56561608488892, 7.018647231117015], [-75.55854908565199, 7.017092253339638], [-75.56017965779294, 7.00694820216529], [-75.55575160100764, 7.006043018776353], [-75.5516184289267, 7.001143534878777], [-75.55503057569221, 6.991156939341038], [-75.54107077382108, 6.996709459302495], [-75.54107505675613, 6.99403351663137], [-75.53593526289869, 6.990585677556798], [-75.51872700112737, 7.002264072792627], [-75.50990395958674, 7.001378913298791], [-75.50462377702867, 7.0063370780592935], [-75.5042145096857, 7.013703888030864], [-75.49504882558065, 7.0339864121513855], [-75.49977176644192, 7.047721261046333], [-75.4890730782172, 7.050348090170475], [-75.48285749904709, 7.047832841119579], [-75.47284526670595, 7.048784903602219], [-75.46025391002912, 7.058641732824135], [-75.46032420306348, 7.0746656210953], [-75.44328015871722, 7.084177393056808], [-75.43386196095106, 7.083204346219096], [-75.42446245892852, 7.086687428333041], [-75.42473495193596, 7.095467202233953], [-75.41662863472988, 7.101111592413771], [-75.4157376345956, 7.111098088396117], [-75.40306398574306, 7.126114518018651], [-75.40421384282845, 7.13521185804549], [-75.3907243150301, 7.155164355985804], [-75.38785742997871, 7.17059936492534], [-75.37235845791317, 7.1803356839883765], [-75.37461885579158, 7.187163482600717], [-75.371344774398, 7.193816512559405], [-75.36632296217724, 7.193362100360587], [-75.35530660159414, 7.199488303725923], [-75.34342922219832, 7.202350658426057], [-75.33564114930043, 7.213729553655145], [-75.33742552430327, 7.227003749330238], [-75.3296876686048, 7.22724565865188], [-75.32893165028611, 7.232154826727723], [-75.32359440466553, 7.235382710642927], [-75.32648798387926, 7.235463800779616], [-75.32698163426713, 7.238811548597293], [-75.32218697881942, 7.242142274340994]]]}}, {"id": "90", "type": "Feature", "properties": {"municipality": "Brice\u00f1o"}, "geometry": {"type": "Polygon", "coordinates": [[[-75.4390241290808, 7.2516437049605855], [-75.43735648528815, 7.244511725835276], [-75.44116542165841, 7.238164827660304], [-75.46457146894986, 7.2166746148072045], [-75.46907678220693, 7.202697839779201], [-75.46725855303733, 7.1798628784415275], [-75.47429674311017, 7.173406875921355], [-75.48106490898516, 7.148132443134784], [-75.48480727644352, 7.1431235048139], [-75.49465184283792, 7.137589655959662], [-75.50044628280489, 7.124642838887704], [-75.5011348826002, 7.109414247813703], [-75.49453998640121, 7.10096580323404], [-75.49277697404622, 7.0930036804250225], [-75.49458886626768, 7.08398786765358], [-75.49120675380803, 7.061237005384431], [-75.48508636154402, 7.055717518804561], [-75.47860469728396, 7.055013888816393], [-75.47125120481401, 7.049802239440005], [-75.48285749904709, 7.047832841119579], [-75.4890730782172, 7.050348090170475], [-75.49977176644192, 7.047721261046333], [-75.49504882558065, 7.0339864121513855], [-75.5042145096857, 7.013703888030864], [-75.50525195529771, 7.005509022733499], [-75.50990395958674, 7.001378913298791], [-75.51986914199877, 7.001788179549584], [-75.53593526289869, 6.990585677556798], [-75.54107505675613, 6.99403351663137], [-75.54107077382108, 6.996709459302495], [-75.55503057569221, 6.991156939341038], [-75.5516184289267, 7.001143534878777], [-75.55575160100764, 7.006043018776353], [-75.56017965779294, 7.00694820216529], [-75.55854908565199, 7.017092253339638], [-75.56561608488892, 7.018647231117015], [-75.57051391062735, 7.023770420452435], [-75.57722215274258, 7.024418695247582], [-75.5829016098315, 7.021304153831895], [-75.58637660267578, 7.022805628828783], [-75.58667938630407, 7.027534903271857], [-75.59371089854933, 7.039202196669003], [-75.5943309879286, 7.058298137239962], [-75.60153760190305, 7.065484480367148], [-75.61669945206849, 7.049664624443101], [-75.62789829789348, 7.044237361065713], [-75.63327231069825, 7.035345313436067], [-75.65895114598469, 7.028088848017714], [-75.66386370655175, 7.031789114055183], [-75.66586806592917, 7.039973716860855], [-75.67135867183224, 7.0461841106173715], [-75.67057345006502, 7.055951795207316], [-75.6818147055672, 7.062024553862971], [-75.68297268808737, 7.071062079112099], [-75.68786253113873, 7.077994177987567], [-75.6873314791522, 7.084659393349551], [-75.67432389917415, 7.093950521781974], [-75.66509125719828, 7.1164000277973996], [-75.66080033741713, 7.137938292060461], [-75.6546212867887, 7.1403992106237855], [-75.63548495824332, 7.140356412746927], [-75.6307129124397, 7.148686092839602], [-75.61230950932564, 7.160792750014945], [-75.6045148119919, 7.178746768222373], [-75.596399124965, 7.185273558404615], [-75.58303525770894, 7.189639015636825], [-75.56359620724726, 7.2015261190252975], [-75.53454298828657, 7.204571832393082], [-75.51153538373971, 7.229952746077375], [-75.50556055757643, 7.230452432573498], [-75.47962681209478, 7.2228143634267], [-75.45557759995988, 7.243137343094589], [-75.4390241290808, 7.2516437049605855]]]}}, {"id": "91", "type": "Feature", "properties": {"municipality": "Remedios"}, "geometry": {"type": "Polygon", "coordinates": [[[-74.84893934137729, 7.1607015521368425], [-74.84812384697528, 7.1568645885971085], [-74.84438879141503, 7.156453902364531], [-74.83511374920683, 7.16180062808571], [-74.82716240551787, 7.16018406689354], [-74.81027398756815, 7.1480148340368075], [-74.79830944029165, 7.134075571734499], [-74.79099401921165, 7.133917117513516], [-74.7834198600484, 7.122238369218165], [-74.76051132152841, 7.125443044650696], [-74.75666031030342, 7.117561153284388], [-74.7520555036057, 7.116250814459326], [-74.7475610565797, 7.110606795881856], [-74.74780458706337, 7.107606684984811], [-74.75293015539269, 7.1049379289133165], [-74.73758727497702, 7.091664431629529], [-74.73347717358327, 7.092870054252545], [-74.7250600806642, 7.077651279138654], [-74.7224167910346, 7.076273100898775], [-74.72031026452316, 7.078662417678641], [-74.71686772676279, 7.074033980917749], [-74.71274299944021, 7.0747323960092094], [-74.71050230303491, 7.070489962125569], [-74.70647012757311, 7.070890485378512], [-74.69979008847477, 7.063657909859457], [-74.69834728917604, 7.065323347396196], [-74.68917936254401, 7.06340321059555], [-74.68799472373374, 7.069577457642106], [-74.67863206690186, 7.0694776685928264], [-74.6789292093591, 7.071478224132256], [-74.67382571572315, 7.072312832595021], [-74.67257444295846, 7.074927808575947], [-74.66443334675375, 7.076241482131663], [-74.66200246784611, 7.080173502847718], [-74.66441720970711, 7.083621396664332], [-74.65617221855852, 7.089324438449401], [-74.65796280094106, 7.091572191877023], [-74.65687909648734, 7.100262260700536], [-74.66661543359233, 7.104829470092903], [-74.66404768838491, 7.126876966229995], [-74.66050518027907, 7.12954769276505], [-74.66238171658463, 7.146559227999565], [-74.65927041249664, 7.148839699287483], [-74.66092799761667, 7.154016662204586], [-74.65815759870789, 7.157594709206407], [-74.6377048153723, 7.1572181658614085], [-74.63376028134546, 7.161093875187954], [-74.38930418358551, 7.26683855304199], [-74.39014129516427, 7.260835832897231], [-74.39559080599146, 7.257623233430914], [-74.39815839705834, 7.249495959420574], [-74.39911820759625, 7.235105889550342], [-74.4055508016517, 7.22940477186577], [-74.40328298301591, 7.221970386860999], [-74.40864624184154, 7.2191962531918765], [-74.40376331941802, 7.209964372372561], [-74.40976990060479, 7.202607671557126], [-74.40757009412681, 7.1999056722954995], [-74.40909940533143, 7.19412439115], [-74.40527211997838, 7.188898531747874], [-74.39955469438344, 7.188891286050331], [-74.39664670993858, 7.171782198702317], [-74.39190347159563, 7.172850181312453], [-74.39277194661729, 7.169435044771136], [-74.38846204825552, 7.164508878260784], [-74.3894706876799, 7.160841602016424], [-74.38626771697739, 7.161909607124351], [-74.38218953092334, 7.1478235065606786], [-74.37713664283261, 7.143131675125297], [-74.37672299522019, 7.131739934815269], [-74.37001640311632, 7.125205811276445], [-74.36906792974139, 7.121859993092561], [-74.37218907773826, 7.118057749248564], [-74.36947720931632, 7.114477777678199], [-74.37173414802778, 7.110311728182502], [-74.36897111603601, 7.105676248150058], [-74.3724610343831, 7.104373248303508], [-74.37201027293169, 7.098079352965467], [-74.36655768292779, 7.089824265682409], [-74.36342320133915, 7.091661590086771], [-74.36263087260718, 7.0849961623170055], [-74.36137883932474, 7.0876836800160605], [-74.35480653924448, 7.089164846835455], [-74.35144496834589, 7.081589763589873], [-74.3535027922613, 7.06496932937339], [-74.35052396717047, 7.055367638213362], [-74.35569575560935, 7.0098988418197115], [-74.34915338930998, 7.012470080766633], [-74.32948418163599, 7.01071408688989], [-74.3221588831658, 7.018860237822723], [-74.31914563862196, 7.017758845419996], [-74.3137010201663, 7.005934459403566], [-74.30806937211791, 7.006225395216052], [-74.3097318507066, 7.002089979344198], [-74.30581463437281, 6.99915985627334], [-74.29288885829482, 7.005757819757139], [-74.28674807563819, 7.001674357622428], [-74.28461802426825, 7.0081891960569305], [-74.27720960093764, 7.012199927340153], [-74.26064715180371, 7.008677551070825], [-74.25833007195605, 7.003658942687373], [-74.24778938679762, 7.001934430592096], [-74.24415386170874, 7.004174272023566], [-74.24107346311399, 7.000668613671919], [-74.24528122734749, 6.994175209920185], [-74.24936948115096, 6.99542011124729], [-74.25453830866307, 6.986272580742206], [-74.26102673104765, 6.985909069625313], [-74.25885562390638, 6.984843436382623], [-74.26140020133153, 6.983319675752095], [-74.25723725330808, 6.980117792145674], [-74.26004574914371, 6.968296214590782], [-74.26492576003396, 6.96879417700306], [-74.26847621702372, 6.965149106560422], [-74.2768270109644, 6.963595471843235], [-74.28128375499242, 6.966030497676408], [-74.28773234130686, 6.962345589817351], [-74.2897988758176, 6.9642129430528295], [-74.30174992211398, 6.9583370086279315], [-74.30058217772483, 6.955559385978234], [-74.31081500286572, 6.955140114928777], [-74.31157559909073, 6.946522050370293], [-74.31369156212696, 6.947599744846039], [-74.31511096505507, 6.94539178411767], [-74.31246929773397, 6.943617530201472], [-74.3161623748471, 6.941685564735761], [-74.31545267299681, 6.936704508967677], [-74.31274529317281, 6.936520512920555], [-74.31591266529033, 6.933129714815043], [-74.31516353577764, 6.925874986390406], [-74.32122228622612, 6.917437421346121], [-74.32624276793, 6.9160968742617674], [-74.32684732936272, 6.917976269366153], [-74.32373252709279, 6.917516277014394], [-74.32569077825282, 6.9213670671827225], [-74.33762428092629, 6.927018394776723], [-74.342342484113, 6.920447082427502], [-74.34327561042402, 6.9256384190395766], [-74.34779667317268, 6.923601313239598], [-74.34666640711852, 6.918646545333433], [-74.35145032298591, 6.919658524815029], [-74.35167374681474, 6.914270048319584], [-74.35505140208183, 6.915084891241367], [-74.3567862280708, 6.911891233397469], [-74.3708882646347, 6.9120226598927035], [-74.3728070878112, 6.916031159782375], [-74.37973325133336, 6.912180374003939], [-74.38217777865847, 6.905963911588248], [-74.38053495093986, 6.89798633939924], [-74.39471584330866, 6.890179616959655], [-74.395609541621, 6.883805445024558], [-74.38909079978862, 6.875275880748155], [-74.39005021218931, 6.86807372315075], [-74.39433470735456, 6.859163022551783], [-74.40475680919661, 6.853997971646126], [-74.40299569705664, 6.850331181269001], [-74.3981197829849, 6.849871187577224], [-74.39800149965733, 6.84679581476685], [-74.40244370737862, 6.839554226881362], [-74.41094698524527, 6.835204018596544], [-74.42027824886345, 6.804949694996111], [-74.42610043133186, 6.797011552955482], [-74.43417000333429, 6.793489325561754], [-74.43971619089241, 6.78626088377572], [-74.44522295069123, 6.786944301140801], [-74.45020400460402, 6.791255080227133], [-74.45366051564866, 6.799771501332904], [-74.46280778260092, 6.806631950761982], [-74.46694770926162, 6.814819806966523], [-74.47789263362603, 6.819022535191335], [-74.48817308703535, 6.815253035929083], [-74.49390521869181, 6.80291649193978], [-74.48984561838934, 6.798533104395945], [-74.49221652960495, 6.79303514987968], [-74.48437329596912, 6.790023452952493], [-74.47923418424914, 6.78406413366345], [-74.47447954363426, 6.78614028314533], [-74.46567513043271, 6.785268811075785], [-74.45901094496547, 6.778617441408911], [-74.45065508059638, 6.785396967954976], [-74.4434141879007, 6.777669076245926], [-74.44687443768463, 6.777207712173605], [-74.4466181228194, 6.767903481698066], [-74.45005274240093, 6.765827333044099], [-74.44982205836405, 6.760008985908442], [-74.4583902139713, 6.7447275700379], [-74.47226728885784, 6.730553368989348], [-74.47344903473339, 6.726130263946748], [-74.47701453057505, 6.7253942030332645], [-74.48629460758437, 6.715501281271836], [-74.48673959791296, 6.710618414067509], [-74.49570555068856, 6.700119051163963], [-74.50212733929273, 6.704351733779986], [-74.51652024034635, 6.702847490947592], [-74.52261536794033, 6.709919398937895], [-74.53209504897339, 6.709387053106401], [-74.55474176895734, 6.716737346437475], [-74.57093683590071, 6.7128009104425015], [-74.5799525454186, 6.705621552717285], [-74.58302681287671, 6.716931251778789], [-74.57962856272253, 6.720115104171018], [-74.5827373721476, 6.727050960263063], [-74.5798965637803, 6.731178171773048], [-74.58276953189828, 6.733027376586863], [-74.58376649497357, 6.7392985937864305], [-74.58292497162677, 6.747445819279713], [-74.5800841646371, 6.749509422902698], [-74.58197088967455, 6.759050248675599], [-74.57893682557453, 6.782267497813318], [-74.58090395156619, 6.788404715438382], [-74.57837938459942, 6.79320728837111], [-74.58216891498843, 6.793185848388673], [-74.58446300174278, 6.796734178350977], [-74.58585124610487, 6.802871394995754], [-74.59119518001478, 6.808611971024625], [-74.59126486141184, 6.815730071386721], [-74.58679460768242, 6.817005755985626], [-74.58586732584065, 6.821422406595848], [-74.58135419332856, 6.820002003166658], [-74.58438796080554, 6.825378101169746], [-74.58050731116401, 6.832871397663577], [-74.57447193430859, 6.837711493809471], [-74.57546010379238, 6.845769312352122], [-74.57197304391795, 6.863991100056989], [-74.57622985673092, 6.87024075263717], [-74.5847570387193, 6.871365958933043], [-74.58567889609118, 6.8750127209775425], [-74.58440456441141, 6.878740819886912], [-74.58203213626801, 6.877656283196386], [-74.58219481734969, 6.880543863696584], [-74.58592291741692, 6.880313401673103], [-74.59289107633843, 6.886657950559511], [-74.58879694428724, 6.903034476812541], [-74.594422985895, 6.912822434918887], [-74.6018385167861, 6.911846350887339], [-74.60234011558404, 6.917648631394426], [-74.61120621608438, 6.917648631205272], [-74.61386333508904, 6.914571253107993], [-74.61719828976297, 6.918638271782824], [-74.6204383480388, 6.916699659800157], [-74.62350497910417, 6.920375883046733], [-74.62964364430233, 6.919097221436337], [-74.62826557397113, 6.924377169598153], [-74.63349971557119, 6.9250797871807395], [-74.64292973622122, 6.916917413358784], [-74.64290664020396, 6.913648769286898], [-74.6500096194328, 6.911941582079208], [-74.65409123078108, 6.911785240645705], [-74.65597596040841, 6.917323424886856], [-74.66024076492255, 6.918500487199394], [-74.67306567114873, 6.91781109280707], [-74.67791029499536, 6.91503822833071], [-74.68271690090945, 6.917579733852893], [-74.68714188617092, 6.9152820025949016], [-74.69007901655607, 6.917854071865261], [-74.6945120770752, 6.916146247572997], [-74.69822097304893, 6.902993356850588], [-74.70305309018676, 6.901145594199803], [-74.70390294295281, 6.896290309874334], [-74.71248411286277, 6.900712617955459], [-74.71957014832144, 6.897392674888147], [-74.73205470382699, 6.900838133888959], [-74.75052542767905, 6.897184828949513], [-74.75028670860473, 6.901245200105601], [-74.75398914963033, 6.903258223866711], [-74.76008057022506, 6.901737749040281], [-74.76456514032941, 6.896318764182027], [-74.76945719338266, 6.903189719831378], [-74.77253383618529, 6.899713326771895], [-74.77744623397184, 6.900691880786724], [-74.78326996363396, 6.898023909870666], [-74.78824174000444, 6.885453778814527], [-74.79352994821008, 6.886596201874593], [-74.79361933024117, 6.884227233248272], [-74.80908771532906, 6.878749190338694], [-74.8095803806368, 6.884272123885834], [-74.80749312666782, 6.8855873706998425], [-74.80972970626513, 6.891742885353507], [-74.82013887464771, 6.8956357810655495], [-74.82349887335177, 6.91278431829542], [-74.82855988315188, 6.920663111172723], [-74.82742131085992, 6.927351775770402], [-74.83402169730712, 6.933552057155245], [-74.83896834184465, 6.942968698011923], [-74.8368468237855, 6.9462604225870015], [-74.8407789110717, 6.948048050099331], [-74.84164741420737, 6.954789063098836], [-74.8447216776971, 6.95777766590112], [-74.83896457197612, 6.9624527116496635], [-74.84093952426107, 6.977402865702622], [-74.83762731483588, 6.986083139638606], [-74.83863144686869, 6.990037803555914], [-74.83571422760082, 6.991113320075721], [-74.83820323235267, 6.992546349172782], [-74.83749825499136, 7.001606611369976], [-74.84036292384191, 7.001241068944413], [-74.84005333141113, 7.01294593037991], [-74.8376623764329, 7.014777379357894], [-74.83687906841189, 7.022077062866208], [-74.8423083986549, 7.017641341721282], [-74.84523537137514, 7.0200855150608765], [-74.84419936399013, 7.024229542599213], [-74.8474783767765, 7.025421455875034], [-74.8487205802482, 7.023480198646226], [-74.85186883540737, 7.0269855244480715], [-74.85474551474735, 7.0255622722068205], [-74.85217058500254, 7.03483101627219], [-74.85657110129836, 7.036993555395504], [-74.85455943590556, 7.042118271056391], [-74.85824078334835, 7.046926150149023], [-74.85288975491498, 7.065222241884146], [-74.84592939487665, 7.06506633538332], [-74.84719171519458, 7.070517946418903], [-74.85115972256493, 7.071146591624482], [-74.84888151314955, 7.078720509106845], [-74.84338966887675, 7.081164682041682], [-74.84550191587213, 7.085746249614129], [-74.83915008467535, 7.087637211903363], [-74.83631363757479, 7.093732557627281], [-74.8399094893928, 7.102448095350074], [-74.83773186176727, 7.1044899347014185], [-74.84111648764144, 7.115991625102401], [-74.83927078461318, 7.126417076563481], [-74.84311934930444, 7.1343410272537415], [-74.85324819713057, 7.140237447965849], [-74.85277876487973, 7.15269252679975], [-74.84893934137729, 7.1607015521368425]]]}}, {"id": "92", "type": "Feature", "properties": {"municipality": "Yond\u00f3"}, "geometry": {"type": "Polygon", "coordinates": [[[-73.9158523355841, 7.295583790316077], [-73.92454779840081, 7.267565294286521], [-73.92424219588818, 7.255735937125137], [-73.91978070655607, 7.239377144407028], [-73.92239732135374, 7.21855269720791], [-73.92496713876571, 7.207416818572487], [-73.93876801321979, 7.182289712401081], [-73.93876801300266, 7.176769359859034], [-73.93134409418282, 7.15935170461018], [-73.93327030940837, 7.126889457715118], [-73.93110024014693, 7.119065792659646], [-73.91231201608171, 7.09513793179557], [-73.89285754264942, 7.0797190228808], [-73.88871728131792, 7.072485464693608], [-73.88392330420358, 7.026088823259917], [-73.88128210230744, 7.019807045410016], [-73.88221009205472, 7.010241612853147], [-73.88870601965537, 6.997535291999483], [-73.90505291703964, 6.978547192331552], [-73.91561772396379, 6.969124524977769], [-73.92546869328248, 6.966126405998457], [-73.93403475328299, 6.955847134299414], [-73.94548947833198, 6.9534243739836645], [-73.96300035191103, 6.944100042428819], [-73.9891192752203, 6.9285828013127535], [-73.99955831288696, 6.917700630816216], [-74.01064647842786, 6.913279396634531], [-74.02296036891188, 6.891313163421919], [-74.05842535977003, 6.862528487602312], [-74.06771715520422, 6.849643706143614], [-74.07723499915481, 6.841886664938512], [-74.08123923499947, 6.821495271416934], [-74.11366955364655, 6.772828477638282], [-74.11514600866946, 6.765573500890501], [-74.13296341305126, 6.755246639683326], [-74.14261450699956, 6.75658865666199], [-74.15766606485377, 6.737450361991146], [-74.17034561770654, 6.732707301419821], [-74.17731080360949, 6.724945430283188], [-74.19280773007921, 6.7202032332485055], [-74.20808386975277, 6.721809367600862], [-74.2309980789835, 6.7103165732668515], [-74.24324238500849, 6.697088865843936], [-74.25650054729232, 6.675080917839896], [-74.27670836905213, 6.66353213240729], [-74.31222182438586, 6.654311719592859], [-74.33022578935679, 6.629572730081397], [-74.3404049550801, 6.634062706677254], [-74.35968254198849, 6.632512114183267], [-74.3668760214061, 6.634212241929057], [-74.38041032506602, 6.645272588614042], [-74.38180051425495, 6.651100691638893], [-74.3865057699353, 6.647304405398606], [-74.39040899399889, 6.647678685673236], [-74.38588196665243, 6.6560019997849755], [-74.39351018462966, 6.6545761638132195], [-74.39051593216172, 6.659317068169807], [-74.39026641002908, 6.6705276983090664], [-74.39752034656972, 6.673076375050815], [-74.39046246320505, 6.681274926877986], [-74.39691313875579, 6.684299366240977], [-74.39088278236085, 6.688347912069318], [-74.39463405987732, 6.698101237428109], [-74.40614269875175, 6.716348020001384], [-74.41136617733872, 6.7198869653448385], [-74.41411239578139, 6.729357170994168], [-74.41991626143728, 6.737383491176955], [-74.42536623066401, 6.739818286287213], [-74.43584149924304, 6.7376524499878565], [-74.44209834782659, 6.739931529038475], [-74.45237291334044, 6.754898470969738], [-74.45005274240093, 6.765827333044099], [-74.44650278125003, 6.7682623216605], [-74.44827135391705, 6.770492261564886], [-74.44687443768463, 6.777207712173605], [-74.4434141879007, 6.777669076245926], [-74.44727172626354, 6.783500241686315], [-74.45111644834913, 6.785320075794138], [-74.45622992862347, 6.778809678975697], [-74.45901094496547, 6.778617441408911], [-74.46567513043271, 6.785268811075785], [-74.47447954363426, 6.78614028314533], [-74.47923418424914, 6.78406413366345], [-74.48437329596912, 6.790023452952493], [-74.49221652960495, 6.79303514987968], [-74.48984561838934, 6.798533104395945], [-74.49390521869181, 6.80291649193978], [-74.4892634391689, 6.813944617344597], [-74.47789263362603, 6.819022535191335], [-74.46694770926162, 6.814819806966523], [-74.46280778260092, 6.806631950761982], [-74.45384451188346, 6.800008069233674], [-74.45326623712121, 6.795092726834026], [-74.44522295069123, 6.786944301140801], [-74.43971619089241, 6.78626088377572], [-74.43417000333429, 6.793489325561754], [-74.42610043133186, 6.797011552955482], [-74.41950283407662, 6.806369098822214], [-74.41094698524527, 6.835204018596544], [-74.40244370737862, 6.839554226881362], [-74.39800149965733, 6.84679581476685], [-74.3981197829849, 6.849871187577224], [-74.40299569705664, 6.850331181269001], [-74.40475680919661, 6.853997971646126], [-74.39433470735456, 6.859163022551783], [-74.39005021218931, 6.86807372315075], [-74.38909079978862, 6.875275880748155], [-74.395609541621, 6.883805445024558], [-74.39471584330866, 6.890179616959655], [-74.38053495093986, 6.89798633939924], [-74.38217777865847, 6.905963911588248], [-74.37941782783719, 6.912508936649398], [-74.3728070878112, 6.916031159782375], [-74.3708882646347, 6.9120226598927035], [-74.3567862280708, 6.911891233397469], [-74.35505140208183, 6.915084891241367], [-74.35167374681474, 6.914270048319584], [-74.35145032298591, 6.919658524815029], [-74.34666640711852, 6.918646545333433], [-74.34779667317268, 6.923601313239598], [-74.34327561042402, 6.9256384190395766], [-74.342342484113, 6.920447082427502], [-74.33762428092629, 6.927018394776723], [-74.32569077825282, 6.9213670671827225], [-74.32373252709279, 6.917516277014394], [-74.32684732936272, 6.917976269366153], [-74.32624276793, 6.9160968742617674], [-74.32122228622612, 6.917437421346121], [-74.31516353577764, 6.925874986390406], [-74.31591266529033, 6.933129714815043], [-74.31274529317281, 6.936520512920555], [-74.31545267299681, 6.936704508967677], [-74.3161623748471, 6.941685564735761], [-74.31246929773397, 6.943617530201472], [-74.31511096505507, 6.94539178411767], [-74.31369156212696, 6.947599744846039], [-74.31157559909073, 6.946522050370293], [-74.31081500286572, 6.955140114928777], [-74.30058217772483, 6.955559385978234], [-74.30174992211398, 6.9583370086279315], [-74.2897988758176, 6.9642129430528295], [-74.28773234130686, 6.962345589817351], [-74.28128375499242, 6.966030497676408], [-74.2768270109644, 6.963595471843235], [-74.25932868731368, 6.968863891851697], [-74.25723725330808, 6.980117792145674], [-74.26140020133153, 6.983319675752095], [-74.25885562390638, 6.984843436382623], [-74.26102673104765, 6.985909069625313], [-74.25475243204626, 6.986123195300073], [-74.24918025588546, 6.995604356075681], [-74.24580408632582, 6.993971047045219], [-74.24284620202752, 6.996490724986124], [-74.24103362580829, 7.001032123841315], [-74.24415386170874, 7.004174272023566], [-73.9158523355841, 7.295583790316077]]]}}, {"id": "93", "type": "Feature", "properties": {"municipality": "Amalfi"}, "geometry": {"type": "Polygon", "coordinates": [[[-74.91527801369219, 7.263734392257187], [-74.91619022285242, 7.251195665594355], [-74.90998474893449, 7.232671241584682], [-74.89692012719009, 7.232757635138783], [-74.89197649681314, 7.229695467212533], [-74.88514180890849, 7.229676267266225], [-74.88136142456017, 7.224286757710803], [-74.87651738842976, 7.224297558341261], [-74.87610821943743, 7.219511118647249], [-74.8654458173872, 7.206264109671114], [-74.86638894668081, 7.198695075122584], [-74.86381153975994, 7.197910335666759], [-74.86017501231507, 7.183304760912391], [-74.85612891479065, 7.179143473902917], [-74.85607601918191, 7.168326783083559], [-74.84789563156743, 7.165427201060551], [-74.84958515936763, 7.155983778718173], [-74.85277876487973, 7.15269252679975], [-74.85324819713057, 7.140237447965849], [-74.84311934930444, 7.1343410272537415], [-74.83927078461318, 7.126417076563481], [-74.84111648764144, 7.115991625102401], [-74.83773186176727, 7.1044899347014185], [-74.8399094893928, 7.102448095350074], [-74.83631363757479, 7.093732557627281], [-74.83915008467535, 7.087637211903363], [-74.84550191587213, 7.085746249614129], [-74.84338966887675, 7.081164682041682], [-74.84888151314955, 7.078720509106845], [-74.85115972256493, 7.071146591624482], [-74.84719171519458, 7.070517946418903], [-74.84592939487665, 7.06506633538332], [-74.85288975491498, 7.065222241884146], [-74.85825587002068, 7.047177610406573], [-74.85455943590556, 7.042118271056391], [-74.85657110129836, 7.036993555395504], [-74.85217058500254, 7.03483101627219], [-74.85474551474735, 7.0255622722068205], [-74.85186883540737, 7.0269855244480715], [-74.8487205802482, 7.023480198646226], [-74.8474783767765, 7.025421455875034], [-74.84419936399013, 7.024229542599213], [-74.84523537137514, 7.0200855150608765], [-74.8423083986549, 7.017641341721282], [-74.83687906841189, 7.022077062866208], [-74.8376623764329, 7.014777379357894], [-74.84005333141113, 7.01294593037991], [-74.83798244682762, 6.991838353921702], [-74.84322654480219, 6.988745703418245], [-74.84394457361405, 6.978391693908018], [-74.85307283417606, 6.967920778584033], [-74.85340865085136, 6.949844035567455], [-74.85921298042116, 6.946700843128356], [-74.86890370054854, 6.947436022189897], [-74.87296002114554, 6.940935873837773], [-74.87022668073497, 6.938793819436649], [-74.8734579889663, 6.926409914265068], [-74.88050119363542, 6.925136903360394], [-74.87558616136533, 6.914600609187417], [-74.87936500118113, 6.9067377203435], [-74.87743763802443, 6.9031030937639155], [-74.86797333072211, 6.900128767844599], [-74.86925229169914, 6.890973791446689], [-74.87820198489331, 6.882253465041353], [-74.88238180182658, 6.88327746355783], [-74.88403423692809, 6.880879755291863], [-74.87937835107394, 6.869109967731461], [-74.87138428865713, 6.866186945599647], [-74.87586319591193, 6.857017117009721], [-74.8734221201841, 6.8504753581712965], [-74.87988623999993, 6.844227847242603], [-74.87994660168577, 6.839710677200073], [-74.89001172224289, 6.835085004591677], [-74.89945580333236, 6.823421125190362], [-74.90935436068249, 6.824539470586413], [-74.90987260663749, 6.817110919098072], [-74.9008959741715, 6.80852173887069], [-74.9011038551612, 6.80161488554737], [-74.89812316027505, 6.798806964625861], [-74.90310430067144, 6.7953003254518105], [-74.90490566301042, 6.779065159923957], [-74.91475250645793, 6.775727446665425], [-74.91103604764739, 6.769277841607367], [-74.92367994893941, 6.762851756329704], [-74.92327604841807, 6.748440808990659], [-74.93560475706019, 6.751296663865057], [-74.94206350538887, 6.762967822248582], [-74.95402265464062, 6.767008098585465], [-74.95447153134076, 6.7717274027295336], [-74.9624096652698, 6.774508689710339], [-74.96237457634831, 6.780489729667714], [-74.96770481262244, 6.787041763844012], [-74.974479275405, 6.791629511352392], [-74.98261599396585, 6.793231999196295], [-74.99658513423289, 6.80717571181899], [-74.99800634408665, 6.811424143703633], [-75.01222577003912, 6.815028833158201], [-75.0266086373011, 6.8346566822632475], [-75.03647265219188, 6.828944804064372], [-75.03782132571452, 6.822425136353522], [-75.04235705828121, 6.819983040598376], [-75.04105775721938, 6.808023763556384], [-75.04843033186091, 6.796372286405149], [-75.03667779781084, 6.779267285122781], [-75.03272706104912, 6.763735532820599], [-75.0226176289231, 6.764953892574586], [-75.01940618429451, 6.760583430184533], [-75.02047012626187, 6.756600816044386], [-75.02575475016735, 6.752839665849062], [-75.02612147025458, 6.748561258820339], [-75.05638795330631, 6.764106750432756], [-75.06008751097004, 6.771341768926242], [-75.0654804899088, 6.768261671315075], [-75.06802306820539, 6.771722102613397], [-75.0715552990027, 6.769941027647607], [-75.07855871756664, 6.772371837272011], [-75.07893030670682, 6.774756200834406], [-75.08412739136809, 6.775060698351948], [-75.08567051802694, 6.77975200786525], [-75.08889095506315, 6.777388288092946], [-75.09315858929452, 6.778194917418667], [-75.09312418192322, 6.782316799851256], [-75.09648912635969, 6.7843123703401975], [-75.1039965990786, 6.779935879373693], [-75.11050725356999, 6.783895841287598], [-75.11437691439828, 6.783258933819271], [-75.11568311463748, 6.786875049301001], [-75.12220724593583, 6.7830664418387405], [-75.1320931269334, 6.786160074687918], [-75.1336261954106, 6.793076068178385], [-75.13682799028008, 6.795158636317442], [-75.14100955155718, 6.793039495748179], [-75.14448989055478, 6.802707106877597], [-75.17333323163912, 6.825618502309738], [-75.17564659710484, 6.835938607360673], [-75.17885344905429, 6.83958874143698], [-75.17778680738084, 6.843910715293], [-75.18242563899884, 6.847978538133984], [-75.1814268180234, 6.856579069691477], [-75.17744678515979, 6.863570814612765], [-75.17987902783811, 6.88101586114177], [-75.1745169814471, 6.8964429290592655], [-75.17095063907217, 6.8985524078213025], [-75.17127709371147, 6.9099200654534965], [-75.16574510101431, 6.914808649241309], [-75.14436003289904, 6.921979017830065], [-75.14040008077012, 6.936206985683342], [-75.13589621622978, 6.941599681633346], [-75.1150882263303, 6.949221098391759], [-75.08527913934329, 6.96553185506054], [-75.07292833383265, 6.98512599221756], [-75.07247065118267, 6.991115665613109], [-75.0640665311658, 6.9978880472102825], [-75.0650614937219, 7.007512654321071], [-75.05742681342436, 7.021375804142739], [-75.05849168418133, 7.0631595373886675], [-75.03944097670085, 7.081130508004152], [-75.03479662810285, 7.092009228821707], [-75.03267412983665, 7.106726197096068], [-75.03464871780373, 7.109351586385706], [-75.0252304282456, 7.124788952870203], [-75.02599859175423, 7.130107467978368], [-75.01900451927128, 7.143512390845717], [-75.00750741054775, 7.152525900238027], [-75.00505729885639, 7.162677954628568], [-74.99729396129032, 7.173376963852414], [-74.99463106856615, 7.1818804971112735], [-74.96232894056187, 7.209502858453647], [-74.95901890459142, 7.221605366576503], [-74.95158690361667, 7.22840870620605], [-74.94539500415982, 7.243126308270098], [-74.93283896876545, 7.253968591193081], [-74.9315730313965, 7.260952778049227], [-74.93939256528918, 7.282103410614925], [-74.93284758091667, 7.292093124776941], [-74.91885337242476, 7.286469603615169], [-74.91364009856638, 7.288068968247931], [-74.91767417338477, 7.28363489773561], [-74.91953253897502, 7.275294227999625], [-74.91527801369219, 7.263734392257187]]]}}, {"id": "94", "type": "Feature", "properties": {"municipality": "Valdivia"}, "geometry": {"type": "Polygon", "coordinates": [[[-75.30629373268413, 7.4346354950175], [-75.30028570522882, 7.419708200170287], [-75.28229585889139, 7.414704857764937], [-75.28575186405209, 7.405799220442545], [-75.28653201908641, 7.397602312677707], [-75.28453076080183, 7.396353121282209], [-75.28723309717444, 7.396384990132274], [-75.28722672439086, 7.393797371977536], [-75.27929817070864, 7.392318734662419], [-75.27480888287104, 7.388262842808933], [-75.27574099740681, 7.38162809531096], [-75.28336123636899, 7.3828366596417245], [-75.28917380785259, 7.3790763328159885], [-75.28120064097672, 7.37052318240783], [-75.28455306834637, 7.362524522347444], [-75.28694310590446, 7.362607375234038], [-75.28652245927243, 7.3574066518793275], [-75.2800215559562, 7.352607456250666], [-75.28090108955854, 7.344277379367378], [-75.27838995631403, 7.342276120106288], [-75.28559174404228, 7.321846591128198], [-75.28064872309976, 7.308907816128728], [-75.28552742660231, 7.299081165632128], [-75.28164400327852, 7.288937669027778], [-75.27763473842784, 7.287516664247419], [-75.27973241162547, 7.284826903839157], [-75.28580833802256, 7.2849876120810375], [-75.2965356586062, 7.276128179964991], [-75.2995954723728, 7.272101294401709], [-75.30058426375996, 7.262038430994263], [-75.30548007132113, 7.257478049336845], [-75.30124679181941, 7.2466266278794755], [-75.30090422825567, 7.235464760764688], [-75.29617342325025, 7.229404161273811], [-75.30503971764414, 7.2277548866884445], [-75.30961897090302, 7.239676014385911], [-75.31721075182807, 7.23925413183718], [-75.32228343993087, 7.242147949612113], [-75.32611916429975, 7.239940703750554], [-75.32655607286316, 7.235565935588032], [-75.32359440466553, 7.235382710642927], [-75.32893165028611, 7.232154826727723], [-75.3296025573707, 7.2273350273779], [-75.33746513602793, 7.226924521364778], [-75.33555327702054, 7.21409080570354], [-75.34342922219832, 7.202350658426057], [-75.35530660159414, 7.199488303725923], [-75.36632296217724, 7.193362100360587], [-75.371344774398, 7.193816512559405], [-75.37461885579158, 7.187163482600717], [-75.37235845791317, 7.1803356839883765], [-75.38785742997871, 7.17059936492534], [-75.3907243150301, 7.155164355985804], [-75.40421384282845, 7.13521185804549], [-75.40306398574306, 7.126114518018651], [-75.4157376345956, 7.111098088396117], [-75.41662863472988, 7.101111592413771], [-75.42473495193596, 7.095467202233953], [-75.42416382183286, 7.087022261673223], [-75.43366286987366, 7.083231491644038], [-75.44328015871722, 7.084177393056808], [-75.46032420306348, 7.0746656210953], [-75.46025391002912, 7.058641732824135], [-75.47125120481401, 7.049802239440005], [-75.47860469728396, 7.055013888816393], [-75.48482562913668, 7.055587151833957], [-75.4919682928256, 7.063996235022572], [-75.49460748978751, 7.08445346271105], [-75.49277697404622, 7.0930036804250225], [-75.49453998640121, 7.10096580323404], [-75.5011348826002, 7.109414247813703], [-75.50044628280489, 7.124642838887704], [-75.49465184283792, 7.137589655959662], [-75.48480727644352, 7.1431235048139], [-75.48106490898516, 7.148132443134784], [-75.47429674311017, 7.173406875921355], [-75.46725855303733, 7.1798628784415275], [-75.46907678220693, 7.202697839779201], [-75.46457146894986, 7.2166746148072045], [-75.44116542165841, 7.238164827660304], [-75.43734512505647, 7.24489797133707], [-75.43882560515863, 7.251633778149252], [-75.44456889233123, 7.249622449571798], [-75.44853883944462, 7.258316169825364], [-75.45888297611417, 7.262390379577654], [-75.46162695758237, 7.271432726150476], [-75.46420743908017, 7.269783490430991], [-75.46445223769456, 7.2721473621715695], [-75.46659716594904, 7.2709550354455805], [-75.47048957877035, 7.274084108980426], [-75.47520841970861, 7.28687796872266], [-75.48038673757765, 7.287528806786111], [-75.48559344479969, 7.292785983321823], [-75.48377200888709, 7.299167844750416], [-75.48779374791029, 7.303856719337746], [-75.49384370611094, 7.299989541388205], [-75.49952382115515, 7.301676304989004], [-75.51047919124886, 7.294147679236597], [-75.51541028425328, 7.297393746946035], [-75.52143299485482, 7.294948760951008], [-75.52959555443606, 7.299506619563964], [-75.5289920430899, 7.30830666230067], [-75.52024320325312, 7.325281377958254], [-75.52069842385, 7.341444314402584], [-75.51536365020927, 7.346991214925629], [-75.51354847328841, 7.376903067348636], [-75.5092685004237, 7.379446127058553], [-75.50627989713065, 7.385894027023149], [-75.49519563805202, 7.385493628778756], [-75.48728090227866, 7.3802395009306885], [-75.48608698770062, 7.3734439086353385], [-75.4802214998588, 7.3719927118764526], [-75.47934831223684, 7.368863518808797], [-75.47485315468724, 7.371134923319288], [-75.47233444662747, 7.3647881799733454], [-75.46227660012106, 7.362586270405557], [-75.46094323059565, 7.359793340601181], [-75.44607585670845, 7.36314662009502], [-75.44436039126738, 7.361247606334863], [-75.43537075574957, 7.371071767291338], [-75.43319460714721, 7.368805828150612], [-75.42973495193122, 7.371816518372682], [-75.42596894698903, 7.3667036261281], [-75.42039124432841, 7.370728443634367], [-75.41579597775514, 7.368193125079096], [-75.41131691361544, 7.374156405550519], [-75.40676918478948, 7.371309453349619], [-75.40431309384778, 7.374832491027547], [-75.3992001999318, 7.369576985395302], [-75.3950750238263, 7.368922027969736], [-75.39045466882013, 7.374396074035004], [-75.38370834295696, 7.374526801250825], [-75.37411129520444, 7.3837794246931505], [-75.36699590298431, 7.386516539862701], [-75.36365239203688, 7.386438655408404], [-75.35879373824034, 7.38111495006797], [-75.35093005065704, 7.384827545397259], [-75.34786058331966, 7.382376147143472], [-75.33878163660142, 7.39012290064658], [-75.3320538628283, 7.388164287602869], [-75.32950520345099, 7.407159256445184], [-75.32163777435085, 7.412873563103224], [-75.32289725106095, 7.432471254016689], [-75.31356779360597, 7.434395456408848], [-75.30752988566202, 7.4316811686666755], [-75.30629373268413, 7.4346354950175]]]}}, {"id": "95", "type": "Feature", "properties": {"municipality": "Anor\u00ed"}, "geometry": {"type": "Polygon", "coordinates": [[[-75.1699952511378, 6.905471131846105], [-75.17812964087457, 6.909550943630528], [-75.17746517764732, 6.913106744326383], [-75.18298451959004, 6.919061452571798], [-75.19119682477138, 6.920818139653028], [-75.19862877407508, 6.918784271280505], [-75.20935092778035, 6.922231769642882], [-75.21589187907065, 6.9293015328120156], [-75.2243250121627, 6.9327881748024955], [-75.22116480828431, 6.942046725985274], [-75.22408807266639, 6.947811176916258], [-75.22199366596995, 6.957289522110899], [-75.22423193621364, 6.982121317243771], [-75.22852535163179, 6.989138513168788], [-75.22463819419657, 6.994027468796842], [-75.2301503872924, 7.006829234169749], [-75.21987388795965, 7.028965717323156], [-75.22537640907773, 7.037342583329932], [-75.24379940085211, 7.033833441693055], [-75.24799895084783, 7.041339682074201], [-75.25518853794075, 7.046265978098405], [-75.25905586085436, 7.069926726164322], [-75.25510029103052, 7.08068774770119], [-75.25572840607188, 7.092087268165879], [-75.25326785358725, 7.09713814714993], [-75.2604003402495, 7.111880692629076], [-75.25990719134835, 7.115888174704751], [-75.2642988089092, 7.121120739696764], [-75.29278722401742, 7.1325617870243905], [-75.29690371694542, 7.142637591138308], [-75.31469859398449, 7.159757635245368], [-75.31842575887184, 7.179073485446482], [-75.31510868636586, 7.197714500842174], [-75.31722852070793, 7.213292619976288], [-75.3120233943277, 7.2171086123009225], [-75.30988926089584, 7.222722305618549], [-75.29578204839244, 7.229671682788531], [-75.28948042678098, 7.245073998004562], [-75.2740128853427, 7.246263806699388], [-75.2648185960671, 7.23895483088527], [-75.25262256585957, 7.250981635896767], [-75.23260067619756, 7.253587604991059], [-75.22565272903164, 7.258455206566175], [-75.21608920289378, 7.25812699966778], [-75.20996430542185, 7.25128508738966], [-75.20500581420461, 7.254410655880299], [-75.19068081601696, 7.271130868330837], [-75.18978539300639, 7.278536622356203], [-75.19240433770075, 7.284393904899776], [-75.18731456286582, 7.295563131446758], [-75.18805774184766, 7.308126529906679], [-75.18196171039739, 7.3188389107629925], [-75.1729881309882, 7.324293974265226], [-75.17230624896321, 7.33434492478282], [-75.1644032259687, 7.342507065273077], [-75.16744527620752, 7.350731423637958], [-75.16251665470818, 7.367962235164621], [-75.15368836099393, 7.377791521065663], [-75.14145820227698, 7.375669119388277], [-75.11787845526737, 7.378641986256408], [-75.11242192163115, 7.390789357683282], [-75.10109491312787, 7.391286088813361], [-75.08160944666638, 7.397894139624519], [-75.07394772327169, 7.4022668918841035], [-75.06526242829628, 7.414135790384077], [-75.06238739994205, 7.414045476707106], [-75.06189066760037, 7.418147282270533], [-75.04597264528893, 7.42456717518098], [-75.02691617486603, 7.420871787765991], [-75.03028793587761, 7.409981298815643], [-75.02842895180471, 7.40519460331909], [-75.01610847841087, 7.392008610085363], [-74.99775194906141, 7.383496418983055], [-74.99501992022591, 7.386153185577309], [-74.99504006817598, 7.3941989533855415], [-74.98529393531679, 7.388131832123528], [-74.96701186295827, 7.396673216878745], [-74.95425828881389, 7.408936828196123], [-74.94764627263132, 7.420645885990748], [-74.94319032165151, 7.418500789721637], [-74.94113958814182, 7.410980322317259], [-74.92648309704431, 7.412432766407691], [-74.92160585298365, 7.426090703340936], [-74.9116615556483, 7.4386593031054975], [-74.91251156633756, 7.448067185878946], [-74.90765907878658, 7.449998278121935], [-74.9022866832337, 7.437718514085071], [-74.90467166400485, 7.427303822153078], [-74.90092501624879, 7.422063466748214], [-74.8970298223428, 7.406870561835737], [-74.89211956782127, 7.405178792909703], [-74.89030240184182, 7.39189173472772], [-74.89349872659652, 7.379702711314745], [-74.89941990192285, 7.374752219828736], [-74.90752511787547, 7.36044155688409], [-74.90509791413727, 7.3537116171666455], [-74.89690220061807, 7.352585062073397], [-74.89284940679474, 7.337169045359204], [-74.89587732732842, 7.323772463999893], [-74.90580774592262, 7.314446180080526], [-74.9029932297462, 7.303904702661032], [-74.90533281340075, 7.293669087695393], [-74.91734630343927, 7.286409320843426], [-74.93132328855319, 7.292540938182691], [-74.93681763059465, 7.288734513401421], [-74.93927200013228, 7.280002125849297], [-74.9315730313965, 7.260952778049227], [-74.93283896876545, 7.253968591193081], [-74.94539500415982, 7.243126308270098], [-74.95158690361667, 7.22840870620605], [-74.95901890459142, 7.221605366576503], [-74.96232894056187, 7.209502858453647], [-74.99441340564076, 7.182173507825766], [-74.99729396129032, 7.173376963852414], [-75.00497358274865, 7.162867715212389], [-75.00750741054775, 7.152525900238027], [-75.02048351501648, 7.141358077276068], [-75.02603580015872, 7.130003288658952], [-75.0252304282456, 7.124788952870203], [-75.03464871780373, 7.109351586385706], [-75.03267412983665, 7.106726197096068], [-75.03479662810285, 7.092009228821707], [-75.03944097670085, 7.081130508004152], [-75.05860261616388, 7.062908091335074], [-75.05747324395215, 7.021070683313964], [-75.0650614937219, 7.007512654321071], [-75.0640665311658, 6.9978880472102825], [-75.07247065118267, 6.991115665613109], [-75.07284873712669, 6.985285184987332], [-75.08376679591936, 6.967103898386829], [-75.1150882263303, 6.949221098391759], [-75.13628093524053, 6.94133435887038], [-75.14040008077012, 6.936206985683342], [-75.14436003289904, 6.921979017830065], [-75.16588439621653, 6.91473568533173], [-75.17145618779958, 6.909641475135954], [-75.1699952511378, 6.905471131846105]]]}}, {"id": "96", "type": "Feature", "properties": {"municipality": "Segovia"}, "geometry": {"type": "Polygon", "coordinates": [[[-74.38930418358551, 7.26683855304199], [-74.63376028134546, 7.161093875187954], [-74.6377048153723, 7.1572181658614085], [-74.65815759870789, 7.157594709206407], [-74.66092799761667, 7.154016662204586], [-74.65927041249664, 7.148839699287483], [-74.66238171658463, 7.146559227999565], [-74.66050518027907, 7.12954769276505], [-74.66404768838491, 7.126876966229995], [-74.66661543359233, 7.104829470092903], [-74.65687909648734, 7.100262260700536], [-74.65796280094106, 7.091572191877023], [-74.65617221855852, 7.089324438449401], [-74.66441720970711, 7.083621396664332], [-74.66200246784611, 7.080173502847718], [-74.66443334675375, 7.076241482131663], [-74.67257444295846, 7.074927808575947], [-74.67382571572315, 7.072312832595021], [-74.6789292093591, 7.071478224132256], [-74.67863206690186, 7.0694776685928264], [-74.68799472373374, 7.069577457642106], [-74.68780053710736, 7.06440009399422], [-74.68989235848171, 7.06326823843697], [-74.69834728917604, 7.065323347396196], [-74.69979008847477, 7.063657909859457], [-74.70647012757311, 7.070890485378512], [-74.71050230303491, 7.070489962125569], [-74.71274299944021, 7.0747323960092094], [-74.71686772676279, 7.074033980917749], [-74.72031026452316, 7.078662417678641], [-74.7224167910346, 7.076273100898775], [-74.7250600806642, 7.077651279138654], [-74.73347717358327, 7.092870054252545], [-74.73758727497702, 7.091664431629529], [-74.75293015539269, 7.1049379289133165], [-74.74780458706337, 7.107606684984811], [-74.7475610565797, 7.110606795881856], [-74.7520555036057, 7.116250814459326], [-74.75666031030342, 7.117561153284388], [-74.76051132152841, 7.125443044650696], [-74.7834198600484, 7.122238369218165], [-74.79099401921165, 7.133917117513516], [-74.79830944029165, 7.134075571734499], [-74.81027398756815, 7.1480148340368075], [-74.82716240551787, 7.16018406689354], [-74.83511374920683, 7.16180062808571], [-74.84410933231189, 7.156480520659041], [-74.84812384697528, 7.1568645885971085], [-74.84795502719065, 7.16558378785316], [-74.85607601918191, 7.168326783083559], [-74.85612891479065, 7.179143473902917], [-74.86017501231507, 7.183304760912391], [-74.86381153975994, 7.197910335666759], [-74.86638894668081, 7.198695075122584], [-74.8654458173872, 7.206264109671114], [-74.87610821943743, 7.219511118647249], [-74.87644059396511, 7.224211163930681], [-74.88136142456017, 7.224286757710803], [-74.88514180890849, 7.229676267266225], [-74.89197649681314, 7.229695467212533], [-74.89692012719009, 7.232757635138783], [-74.9095239833223, 7.232162480025951], [-74.91621468234621, 7.251639421286924], [-74.91527801369219, 7.263734392257187], [-74.69910899105923, 7.312690400261399], [-74.62095755536481, 7.376861362300017], [-74.5914251512772, 7.396114785027515], [-74.59096589566518, 7.40164695361366], [-74.58028691132556, 7.416089714209076], [-74.56367984825106, 7.423981497701582], [-74.56126900502407, 7.428264424584655], [-74.55901989631181, 7.414476261965852], [-74.54811634964756, 7.411552942810658], [-74.5097861648983, 7.375226350395824], [-74.5056860536945, 7.361915355356518], [-74.4941969032492, 7.344459238777629], [-74.4737627569928, 7.34576629174973], [-74.4676439109749, 7.352085171775424], [-74.46789617307034, 7.360732922945666], [-74.45226892687081, 7.366186819278865], [-74.44811952809162, 7.3777156517931894], [-74.4385611000576, 7.380679875630646], [-74.42837703585366, 7.380257239061212], [-74.41940567065676, 7.388585669158015], [-74.41309879471093, 7.401733122869249], [-74.41595185880225, 7.415731132699593], [-74.41187665543617, 7.439584228987646], [-74.42229996880697, 7.442204515903227], [-74.41244871989211, 7.460350816615859], [-74.40107329806405, 7.460538194413224], [-74.37981496729444, 7.465964047421839], [-74.37058463037455, 7.480013460394376], [-74.36048396810976, 7.476531303108007], [-74.35296530891665, 7.462179278304967], [-74.33490461629684, 7.459225763373132], [-74.31936519411192, 7.439914638002632], [-74.32446170936747, 7.433375446683817], [-74.32845500070705, 7.432663535935354], [-74.32923762985322, 7.425982906346972], [-74.33855845411519, 7.41830748643295], [-74.34013360955963, 7.412535693755919], [-74.34344594607296, 7.412340470265378], [-74.3480145931978, 7.402209024733806], [-74.36124681370173, 7.3941377684096485], [-74.36073122497183, 7.388142066382297], [-74.37356663937922, 7.374559313932853], [-74.37384168492251, 7.36422516420516], [-74.38694202190932, 7.361193985383921], [-74.39076468495642, 7.353074935827186], [-74.39772752276897, 7.347909256270333], [-74.39733816329847, 7.343279994349459], [-74.40291107166233, 7.330232803183684], [-74.40112031822615, 7.320274241011906], [-74.4033753452031, 7.319493866989414], [-74.40048840719392, 7.316804796105023], [-74.40165173872242, 7.3138991929684725], [-74.39840752262751, 7.313346556938046], [-74.39908716024385, 7.310773600399659], [-74.39481978494445, 7.309646359880549], [-74.39170899487371, 7.300728433962586], [-74.38630272065548, 7.2992606400162945], [-74.38956258537895, 7.287427940404543], [-74.3870042988359, 7.279097397301356], [-74.38988882169721, 7.273039465737648], [-74.38930418358551, 7.26683855304199]]]}}, {"id": "97", "type": "Feature", "properties": {"municipality": "Ituango"}, "geometry": {"type": "Polygon", "coordinates": [[[-75.75066949737875, 7.6136574289011705], [-75.74046807597374, 7.6104306017673835], [-75.7375498397813, 7.604828213632252], [-75.71186875781854, 7.581286821678596], [-75.69715793573245, 7.580995518750319], [-75.6873970231768, 7.585309184130638], [-75.68279033643527, 7.583446756381598], [-75.6772421410956, 7.595185672702505], [-75.67129619015014, 7.597969970024747], [-75.66696166214817, 7.593982203974633], [-75.65343953132604, 7.592694202988202], [-75.6464094871821, 7.585842216864179], [-75.64045333625496, 7.586423555772059], [-75.63318152867639, 7.583121026978013], [-75.60583321184559, 7.585282623975696], [-75.60171266473633, 7.589681602324379], [-75.59436186960968, 7.575934668238616], [-75.57523337676403, 7.5629305111334295], [-75.57134007826092, 7.556581236752642], [-75.56778577829382, 7.523878593796361], [-75.56301422327874, 7.520454327210161], [-75.55941824640493, 7.51249053879499], [-75.55749507192148, 7.500622463711146], [-75.54162191938418, 7.491755505845136], [-75.54733874118851, 7.465648086102207], [-75.543094588881, 7.455433104711379], [-75.54546271121416, 7.448404846787643], [-75.54261249903037, 7.441589437210962], [-75.54719970025089, 7.428951127783715], [-75.55261917078019, 7.424546878210984], [-75.55208932713393, 7.406451064017639], [-75.56791498199223, 7.380035087605109], [-75.55550464438714, 7.374281966825061], [-75.54850039054183, 7.376318271230922], [-75.54557615449384, 7.3723255287912215], [-75.53958822997693, 7.370395996880901], [-75.52230871066953, 7.378879266568158], [-75.51533621386565, 7.378321627259599], [-75.5134476791901, 7.371078667001344], [-75.51536365020927, 7.346991214925629], [-75.52069842385, 7.341444314402584], [-75.52024320325312, 7.325281377958254], [-75.5289920430899, 7.30830666230067], [-75.52959555443606, 7.299506619563964], [-75.52143299485482, 7.294948760951008], [-75.51541028425328, 7.297393746946035], [-75.51047919124886, 7.294147679236597], [-75.49952382115515, 7.301676304989004], [-75.49384370611094, 7.299989541388205], [-75.48779374791029, 7.303856719337746], [-75.48379093370129, 7.299262473252775], [-75.4856102682656, 7.292895332381974], [-75.48373450740202, 7.2903130070474305], [-75.47753629672398, 7.28605154090001], [-75.47520841970861, 7.28687796872266], [-75.47048957877035, 7.274084108980426], [-75.46659716594904, 7.2709550354455805], [-75.46445223769456, 7.2721473621715695], [-75.46420743908017, 7.269783490430991], [-75.46162695758237, 7.271432726150476], [-75.45888297611417, 7.262390379577654], [-75.44853883944462, 7.258316169825364], [-75.44425523167324, 7.249420237428846], [-75.4558417201221, 7.242944603857605], [-75.47792073863236, 7.22352820318194], [-75.51058597988829, 7.230381050171599], [-75.51879511979395, 7.224156380711334], [-75.53454298828657, 7.204571832393082], [-75.56359620724726, 7.2015261190252975], [-75.58303525770894, 7.189639015636825], [-75.59602998730303, 7.185535699865464], [-75.6045148119919, 7.178746768222373], [-75.61230950932564, 7.160792750014945], [-75.6307129124397, 7.148686092839602], [-75.63548495824332, 7.140356412746927], [-75.6546212867887, 7.1403992106237855], [-75.66080033741713, 7.137938292060461], [-75.66509125719828, 7.1164000277973996], [-75.67501191302955, 7.092962606926349], [-75.68813433204261, 7.083546016892892], [-75.69737138796619, 7.088363813642504], [-75.72189341473273, 7.0804528473921975], [-75.73025959996993, 7.08198522270462], [-75.73536116411722, 7.079453472881581], [-75.73753123241931, 7.074637444929215], [-75.74379397375854, 7.076645708629943], [-75.75351169305051, 7.064082154623126], [-75.76464757009389, 7.0625402638764285], [-75.77006702974116, 7.054916471845065], [-75.77426440013349, 7.054402508043934], [-75.77537798712662, 7.045750786642851], [-75.77869046167153, 7.045144934700527], [-75.78918486570929, 7.056520563103607], [-75.79547854074954, 7.058138597334082], [-75.79488367523653, 7.078732833418522], [-75.8035449133816, 7.079970151703291], [-75.80903551967899, 7.08697171594917], [-75.81602875583731, 7.088814608011252], [-75.81782762801546, 7.0921934428334374], [-75.82256751369759, 7.0910798578066965], [-75.82491048970381, 7.095747167683111], [-75.83147185416897, 7.098067141694293], [-75.83275081387549, 7.101029573360621], [-75.85474785909231, 7.100318184229368], [-75.86450648633269, 7.091542225663476], [-75.86864303861874, 7.096447871588433], [-75.86776266073011, 7.102797726899055], [-75.87551948717805, 7.1042257784502025], [-75.87932186529132, 7.115632914328983], [-75.87766389912414, 7.131484909122258], [-75.87419418714101, 7.135855042447105], [-75.87348782525395, 7.142577124880984], [-75.89423478238618, 7.159212857286876], [-75.88852407637118, 7.159629263415926], [-75.87995801579613, 7.166708159180773], [-75.87388682204154, 7.17792077589729], [-75.88133453511001, 7.195600169178798], [-75.8860815593899, 7.222012188401011], [-75.89959689763964, 7.217526904792096], [-75.90674717830082, 7.21965651962542], [-75.90827936187321, 7.208997366448872], [-75.91466060528104, 7.200516364285809], [-75.92215590783967, 7.198565206597991], [-75.91849986593269, 7.189920626287144], [-75.93050601775482, 7.183022546750183], [-75.94522014120705, 7.185506660350478], [-75.95270729077808, 7.180993096424932], [-75.95412786004046, 7.178501954634555], [-75.94719081972424, 7.173149668914885], [-75.94887093912372, 7.15817115443505], [-75.95429247921082, 7.149058533982798], [-75.9609632147941, 7.14623187587898], [-75.96871249354923, 7.129557315650157], [-75.97782305662487, 7.134039733596618], [-75.984533902412, 7.131896513874916], [-75.99167282734217, 7.145832089180258], [-75.99554727661393, 7.146697426017342], [-76.00078888277429, 7.1438260364333575], [-76.01317908304553, 7.157976067807432], [-76.02952597956948, 7.157012386622682], [-76.03702128183653, 7.160438811365761], [-76.0428033729065, 7.167600988334188], [-76.05610455954408, 7.172002990688121], [-76.0614821418781, 7.17147950862891], [-76.07506886382097, 7.16260412206392], [-76.09212959932863, 7.158796983379472], [-76.10167123803619, 7.138143261131471], [-76.11409202364659, 7.136382459740089], [-76.13192960474515, 7.149303281791878], [-76.1371644192158, 7.147399715446922], [-76.14056704790143, 7.136644548934059], [-76.15748501576319, 7.127269474221096], [-76.17628275767345, 7.130096273247692], [-76.19127336210543, 7.140185186821664], [-76.20269477483653, 7.138376799932326], [-76.21680022215577, 7.147491182572948], [-76.35591648496309, 7.364163701895166], [-76.3666921193415, 7.372316335899805], [-76.37360172551713, 7.386620946728181], [-76.38092539437108, 7.391709822366666], [-75.84549601454295, 7.347087268220046], [-75.84561876891686, 7.354279533740458], [-75.83373335031064, 7.37134071729154], [-75.83572471795742, 7.389415524777967], [-75.83210975699376, 7.402072374002042], [-75.82874595939053, 7.408512922415823], [-75.82220673667565, 7.410746485288426], [-75.81765888156276, 7.415823578801451], [-75.82125266228553, 7.422708850747922], [-75.82746759060353, 7.426034582122578], [-75.82746759077857, 7.432374745688887], [-75.82362075064644, 7.437005203624275], [-75.82508112468834, 7.442187750747743], [-75.81126989912663, 7.447156587396755], [-75.8012075612341, 7.446399685558259], [-75.787779238301, 7.459836914307158], [-75.78749428620955, 7.476292843938234], [-75.78151031176543, 7.484547522821781], [-75.78289054414917, 7.490976734937414], [-75.77512562530914, 7.501377449975319], [-75.78725385916367, 7.512223403693286], [-75.77691944033384, 7.52317099938681], [-75.7697967739692, 7.524083872362746], [-75.76678166332276, 7.529083543663667], [-75.77639834542816, 7.544913898438428], [-75.77326752135508, 7.548778141702134], [-75.77392601943622, 7.5646386176133555], [-75.76808647813004, 7.566807664181618], [-75.76089425672609, 7.577312091676666], [-75.76100466358233, 7.588699774555611], [-75.76547453653627, 7.601544214702107], [-75.75504371409096, 7.607790093117907], [-75.75066949737875, 7.6136574289011705]]]}}, {"id": "98", "type": "Feature", "properties": {"municipality": "Zaragoza"}, "geometry": {"type": "Polygon", "coordinates": [[[-74.7629027669702, 7.725373150023268], [-74.7579464415575, 7.716070989447505], [-74.76612937980754, 7.709209047375537], [-74.76939910582502, 7.702034963885935], [-74.76341380624646, 7.677769548705726], [-74.77062650025428, 7.6639445596623395], [-74.7709956058943, 7.64854974169567], [-74.77820856217635, 7.641521338946345], [-74.78964901396908, 7.616783537048039], [-74.79665036720742, 7.615476187660491], [-74.81048512042182, 7.606098728265392], [-74.81611252099407, 7.594892543737602], [-74.82703915825245, 7.5888397468915025], [-74.81933136174987, 7.58796667143892], [-74.81743372570362, 7.579066856180808], [-74.8059766106516, 7.569526521290641], [-74.80454084117031, 7.559563259832035], [-74.80124093101458, 7.554793092616299], [-74.78721358804802, 7.544054769599177], [-74.77614039878097, 7.530945712307687], [-74.78253304766297, 7.512668549886182], [-74.77843197524258, 7.502164644224713], [-74.78002080123494, 7.495361205596998], [-74.77670735219223, 7.49245515101946], [-74.77064401037605, 7.492876119845387], [-74.76969213104424, 7.488833854439394], [-74.7606829178217, 7.4885185601386555], [-74.75786279519437, 7.4730983857576705], [-74.76412194982056, 7.472695509416748], [-74.75720885417638, 7.469022928883818], [-74.75936335694696, 7.4645562748362835], [-74.75814889539082, 7.460469138440177], [-74.75188301273471, 7.45510951704864], [-74.74284681577363, 7.458371204346578], [-74.74361231318186, 7.454601958806293], [-74.7379293272895, 7.454502112193178], [-74.72910946585019, 7.448220041963255], [-74.72940068784612, 7.441397129215707], [-74.72657167610814, 7.43989109610478], [-74.71974044389904, 7.438301857035147], [-74.71820944989648, 7.442869880036182], [-74.7135499004006, 7.440390336221221], [-74.70785859401846, 7.444700420037087], [-74.70450538304026, 7.442553695949886], [-74.70425576391605, 7.437869186224954], [-74.69823163267222, 7.434258033990771], [-74.69465376402032, 7.437261779182656], [-74.683321075451, 7.432710397795742], [-74.68057526936747, 7.4347489523834565], [-74.68073336135237, 7.4403404126319765], [-74.67658969059717, 7.439782928217623], [-74.67306567073629, 7.426309710238052], [-74.66780390815411, 7.419213034141333], [-74.65176726437564, 7.419665479386007], [-74.6442432787471, 7.415861593216862], [-74.64204808539826, 7.404927520146674], [-74.63750688176984, 7.4031596317956865], [-74.63613279209427, 7.393926411812862], [-74.63158321098999, 7.390952009127981], [-74.6304574451277, 7.386734508595582], [-74.62570951463684, 7.3862798008583335], [-74.62190298161845, 7.389701483893459], [-74.6171455467062, 7.385911844895524], [-74.61104752038223, 7.391196799832215], [-74.60787941701572, 7.386502785996185], [-74.69910899105923, 7.312690400261399], [-74.91527801369219, 7.263734392257187], [-74.91949763637615, 7.274539177553028], [-74.91775336719269, 7.283454910437822], [-74.9113352522655, 7.2911199869519665], [-74.90533281340075, 7.293669087695393], [-74.9029932297462, 7.303904702661032], [-74.90580774592262, 7.314446180080526], [-74.89587732732842, 7.323772463999893], [-74.89286442825203, 7.335659458028707], [-74.89690220061807, 7.352585062073397], [-74.90509791413727, 7.3537116171666455], [-74.90752511787547, 7.36044155688409], [-74.89941990192285, 7.374752219828736], [-74.89349872659652, 7.379702711314745], [-74.89030240232418, 7.391330126941993], [-74.89211956782127, 7.405178792909703], [-74.8970298223428, 7.406870561835737], [-74.90092501624879, 7.422063466748214], [-74.90467166400485, 7.427303822153078], [-74.9022866832337, 7.437718514085071], [-74.90752703895043, 7.449866236390125], [-74.91251156633756, 7.448067185878946], [-74.9116615556483, 7.4386593031054975], [-74.92160585298365, 7.426090703340936], [-74.92648309704431, 7.412432766407691], [-74.94113958814182, 7.410980322317259], [-74.94319032165151, 7.418500789721637], [-74.94764627263132, 7.420645885990748], [-74.96090565074601, 7.401426555122692], [-74.97672329959246, 7.391247094918856], [-74.98633967008817, 7.3882634610646445], [-74.99206082096404, 7.3916624673830995], [-74.99441192241122, 7.400473552306809], [-74.99733303703553, 7.4026992285798485], [-74.99431064588276, 7.406644137298241], [-74.99558687329257, 7.4175478673660455], [-75.0019235361221, 7.418640282610918], [-75.00666089080484, 7.424979629246174], [-75.01152324692319, 7.424622522400982], [-75.03014399342172, 7.489159954421044], [-75.03632492378073, 7.490606699651789], [-75.04228915322271, 7.482118807356469], [-75.05268310073164, 7.475486471976044], [-75.0610055433766, 7.477227874226052], [-75.12902228408419, 7.540160216432331], [-75.1246737287112, 7.544895505116787], [-75.11879895287771, 7.538963737768885], [-75.1121741921279, 7.536891227795261], [-75.10601964570493, 7.523837431051063], [-75.10057239664097, 7.521252043235787], [-75.10069985031015, 7.5169368417816695], [-75.0958438451481, 7.512395679146972], [-75.09264736893027, 7.51608937864519], [-75.08190301554605, 7.514333640929541], [-75.07892172291668, 7.52185273823089], [-75.06900062084661, 7.526438914325982], [-75.0713273197484, 7.527702744816552], [-75.07089993798878, 7.535075795671012], [-75.06278391970916, 7.536077137021467], [-75.06611010269944, 7.554917558026507], [-75.06152465221241, 7.554938048376132], [-75.06285746516402, 7.55990351237443], [-75.05695750104188, 7.559107569043707], [-75.05589219776675, 7.562243713160679], [-75.05346801304044, 7.557718054843008], [-75.0496222091421, 7.559009168266629], [-75.04930013920749, 7.561839066606001], [-75.04521492432787, 7.562370135291951], [-75.04857110075244, 7.567762159164171], [-75.04257769226267, 7.573719030036318], [-75.03932932119783, 7.572227790291531], [-75.03699745540199, 7.575600509689972], [-75.0320127900162, 7.573340868845756], [-75.02695849192528, 7.5750591148763], [-75.0227513813679, 7.576941900090974], [-75.0247063863156, 7.579439669923151], [-75.02277329021749, 7.581031079616117], [-75.01899079313591, 7.580724937897638], [-75.01921306738441, 7.57887011244742], [-75.01386863510706, 7.581628786707235], [-75.01647972444081, 7.5779513062773445], [-75.01429526526437, 7.576595515449223], [-75.00958059606087, 7.580211765672387], [-75.00380137313319, 7.578150810556704], [-75.00307768790277, 7.588231340354262], [-74.99769454104212, 7.586244108876147], [-74.99380130068104, 7.592307403269503], [-74.99074727170624, 7.591850959432978], [-74.99197206284734, 7.5973932714145], [-74.9877217893066, 7.597552903050414], [-74.98984576436953, 7.59919317420281], [-74.98786416020826, 7.607208002653033], [-74.98528617914853, 7.608013324792357], [-74.98105377038668, 7.604619635334406], [-74.97342495039858, 7.607815226889072], [-74.97641788704836, 7.613995025308237], [-74.97305448800496, 7.6217979918240735], [-74.96914686928531, 7.6187460676193], [-74.96648777642125, 7.621198666592435], [-74.96423205064377, 7.615801163783054], [-74.95626805766958, 7.621275733301352], [-74.95802797013786, 7.617458369567136], [-74.95623516830881, 7.615720861643535], [-74.95120243991639, 7.619881097825284], [-74.94729118621096, 7.614829562801015], [-74.9456202412258, 7.6202570619845265], [-74.94156949057566, 7.620067792249242], [-74.94113921657699, 7.622864570239574], [-74.93898384861984, 7.62017751110335], [-74.93507580617971, 7.624393627548233], [-74.93636360096336, 7.628144329387444], [-74.93237914908191, 7.63739183624356], [-74.92576104808457, 7.633475793299646], [-74.92445481142174, 7.642454553684411], [-74.92110925657518, 7.640016215226217], [-74.9224321118989, 7.642724939324586], [-74.91939151890816, 7.643795381611301], [-74.92083271237588, 7.646323450958593], [-74.91890478584348, 7.648693041059377], [-74.9148575147838, 7.648753542255736], [-74.91426462012441, 7.652109670731267], [-74.90830681258468, 7.654916114309478], [-74.91519588538677, 7.657377450757231], [-74.91411460716058, 7.663587156204222], [-74.9098699168395, 7.663311914706491], [-74.90613431159207, 7.669620026789971], [-74.90307796421637, 7.668237260772326], [-74.90062398274188, 7.671474950113526], [-74.90210080780321, 7.67566100881319], [-74.9041902789022, 7.6755062937049505], [-74.90264110861087, 7.677927725971622], [-74.90488670489447, 7.684098730645567], [-74.902078788853, 7.68103261494512], [-74.89548617884942, 7.686937080322705], [-74.89385863201683, 7.684150930392623], [-74.89588047936886, 7.68058756361503], [-74.89004721074325, 7.6805129365645595], [-74.88611796004481, 7.683306729197115], [-74.88703175119406, 7.685676113187253], [-74.8826153750782, 7.686545593068615], [-74.88499643888092, 7.689779144386131], [-74.88175160522361, 7.689337421380855], [-74.87733407500154, 7.6947404752337], [-74.87554474093139, 7.68887631558549], [-74.86393828624942, 7.6887886536552035], [-74.86488635293415, 7.6869114568712], [-74.86150370537123, 7.684533132692447], [-74.8576568406496, 7.686354359919031], [-74.8574733902733, 7.683593170877007], [-74.85152649010224, 7.681514127819877], [-74.85366729426892, 7.67338126403488], [-74.84233174512985, 7.66797145987366], [-74.84038504416868, 7.671420329239011], [-74.83594763761805, 7.671165793161806], [-74.8357991394528, 7.675999563367035], [-74.83302680129462, 7.675820246220309], [-74.83158729863275, 7.6794828171273295], [-74.82865015833623, 7.678325357437792], [-74.82902758075272, 7.680226483633021], [-74.82343302894961, 7.682925054367197], [-74.81401867542927, 7.680809941233553], [-74.80629890409766, 7.684949828944682], [-74.8039938877853, 7.683226567825632], [-74.79864266198531, 7.690738156069256], [-74.79395060169328, 7.691995938605424], [-74.79012099560163, 7.696356132303757], [-74.79122288115626, 7.712832060104992], [-74.7832022481703, 7.72476426399199], [-74.78129670241846, 7.721820600341636], [-74.77846155956964, 7.724366018572932], [-74.7629027669702, 7.725373150023268]]]}}, {"id": "99", "type": "Feature", "properties": {"municipality": "Taraz\u00e1"}, "geometry": {"type": "Polygon", "coordinates": [[[-75.45510914317194, 7.7472763012688395], [-75.44700399569905, 7.74044202416294], [-75.44948211817277, 7.735767904417468], [-75.44448764840742, 7.729778108211752], [-75.44591664201651, 7.7200824682435405], [-75.44200716215609, 7.713854146579908], [-75.44338641462458, 7.708813028391177], [-75.44888991175978, 7.703618908957769], [-75.44845385921023, 7.697461804385982], [-75.45050002816578, 7.695653052892279], [-75.44784352188407, 7.692950468023591], [-75.4483894280093, 7.68444793307515], [-75.44371624443356, 7.6805488753274735], [-75.44340170869997, 7.67402706314872], [-75.43885227956775, 7.669743465918977], [-75.43913617393085, 7.633984155064501], [-75.43465030223425, 7.63867189241916], [-75.42936825208055, 7.635264683292483], [-75.42247256617841, 7.63518922157423], [-75.4188307443228, 7.646864097890411], [-75.41455866899793, 7.649108485151127], [-75.41041816128345, 7.6485435194051705], [-75.41062712243766, 7.645587120859493], [-75.40267889468186, 7.646549370082807], [-75.4015257437479, 7.648855668594121], [-75.39552007398899, 7.643546533295934], [-75.38355516808818, 7.644065064638482], [-75.37938467120993, 7.638551806253215], [-75.38401023955193, 7.630665282069008], [-75.37586079294638, 7.631065788949005], [-75.37566344243227, 7.626921412139484], [-75.37208209642246, 7.625220709958785], [-75.37371895141979, 7.621099549131489], [-75.36600541317468, 7.617971980832624], [-75.3659071631354, 7.583638758100575], [-75.35604546200462, 7.584181138957243], [-75.35819246614749, 7.578833561688218], [-75.35522067615145, 7.572682149029292], [-75.35605087635011, 7.568510903424298], [-75.34757892938848, 7.5569890576766765], [-75.33574830065322, 7.548332104629738], [-75.33223517820733, 7.536109490999878], [-75.27414431156193, 7.534055207443309], [-75.27504851796635, 7.5301370568076695], [-75.264092912431, 7.52370944458559], [-75.26609941614089, 7.520979049032907], [-75.25803939370394, 7.516693970732881], [-75.25833575407928, 7.508828283941461], [-75.26337387537072, 7.504446040765216], [-75.25730578071739, 7.5031877278212535], [-75.25784505936988, 7.498781194021178], [-75.2531081574062, 7.494797334609349], [-75.25848150530702, 7.4916782667752075], [-75.25423529657681, 7.484235259399473], [-75.25885559799298, 7.484361573941921], [-75.25981269603166, 7.478789033189071], [-75.25467740679979, 7.474285333987235], [-75.25585798889689, 7.471875587202952], [-75.24993960477298, 7.4679356348440535], [-75.25304271579283, 7.4623625358764345], [-75.25122447476973, 7.4626904731032395], [-75.25034852219535, 7.45687092817808], [-75.24288607899783, 7.452940511851594], [-75.23978644434244, 7.454534055912454], [-75.23720883863737, 7.450019988870786], [-75.22718581768979, 7.450483840912214], [-75.22525892816992, 7.444829802673156], [-75.21724894290294, 7.447025713703716], [-75.21358798940602, 7.441665973158434], [-75.21483930916585, 7.438365975612897], [-75.20611237392559, 7.4275310702355855], [-75.2099126013168, 7.425602716547001], [-75.20906002818305, 7.407611772707173], [-75.21454679965142, 7.400869408185329], [-75.21473971199721, 7.395653369181238], [-75.20950048487629, 7.392864491912635], [-75.20623042392005, 7.394663992079224], [-75.20275388244428, 7.3910102212765905], [-75.19902257322941, 7.393250904727934], [-75.1975794213649, 7.389804428561153], [-75.19424687820141, 7.389044877354908], [-75.19108523362132, 7.384743899877006], [-75.19190768856325, 7.379459065816408], [-75.18298263286755, 7.371486420213426], [-75.18610155115968, 7.361771842798044], [-75.1837677028455, 7.361782527020794], [-75.18152464534965, 7.357200277557105], [-75.17562326707296, 7.358652925410366], [-75.17372467867858, 7.354902923776305], [-75.17668693876125, 7.354667936845314], [-75.17576835408849, 7.351855214644389], [-75.17292002605679, 7.353428914577169], [-75.17188750810762, 7.351228585284192], [-75.16552313418093, 7.356061534304742], [-75.16744527560638, 7.350496174404369], [-75.16400091505352, 7.345541442661135], [-75.16524876104675, 7.340236393335272], [-75.17230624896321, 7.33434492478282], [-75.17337680466161, 7.3236666396189305], [-75.18196171039739, 7.3188389107629925], [-75.18805774184766, 7.308126529906679], [-75.18731456286582, 7.295563131446758], [-75.19240433770075, 7.284393904899776], [-75.18978539300639, 7.278536622356203], [-75.19068081601696, 7.271130868330837], [-75.2087524540588, 7.251567852329107], [-75.21634672061977, 7.258233034428471], [-75.22565272903164, 7.258455206566175], [-75.23260067619756, 7.253587604991059], [-75.25262256585957, 7.250981635896767], [-75.26469202474648, 7.238968891742271], [-75.2740128853427, 7.246263806699388], [-75.28933675763955, 7.2451235370253135], [-75.29589599324495, 7.229562692836409], [-75.30081858665942, 7.235264929202336], [-75.30124679181941, 7.2466266278794755], [-75.30548720796794, 7.257335314019384], [-75.30052003329521, 7.2621954366551], [-75.29941502733061, 7.272574963901471], [-75.29005796081664, 7.282240757774621], [-75.28540233571728, 7.285145505231702], [-75.27973241162547, 7.284826903839157], [-75.27763473842784, 7.287516664247419], [-75.28164400327852, 7.288937669027778], [-75.28552742660231, 7.299081165632128], [-75.28064872309976, 7.308907816128728], [-75.28559174404228, 7.321846591128198], [-75.27838995631403, 7.342276120106288], [-75.28090108955854, 7.344277379367378], [-75.2800215559562, 7.352607456250666], [-75.28652245927243, 7.3574066518793275], [-75.28694310590446, 7.362607375234038], [-75.28455306834637, 7.362524522347444], [-75.28120064097672, 7.37052318240783], [-75.28917380785259, 7.3790763328159885], [-75.28336123636899, 7.3828366596417245], [-75.27574099740681, 7.38162809531096], [-75.27480888287104, 7.388262842808933], [-75.27929817070864, 7.392318734662419], [-75.28722672439086, 7.393797371977536], [-75.28723309717444, 7.396384990132274], [-75.28453076080183, 7.396353121282209], [-75.28653201908641, 7.397602312677707], [-75.28575186405209, 7.405799220442545], [-75.28229585889139, 7.414704857764937], [-75.30028570522882, 7.419708200170287], [-75.30579572998857, 7.434541480176112], [-75.30752988566202, 7.4316811686666755], [-75.31356779360597, 7.434395456408848], [-75.32289725106095, 7.432471254016689], [-75.32163777435085, 7.412873563103224], [-75.32950520345099, 7.407159256445184], [-75.3320538628283, 7.388164287602869], [-75.33878163660142, 7.39012290064658], [-75.34786058331966, 7.382376147143472], [-75.35093005065704, 7.384827545397259], [-75.35879373824034, 7.38111495006797], [-75.36365239203688, 7.386438655408404], [-75.36699590298431, 7.386516539862701], [-75.37411129520444, 7.3837794246931505], [-75.38370834295696, 7.374526801250825], [-75.39045466882013, 7.374396074035004], [-75.3950750238263, 7.368922027969736], [-75.3992001999318, 7.369576985395302], [-75.40431309384778, 7.374832491027547], [-75.40676918478948, 7.371309453349619], [-75.41131691361544, 7.374156405550519], [-75.41579597775514, 7.368193125079096], [-75.42039124432841, 7.370728443634367], [-75.42596894698903, 7.3667036261281], [-75.42973495193122, 7.371816518372682], [-75.43319460714721, 7.368805828150612], [-75.43537075574957, 7.371071767291338], [-75.44436039126738, 7.361247606334863], [-75.44607585670845, 7.36314662009502], [-75.46094323059565, 7.359793340601181], [-75.46227660012106, 7.362586270405557], [-75.47233444662747, 7.3647881799733454], [-75.47485315468724, 7.371134923319288], [-75.47919476677575, 7.3688476321073315], [-75.4802214998588, 7.3719927118764526], [-75.48409939754605, 7.371964446663656], [-75.48738556962228, 7.3803462452028255], [-75.49943004904782, 7.386398251664781], [-75.50646323922247, 7.3857664356985975], [-75.5092685004237, 7.379446127058553], [-75.51325289962753, 7.37746543824074], [-75.51414342756429, 7.372709672060099], [-75.5178543590226, 7.379698587272681], [-75.53958822997693, 7.370395996880901], [-75.54557615449384, 7.3723255287912215], [-75.54850039054183, 7.376318271230922], [-75.55550464438714, 7.374281966825061], [-75.56791498199223, 7.380035087605109], [-75.55208932713393, 7.406451064017639], [-75.55261917078019, 7.424546878210984], [-75.54719970025089, 7.428951127783715], [-75.54261249903037, 7.441589437210962], [-75.54546271121416, 7.448404846787643], [-75.543094588881, 7.455433104711379], [-75.54733874118851, 7.465648086102207], [-75.54162191938418, 7.491755505845136], [-75.55749507192148, 7.500622463711146], [-75.55941824640493, 7.51249053879499], [-75.56301422327874, 7.520454327210161], [-75.56778577829382, 7.523878593796361], [-75.57199235579995, 7.558085719782711], [-75.57944010681656, 7.567093515918416], [-75.59467943714543, 7.5762755549885705], [-75.60171266473633, 7.589681602324379], [-75.60259930084977, 7.601092160873543], [-75.59236745016828, 7.603874738071672], [-75.57606157108694, 7.616842131948229], [-75.57089853484656, 7.624923534379567], [-75.5570282683351, 7.6240131606429875], [-75.5529785319914, 7.6273421184485795], [-75.5516840292379, 7.632667152749926], [-75.55811827209702, 7.642795320428174], [-75.54832293577357, 7.6454890369636015], [-75.5517974652697, 7.653826504432912], [-75.54968622840482, 7.660259388448375], [-75.55102694581795, 7.668399469082705], [-75.54022850382826, 7.677890602153468], [-75.53966963055832, 7.682435514729591], [-75.53398861580065, 7.688839560903215], [-75.53790646679424, 7.694760853267945], [-75.53419898964904, 7.702426991221461], [-75.53793061643651, 7.713833249152841], [-75.5337358442762, 7.7230154062068905], [-75.52008115592983, 7.725599153685983], [-75.50540663026406, 7.719221889401175], [-75.49949358706439, 7.7191011200487445], [-75.48861784328828, 7.729528539398069], [-75.48113677671084, 7.7420907489264525], [-75.47472868806857, 7.7429302643155955], [-75.47338498833427, 7.740705048577973], [-75.47101709632102, 7.742234374854337], [-75.46627688502795, 7.740226142292269], [-75.4557199181071, 7.744018835685602], [-75.45510914317194, 7.7472763012688395]]]}}, {"id": "100", "type": "Feature", "properties": {"municipality": "Chigorod\u00f3"}, "geometry": {"type": "Polygon", "coordinates": [[[-76.8095570785179, 7.770691193248677], [-76.80794272580404, 7.765723084031172], [-76.79428889087662, 7.755172523545351], [-76.78442661847322, 7.751226225217469], [-76.78063602416536, 7.752585456672575], [-76.76604559156792, 7.744571069577112], [-76.75605893649316, 7.745747896670176], [-76.74133774658705, 7.743149076211899], [-76.73735507133313, 7.737695370249033], [-76.73360666948388, 7.73717233810126], [-76.72686172806762, 7.727403616430735], [-76.70222082275316, 7.718728031871401], [-76.69381275986726, 7.7245336783329694], [-76.68415012492754, 7.721990330130633], [-76.67818719583406, 7.727058581663234], [-76.65791718067011, 7.7169402232863895], [-76.65595650478909, 7.718015739898575], [-76.65000785200647, 7.712443042740789], [-76.64312169227013, 7.717995437961139], [-76.63570967097075, 7.715982412972236], [-76.62126753301168, 7.733491675126609], [-76.61195888327167, 7.735890965881773], [-76.59702776485568, 7.729882825719806], [-76.5784382261293, 7.729942312407371], [-76.56874192234565, 7.725153647926535], [-76.56398299959123, 7.73053717877352], [-76.55353691917688, 7.733438137083166], [-76.54111613164729, 7.72983325321646], [-76.53497570536067, 7.733896032630454], [-76.52631242511761, 7.733344734822958], [-76.52481603965495, 7.7308245092774595], [-76.51648747695342, 7.732557165055014], [-76.50989780374037, 7.727183508169208], [-76.49082937315855, 7.719767592075398], [-76.48799966162258, 7.713826271787443], [-76.48934687451246, 7.7041082858372345], [-76.48556311671483, 7.689319447035193], [-76.49045288914341, 7.662502759878969], [-76.49556191430636, 7.652982081799778], [-76.49229868467127, 7.640469144308752], [-76.50083061357684, 7.630253456926512], [-76.50377364681168, 7.618855731056634], [-76.51121954849846, 7.613402157731732], [-76.50827137650532, 7.602142012028191], [-76.51441100265372, 7.588346006703223], [-76.50735596736428, 7.573987418050544], [-76.50209843284341, 7.555646548929776], [-76.50342171731856, 7.552157167587513], [-76.52729395683807, 7.5473634439594175], [-76.53148418726933, 7.538690308619109], [-76.53586954998215, 7.536896467865219], [-76.53903778397085, 7.531058750400826], [-76.5507939741847, 7.531638245735345], [-76.55207171726038, 7.533666482943462], [-76.5591776806695, 7.530369999868136], [-76.56388965723697, 7.518252813254756], [-76.56890563076146, 7.512685840988579], [-76.56878688175263, 7.50847261231124], [-76.57735108790943, 7.497143919955695], [-76.57434435336302, 7.493776186943207], [-76.57537156524144, 7.48574032402761], [-76.58183083682383, 7.484309343043917], [-76.58724708517919, 7.47780151697066], [-76.5891298342562, 7.47900611997283], [-76.5886539408069, 7.47648686727822], [-76.59207144191329, 7.475505338428155], [-76.5911434528326, 7.473482796218048], [-76.60080342100997, 7.46422927290647], [-76.61028179715177, 7.462029684610211], [-76.61875582872487, 7.455268278850968], [-76.62284136317471, 7.459239599714281], [-76.63001305864064, 7.460212801858229], [-76.63150022164646, 7.465154939875555], [-76.63424849910824, 7.463222819399038], [-76.63449120368645, 7.466163831882449], [-76.6475460948467, 7.468422975826662], [-76.64774004170728, 7.47510538026113], [-76.65166745326687, 7.478164961195889], [-76.64862028878014, 7.479088414106144], [-76.65247501630058, 7.480416155080872], [-76.65149467781481, 7.482143641641963], [-76.64773036980976, 7.480844456279472], [-76.64624558716324, 7.48797807995118], [-76.65065710707101, 7.4860364417608], [-76.64890373084289, 7.490126612432294], [-76.6542657339742, 7.4935421400167375], [-76.65301651724779, 7.497854915027816], [-76.65872722348912, 7.500180837809913], [-76.65788251515704, 7.502875576422977], [-76.66185026614902, 7.503351468236277], [-76.6587391209649, 7.505683340890866], [-76.65894137468186, 7.508711204434498], [-76.66176103562448, 7.50972842437034], [-76.65870342933016, 7.5153320544330215], [-76.66462828733088, 7.514517087827753], [-76.66262953988722, 7.520667995011508], [-76.66904813565617, 7.520882147055576], [-76.66767399685286, 7.524225289872309], [-76.67484212299841, 7.525557788594401], [-76.67776291191846, 7.530399992791376], [-76.68079077554626, 7.529466055443181], [-76.69516866892457, 7.5382998011757305], [-76.69635839929155, 7.546961038755411], [-76.70616772658478, 7.560512071419408], [-76.70317555456604, 7.563730292143626], [-76.70782740103817, 7.564699920815063], [-76.70767868474492, 7.567608812428426], [-76.71081362484834, 7.568310752929017], [-76.71385933459834, 7.574027408322452], [-76.714198408205, 7.5862518894177615], [-76.71102182758459, 7.587156085367202], [-76.7134548272527, 7.593729345010376], [-76.71892758675259, 7.595412813665614], [-76.72203873170798, 7.6008439346556615], [-76.72571499966921, 7.597453202197748], [-76.72826697125474, 7.599773175920241], [-76.73171718986714, 7.598107556048026], [-76.73626790928986, 7.600082508826984], [-76.74510165831941, 7.605793211987871], [-76.74428669312621, 7.608351132827079], [-76.75228762971638, 7.603027090642459], [-76.75409007185503, 7.606786639132511], [-76.75637435530754, 7.605406549583388], [-76.75617804866533, 7.610022705049526], [-76.7577901341286, 7.606322643158456], [-76.76533302467007, 7.605341114647388], [-76.76602306883873, 7.613930970742755], [-76.76136527361498, 7.616732785814614], [-76.76251336397411, 7.620742177662266], [-76.76968743888388, 7.617952258357459], [-76.77262012485065, 7.623900913035306], [-76.77849739270587, 7.626530214787603], [-76.7819357137833, 7.623942552756453], [-76.77887810676647, 7.619504857316122], [-76.78121592684698, 7.619106299200924], [-76.78373220777392, 7.622657645072895], [-76.78251868171057, 7.625084694379628], [-76.78670653403677, 7.628314811151358], [-76.78093039196663, 7.631378369407866], [-76.78728950208065, 7.6347809971683915], [-76.78345262061121, 7.636999844414997], [-76.78478511900946, 7.639385253263719], [-76.78599269509948, 7.636785691936125], [-76.78987716630579, 7.637041483803425], [-76.79126320190282, 7.639908734728237], [-76.797491440524, 7.641050875782992], [-76.7923607500844, 7.645618596817728], [-76.79279130054233, 7.650402099690409], [-76.78918122390789, 7.6439791986617065], [-76.78792015854532, 7.651861168293918], [-76.79343270849107, 7.654728530259251], [-76.79065533954093, 7.657122121111885], [-76.78778483976392, 7.656019130107908], [-76.78828570187846, 7.658557863327956], [-76.79415100979968, 7.658209101790683], [-76.79649341826867, 7.661055647720158], [-76.796560311192, 7.658031203431478], [-76.80041707703326, 7.6655526062162505], [-76.8027371020286, 7.664157793887016], [-76.81105654872253, 7.668446872403194], [-76.8127852816339, 7.666961087023001], [-76.81098206882882, 7.660959924717313], [-76.81387816563785, 7.658246373246274], [-76.81535530756818, 7.660271216831175], [-76.81328082091079, 7.66446854819238], [-76.81650807866727, 7.663361652774255], [-76.81840534757808, 7.666646319311917], [-76.82026241624436, 7.665043352135159], [-76.81737886681215, 7.668798830695657], [-76.8151895338824, 7.666655139151837], [-76.81326613808734, 7.671762719545612], [-76.81939450207156, 7.673048784269124], [-76.81574114366795, 7.675339506267063], [-76.82064406153012, 7.676064310747998], [-76.82056595809571, 7.678544030859113], [-76.82306114612139, 7.6769829209805955], [-76.82069313493807, 7.679401831206922], [-76.81663357510395, 7.677649964557167], [-76.81522686851245, 7.681063028019147], [-76.8188174578386, 7.684113953573635], [-76.81468851156981, 7.684391694957719], [-76.82092722858401, 7.686510059091214], [-76.81591892057402, 7.690872098328868], [-76.82181654829952, 7.694102739763043], [-76.81572035617532, 7.695381407996915], [-76.8165687842637, 7.700103657693462], [-76.81319789402146, 7.699524118286516], [-76.8160562342215, 7.70296526424691], [-76.81253988409176, 7.70353209120611], [-76.81297136444311, 7.707880425090001], [-76.80763343715209, 7.707911062758254], [-76.80663583069853, 7.710330746938714], [-76.8119899142814, 7.71174382489589], [-76.81159677654722, 7.714172384930251], [-76.80779102394065, 7.714492711414818], [-76.81174650454885, 7.719802887633304], [-76.81504101879804, 7.720238030776001], [-76.8148093934917, 7.723082814696733], [-76.81726183158162, 7.722286038255071], [-76.81946373553087, 7.727467691796062], [-76.81638766346924, 7.731678009610454], [-76.81970191229314, 7.741836836839874], [-76.81605799230451, 7.757756286823285], [-76.81914020775353, 7.766952269010252], [-76.8095570785179, 7.770691193248677]]]}}, {"id": "101", "type": "Feature", "properties": {"municipality": "Carepa"}, "geometry": {"type": "Polygon", "coordinates": [[[-76.77719869313418, 7.8843384087066655], [-76.77515716287233, 7.8803852631865885], [-76.76288014117092, 7.875132962253794], [-76.75060450524035, 7.879718029068752], [-76.74561808288313, 7.876775432064068], [-76.72388023597046, 7.853343848180644], [-76.72061173732988, 7.842729523241175], [-76.71076605162627, 7.840199309981947], [-76.70214180157346, 7.811802430045425], [-76.69284397674993, 7.811678901370061], [-76.68087122315323, 7.79950721989223], [-76.6717773947155, 7.797640247163391], [-76.65602764082108, 7.788285793874014], [-76.64692620262258, 7.801491801998216], [-76.64068606581226, 7.798969574676593], [-76.6285924560316, 7.804983661287144], [-76.62463065271409, 7.802265126758608], [-76.62102577020228, 7.792247596219902], [-76.62326246277519, 7.79148616901879], [-76.6194315311266, 7.787435135777618], [-76.61154361778897, 7.789094811304832], [-76.60783165873902, 7.785840898359476], [-76.5971776222215, 7.783693434348401], [-76.59253767317114, 7.786911654572727], [-76.58833792413178, 7.780951104578168], [-76.56817570154533, 7.77573812804815], [-76.55615228584678, 7.769169626363664], [-76.55077470348441, 7.7703355629780875], [-76.54711033392958, 7.775237252549912], [-76.5436791510994, 7.786906128170836], [-76.5447546675296, 7.791427107134611], [-76.53029230398485, 7.800949708606756], [-76.52956418897453, 7.813242004663425], [-76.52499562353283, 7.817782018136258], [-76.51752348162184, 7.83488375721885], [-76.5209737003088, 7.845204668159081], [-76.51957576651812, 7.852997403741444], [-76.51356762753078, 7.862396273855493], [-76.51695835966989, 7.864299845160013], [-76.5146312467981, 7.881629460096929], [-76.49122329893483, 7.873872413566333], [-76.48464765870399, 7.881062252585416], [-76.48019330813813, 7.881937897096621], [-76.46441064006699, 7.870045645884589], [-76.46362460523542, 7.857582031694963], [-76.46573942024293, 7.847571213268865], [-76.47360115901516, 7.838814795994072], [-76.48127254206572, 7.821720748558984], [-76.47914054507397, 7.812926259564633], [-76.48351875272506, 7.803332274864899], [-76.48041593563711, 7.777995772978431], [-76.48349734226213, 7.758035069780696], [-76.49663120471256, 7.749715600425341], [-76.4956824316979, 7.739456265220535], [-76.49098799792806, 7.730255396546995], [-76.49082937315855, 7.719767592075398], [-76.50989780374037, 7.727183508169208], [-76.51648747695342, 7.732557165055014], [-76.52481603965495, 7.7308245092774595], [-76.52631242511761, 7.733344734822958], [-76.53497570536067, 7.733896032630454], [-76.54111613164729, 7.72983325321646], [-76.55353691917688, 7.733438137083166], [-76.56398299959123, 7.73053717877352], [-76.56874192234565, 7.725153647926535], [-76.5784382261293, 7.729942312407371], [-76.59702776485568, 7.729882825719806], [-76.61195888327167, 7.735890965881773], [-76.62126753301168, 7.733491675126609], [-76.63570967097075, 7.715982412972236], [-76.64312169227013, 7.717995437961139], [-76.65030766488819, 7.712457318792424], [-76.65595650478909, 7.718015739898575], [-76.65791718067011, 7.7169402232863895], [-76.67818719583406, 7.727058581663234], [-76.68452132109047, 7.721861839181858], [-76.69366999148764, 7.724555092160986], [-76.70094186333164, 7.718823207654087], [-76.70968337523749, 7.720604188417245], [-76.71350260257302, 7.723911280115003], [-76.72686172806762, 7.727403616430735], [-76.73360666948388, 7.73717233810126], [-76.73735507133313, 7.737695370249033], [-76.74133774658705, 7.743149076211899], [-76.75605893649316, 7.745747896670176], [-76.76604559156792, 7.744571069577112], [-76.78063602416536, 7.752585456672575], [-76.78442661847322, 7.751226225217469], [-76.79586126603755, 7.755991977080801], [-76.80794272580404, 7.765723084031172], [-76.81081719766948, 7.774907267749439], [-76.81740830486886, 7.782654793309676], [-76.81556660151313, 7.792434377912424], [-76.82167229891017, 7.802870696662125], [-76.8202922123097, 7.810024542913167], [-76.82386854199413, 7.817823228101898], [-76.82091681999678, 7.822912894899523], [-76.82304048868083, 7.82369097764561], [-76.81878244343214, 7.826135873764054], [-76.82098106617765, 7.829062610571654], [-76.81845050901603, 7.834684088983042], [-76.82003879895045, 7.841269248205232], [-76.81554161758761, 7.842222219944542], [-76.81604130469007, 7.845081144080211], [-76.81179753625273, 7.848611075004657], [-76.80850674232958, 7.845834244146026], [-76.8037362664463, 7.852399686807443], [-76.8081500456533, 7.85773326767603], [-76.80417861277748, 7.8686223288362855], [-76.80191921357418, 7.869417299585749], [-76.8013752849994, 7.865919416267384], [-76.79146516149999, 7.871225139414102], [-76.78852331422281, 7.877942625219359], [-76.77719869313418, 7.8843384087066655]]]}}, {"id": "102", "type": "Feature", "properties": {"municipality": "C\u00e1ceres"}, "geometry": {"type": "Polygon", "coordinates": [[[-75.20376504590108, 7.957588003974213], [-75.19750620781159, 7.948356489225974], [-75.18110888497823, 7.940556582355911], [-75.17841643225626, 7.9287370170537965], [-75.16979230873314, 7.91731068099317], [-75.17175851490921, 7.9029900197875005], [-75.16430853406123, 7.889556954162539], [-75.16453610455703, 7.88556913725676], [-75.1746364069413, 7.871347371711439], [-75.17377431689744, 7.867205823351884], [-75.17685360201733, 7.8665813113520775], [-75.17244095560287, 7.862448480610139], [-75.176618198936, 7.852366645550003], [-75.18479719099062, 7.849237544656534], [-75.17782711337637, 7.840728711145593], [-75.17873262039126, 7.838667542681111], [-75.17064547996127, 7.835965505395024], [-75.17390761690257, 7.812937347748265], [-75.1660181150239, 7.805610037740361], [-75.16590513864801, 7.801325706141926], [-75.15424586875103, 7.794289059634638], [-75.1467998329078, 7.7937102303880055], [-75.1433968383574, 7.796689634999529], [-75.14655607043157, 7.799724256876279], [-75.14394997333987, 7.804854433262355], [-75.13519560318565, 7.797241218915769], [-75.13169227278041, 7.801864088107576], [-75.12663972293598, 7.799375102805565], [-75.11990635987806, 7.800753509230937], [-75.11723527718873, 7.804423616958939], [-75.11230955202988, 7.786405506779682], [-75.1100601555476, 7.785174880143806], [-75.10410030754625, 7.784726110054778], [-75.1013749817129, 7.787069428651517], [-75.10108024680746, 7.782579870165862], [-75.09081309433601, 7.783939680006411], [-75.08805511701435, 7.7795384406311054], [-75.08028261842709, 7.7794514780838755], [-75.06881367182359, 7.772242429647433], [-75.0596756396835, 7.774969542884985], [-75.04702210413804, 7.76883880675904], [-75.03326886833693, 7.770475879297762], [-75.0328156083155, 7.754888687428167], [-75.02883909435482, 7.751983763444348], [-75.03392599835722, 7.748145474711941], [-75.02893621800561, 7.733385032682448], [-75.03459875975197, 7.7323576909185014], [-75.03732189837635, 7.727439249177435], [-75.0349697017739, 7.719580709943663], [-75.04039887798935, 7.715717208264976], [-75.02966152071406, 7.712644999550909], [-75.02724827518145, 7.705485696111061], [-75.03101686775652, 7.6996444058632525], [-75.02803070529208, 7.699131625285612], [-75.03024737980947, 7.688832911727174], [-75.02842532273927, 7.6855261538723125], [-75.04056824004634, 7.6707074767093895], [-75.03636875390004, 7.662565857260221], [-75.04275004018523, 7.6584467659834825], [-75.04393781711796, 7.653709795689797], [-75.03852987504796, 7.654284571959767], [-75.03477724557419, 7.649483917418456], [-75.03966693895455, 7.641655985960267], [-75.03629684006677, 7.640039188328976], [-75.03567964894961, 7.633549720681451], [-75.04142183824315, 7.625827371560082], [-75.03882097457821, 7.618539806437984], [-75.04265570869903, 7.61648361981637], [-75.04261829399076, 7.611919199990571], [-75.03226819674143, 7.597690563813711], [-75.02154515821614, 7.588437565762057], [-75.0196086308859, 7.581598208200638], [-75.02464078640372, 7.579775848012439], [-75.0230909701919, 7.576645165125374], [-75.03152985589121, 7.573396491427314], [-75.03690387030505, 7.575603026723092], [-75.03913451931011, 7.572275938963298], [-75.04253879708861, 7.573749651994711], [-75.04857110075244, 7.567762159164171], [-75.04521492432787, 7.562370135291951], [-75.04930013920749, 7.561839066606001], [-75.0496222091421, 7.559009168266629], [-75.05346801304044, 7.557718054843008], [-75.05589219776675, 7.562243713160679], [-75.05695750104188, 7.559107569043707], [-75.06285746516402, 7.55990351237443], [-75.06152465221241, 7.554938048376132], [-75.06611010269944, 7.554917558026507], [-75.06278391970916, 7.536077137021467], [-75.07089993798878, 7.535075795671012], [-75.0713273197484, 7.527702744816552], [-75.06900062084661, 7.526438914325982], [-75.07892172291668, 7.52185273823089], [-75.08190301554605, 7.514333640929541], [-75.09264736893027, 7.51608937864519], [-75.0958438451481, 7.512395679146972], [-75.10069985031015, 7.5169368417816695], [-75.10057239664097, 7.521252043235787], [-75.10601964570493, 7.523837431051063], [-75.1121741921279, 7.536891227795261], [-75.11879895287771, 7.538963737768885], [-75.1246737287112, 7.544895505116787], [-75.12902228408419, 7.540160216432331], [-75.0610055433766, 7.477227874226052], [-75.05268310073164, 7.475486471976044], [-75.04228915322271, 7.482118807356469], [-75.03632492378073, 7.490606699651789], [-75.03014399342172, 7.489159954421044], [-75.01152324692319, 7.424622522400982], [-75.00666089080484, 7.424979629246174], [-75.0019235361221, 7.418640282610918], [-74.99549512909155, 7.417274835163133], [-74.99431064588276, 7.406644137298241], [-74.99733303703553, 7.4026992285798485], [-74.99360811756259, 7.397560764921584], [-74.99501992022591, 7.386153185577309], [-74.99747347767996, 7.383586733871113], [-75.01610847841087, 7.392008610085363], [-75.02842895180471, 7.40519460331909], [-75.03028793587761, 7.409981298815643], [-75.02691617486603, 7.420871787765991], [-75.0462435902493, 7.424544598591704], [-75.06189066760037, 7.418147282270533], [-75.06238739994205, 7.414045476707106], [-75.06526242829628, 7.414135790384077], [-75.07394772327169, 7.4022668918841035], [-75.08160944666638, 7.397894139624519], [-75.10109491312787, 7.391286088813361], [-75.11242192163115, 7.390789357683282], [-75.11787845526737, 7.378641986256408], [-75.14145820227698, 7.375669119388277], [-75.15368836099393, 7.377791521065663], [-75.16235860275536, 7.368315972113612], [-75.16552313418093, 7.356061534304742], [-75.17188750810762, 7.351228585284192], [-75.17292002605679, 7.353428914577169], [-75.17576835408849, 7.351855214644389], [-75.17668693876125, 7.354667936845314], [-75.17372467867858, 7.354902923776305], [-75.17562326707296, 7.358652925410366], [-75.18152464534965, 7.357200277557105], [-75.1837677028455, 7.361782527020794], [-75.18610155115968, 7.361771842798044], [-75.18298263286755, 7.371486420213426], [-75.19190768856325, 7.379459065816408], [-75.19108523362132, 7.384743899877006], [-75.19424687820141, 7.389044877354908], [-75.1975794213649, 7.389804428561153], [-75.19902257322941, 7.393250904727934], [-75.20275388244428, 7.3910102212765905], [-75.20623042392005, 7.394663992079224], [-75.20950048487629, 7.392864491912635], [-75.21540748380856, 7.397085365944755], [-75.20906002818305, 7.407611772707173], [-75.2099126013168, 7.425602716547001], [-75.20611237392559, 7.4275310702355855], [-75.21483930916585, 7.438365975612897], [-75.21358798940602, 7.441665973158434], [-75.21607032685445, 7.446110475592043], [-75.22525892816992, 7.444829802673156], [-75.22718581768979, 7.450483840912214], [-75.23720883863737, 7.450019988870786], [-75.23978644434244, 7.454534055912454], [-75.24288607899783, 7.452940511851594], [-75.25039710638886, 7.456963239269493], [-75.25122447476973, 7.4626904731032395], [-75.25304271579283, 7.4623625358764345], [-75.24993960477298, 7.4679356348440535], [-75.25585798889689, 7.471875587202952], [-75.25467740679979, 7.474285333987235], [-75.25981269603166, 7.478789033189071], [-75.25885559799298, 7.484361573941921], [-75.25423529657681, 7.484235259399473], [-75.25848150530702, 7.4916782667752075], [-75.2531081574062, 7.494797334609349], [-75.25784505936988, 7.498781194021178], [-75.25730578071739, 7.5031877278212535], [-75.26337387537072, 7.504446040765216], [-75.25833575407928, 7.508828283941461], [-75.25830660407186, 7.517111790411754], [-75.2655212711709, 7.5204203340560944], [-75.26398117030054, 7.5236025615737985], [-75.27504851796635, 7.5301370568076695], [-75.27414431156193, 7.534055207443309], [-75.33223517820733, 7.536109490999878], [-75.33574830065322, 7.548332104629738], [-75.34757892938848, 7.5569890576766765], [-75.35605087635011, 7.568510903424298], [-75.35522067615145, 7.572682149029292], [-75.35819246614749, 7.578833561688218], [-75.35604546200462, 7.584181138957243], [-75.3659071631354, 7.583638758100575], [-75.36600541317468, 7.617971980832624], [-75.37371895141979, 7.621099549131489], [-75.37208209642246, 7.625220709958785], [-75.37566344243227, 7.626921412139484], [-75.37586079294638, 7.631065788949005], [-75.38401023955193, 7.630665282069008], [-75.37938467120993, 7.638551806253215], [-75.38355516808818, 7.644065064638482], [-75.39552007398899, 7.643546533295934], [-75.4015257437479, 7.648855668594121], [-75.40267889468186, 7.646549370082807], [-75.41062712243766, 7.645587120859493], [-75.41041816128345, 7.6485435194051705], [-75.41455866899793, 7.649108485151127], [-75.4188307443228, 7.646864097890411], [-75.42247256617841, 7.63518922157423], [-75.42936825208055, 7.635264683292483], [-75.43465030223425, 7.63867189241916], [-75.43913617393085, 7.633984155064501], [-75.43885227956775, 7.669743465918977], [-75.44340170869997, 7.67402706314872], [-75.44371624443356, 7.6805488753274735], [-75.4483894280093, 7.68444793307515], [-75.44784352188407, 7.692950468023591], [-75.45050002816578, 7.695653052892279], [-75.44845385921023, 7.697461804385982], [-75.44888991175978, 7.703618908957769], [-75.44338641462458, 7.708813028391177], [-75.44200040313476, 7.713776425276394], [-75.44591664201651, 7.7200824682435405], [-75.44448764840742, 7.729778108211752], [-75.44948211817277, 7.735767904417468], [-75.44807759067606, 7.742925064725694], [-75.4553457495869, 7.747259794007898], [-75.4557199181071, 7.744018835685602], [-75.46627688502795, 7.740226142292269], [-75.47101709632102, 7.742234374854337], [-75.47338498833427, 7.740705048577973], [-75.47472868806857, 7.7429302643155955], [-75.48113677671084, 7.7420907489264525], [-75.48522642177512, 7.7361341921830205], [-75.47904217780513, 7.75013238443485], [-75.47958642576434, 7.76571785640813], [-75.47728839666709, 7.773308403160682], [-75.46127810723215, 7.785718282228224], [-75.45434692140454, 7.797536647810767], [-75.4556517714219, 7.809047414690801], [-75.46737727788253, 7.820664501615551], [-75.46683141592396, 7.825932270768087], [-75.45865801118383, 7.833844361093107], [-75.4465002265667, 7.829370773418885], [-75.4329594146645, 7.819234510451755], [-75.42243627067108, 7.819389262791051], [-75.41775845031415, 7.8262871049094604], [-75.41614583739486, 7.839057195739901], [-75.40537832861881, 7.841833867907321], [-75.40740998442918, 7.853284229391154], [-75.40434810295665, 7.857527887650568], [-75.39110983662619, 7.8628674742406295], [-75.37632913723759, 7.863267092122751], [-75.36494957589457, 7.868215378398506], [-75.35451896704542, 7.868817563832109], [-75.34675432491476, 7.87496756612419], [-75.34346465908045, 7.88131971607608], [-75.3443802583454, 7.891579701980627], [-75.34212199129148, 7.899164069305936], [-75.33549744034681, 7.90723809699759], [-75.33555151458735, 7.920558427235228], [-75.33096391675195, 7.925358598370155], [-75.32749092309957, 7.918667900285776], [-75.3261699236213, 7.904039295988333], [-75.31563517743483, 7.905062170747273], [-75.30073045025885, 7.913102933374076], [-75.30088056479185, 7.9066842403503586], [-75.29314868593552, 7.901852695241114], [-75.293363168025, 7.890301003965034], [-75.28704214321566, 7.8886362428878405], [-75.28404636727197, 7.891848159286923], [-75.28150174978788, 7.888895478043873], [-75.25919104083093, 7.884147126893928], [-75.25616449005528, 7.889264625889231], [-75.25892909699105, 7.892889444579281], [-75.25767157399818, 7.896902173264165], [-75.26470180357592, 7.90270744795564], [-75.2625853851978, 7.905025162853577], [-75.25289514434628, 7.905934822448109], [-75.25561939588458, 7.913135931233155], [-75.25196632024699, 7.916627624116078], [-75.25427494761782, 7.918408031964743], [-75.24435113762516, 7.919044843649908], [-75.23998942684705, 7.923820229135648], [-75.24148910077452, 7.9247944492184565], [-75.23435554444058, 7.927175105047643], [-75.23544720015131, 7.935018560034015], [-75.23308267454489, 7.933614448718736], [-75.23077838095733, 7.935592336606663], [-75.23185681184711, 7.944266953867286], [-75.22793285565508, 7.946713712552178], [-75.22980887998374, 7.949910499736032], [-75.22816318605449, 7.95299983063032], [-75.21972672525143, 7.950693080134804], [-75.22086553212421, 7.947986134841686], [-75.21548483280382, 7.944832448839014], [-75.20833649402648, 7.948824176822526], [-75.21012968342876, 7.956302756898365], [-75.20376504590108, 7.957588003974213]]]}}, {"id": "103", "type": "Feature", "properties": {"municipality": "El Bagre"}, "geometry": {"type": "Polygon", "coordinates": [[[-74.78987344732406, 8.00967724197635], [-74.78940668092571, 8.003050475857192], [-74.78569884891671, 7.997620213122913], [-74.79575075507802, 7.992794774395262], [-74.79325257108768, 7.992170225068757], [-74.7952839885538, 7.987502565329415], [-74.79120729366197, 7.987707112820488], [-74.78922132471911, 7.984161539604852], [-74.78910912436322, 7.973160171584961], [-74.77841069977475, 7.969855833258192], [-74.77823117817779, 7.9650423854176], [-74.77443876341914, 7.96799889893441], [-74.75954399890372, 7.963987690993209], [-74.75993109515689, 7.960846044316541], [-74.75546547137824, 7.9549779011554085], [-74.75662114658758, 7.952947052748764], [-74.7497656288877, 7.946271056348801], [-74.73856697315007, 7.945572599809816], [-74.73419110958342, 7.942827400170371], [-74.73349904679306, 7.937409123300086], [-74.72581195484834, 7.934462286070824], [-74.72777416769287, 7.931058303205448], [-74.70360001368019, 7.933028449587066], [-74.6994804221924, 7.9300693068829355], [-74.6999043819392, 7.920669014599144], [-74.69604720867709, 7.919221091784149], [-74.68413231468391, 7.923058308287572], [-74.68029576188172, 7.929811497297966], [-74.66747397201976, 7.923193798347858], [-74.66707462804389, 7.918187737295489], [-74.65591641498054, 7.906855473448612], [-74.6544563135673, 7.9121984775831145], [-74.64974441288857, 7.912995382734153], [-74.64931654490107, 7.905636048758982], [-74.64597471544715, 7.904098394840811], [-74.64543274784971, 7.906836752031327], [-74.6428584060782, 7.906829620678229], [-74.64007013123411, 7.901973316769208], [-74.6341798086834, 7.901595364393839], [-74.63375907159211, 7.9070292934528865], [-74.63096366508775, 7.907827983408115], [-74.62784735578796, 7.914417157130738], [-74.61673739515311, 7.917081306642611], [-74.61650219699526, 7.922168611581654], [-74.61278227859674, 7.925283465074337], [-74.61373254088782, 7.930827314703371], [-74.60326320414079, 7.9319737869654325], [-74.60396224358398, 7.930212943852223], [-74.60084146610298, 7.929180186794064], [-74.60193884509714, 7.936435629707196], [-74.5975167891958, 7.939069066095812], [-74.5979231184004, 7.941746893954048], [-74.5879358268962, 7.945806829937587], [-74.58673045114672, 7.9490665728339245], [-74.58396499302741, 7.948165678057863], [-74.58355096159298, 7.951022545550775], [-74.57370275885359, 7.950905244653576], [-74.56943774959586, 7.960240167045927], [-74.56109131587783, 7.967532968633105], [-74.55862712918027, 7.960312025148716], [-74.54857588825192, 7.950090922897899], [-74.53891570266327, 7.946922179724082], [-74.53661508920229, 7.916082726703451], [-74.52578105904576, 7.910895400922187], [-74.52045062217043, 7.903287836181886], [-74.52376885016662, 7.883561664941133], [-74.52275803283689, 7.863402506305546], [-74.52754520676422, 7.851831359663964], [-74.52682089090212, 7.83768050815725], [-74.51710396594413, 7.8143472630437865], [-74.51722382292887, 7.801741590281404], [-74.52440946493789, 7.790845401919451], [-74.52529909407936, 7.782569428395717], [-74.51358117303342, 7.781025398573952], [-74.51145412259979, 7.741598871076303], [-74.50703841007973, 7.7226270950368265], [-74.50327785144559, 7.721623329949627], [-74.49790020376996, 7.7115319441426715], [-74.48741942937198, 7.71362055817551], [-74.48558156637341, 7.707904633117906], [-74.478844599596, 7.7081989435530955], [-74.47532153529087, 7.70555226388174], [-74.47794338469681, 7.697130210628357], [-74.47646716362073, 7.682159135264838], [-74.48944495302128, 7.675324799406526], [-74.50802527059182, 7.678408697124982], [-74.51730792803302, 7.676469398763359], [-74.52077678597571, 7.671944338432125], [-74.53060667281721, 7.671204665958877], [-74.54156556496618, 7.662471310057464], [-74.54436615227826, 7.655380136900336], [-74.56108381884127, 7.646454135021429], [-74.56412940161478, 7.640252021359726], [-74.5661056104503, 7.617670735443258], [-74.56243369613027, 7.607606298055358], [-74.56662705503486, 7.598101423163647], [-74.56626636061215, 7.5848490089967955], [-74.57062955720775, 7.575419307116551], [-74.57021927939059, 7.554039068974543], [-74.56691253890638, 7.542527018401411], [-74.57005330780214, 7.533369623032272], [-74.5683835369594, 7.518105557696951], [-74.57157361520218, 7.5151101978104515], [-74.58668369126163, 7.514157948191963], [-74.58976027696949, 7.511876211838247], [-74.59280314081376, 7.490587548335338], [-74.58789244967663, 7.4857165299826445], [-74.58791288581517, 7.482272248954824], [-74.5959590993029, 7.472834701824838], [-74.59850962069162, 7.465657040303646], [-74.59766711107663, 7.460068138620768], [-74.58870609740472, 7.44547809412577], [-74.58318390730875, 7.448647800349231], [-74.58251875358661, 7.443816560605605], [-74.58502251773638, 7.440476439864487], [-74.57913820916518, 7.433597997662835], [-74.57004935866848, 7.430398093005963], [-74.56323850274585, 7.4328570849547635], [-74.56126900502407, 7.428264424584655], [-74.56367984825106, 7.423981497701582], [-74.58028691132556, 7.416089714209076], [-74.59096589566518, 7.40164695361366], [-74.5914251512772, 7.396114785027515], [-74.60684360680001, 7.385904729612485], [-74.61104752038223, 7.391196799832215], [-74.6171455467062, 7.385911844895524], [-74.62190298161845, 7.389701483893459], [-74.62570951463684, 7.3862798008583335], [-74.6304574451277, 7.386734508595582], [-74.63158321098999, 7.390952009127981], [-74.63613279209427, 7.393926411812862], [-74.63750688176984, 7.4031596317956865], [-74.64204808539826, 7.404927520146674], [-74.6442432787471, 7.415861593216862], [-74.65176726437564, 7.419665479386007], [-74.66780390815411, 7.419213034141333], [-74.67306567073629, 7.426309710238052], [-74.67658969059717, 7.439782928217623], [-74.68073336135237, 7.4403404126319765], [-74.68057526936747, 7.4347489523834565], [-74.683321075451, 7.432710397795742], [-74.69465376402032, 7.437261779182656], [-74.69823163267222, 7.434258033990771], [-74.70425576391605, 7.437869186224954], [-74.70450538304026, 7.442553695949886], [-74.70785859401846, 7.444700420037087], [-74.7135499004006, 7.440390336221221], [-74.71820944989648, 7.442869880036182], [-74.71974044389904, 7.438301857035147], [-74.72657167610814, 7.43989109610478], [-74.72940068784612, 7.441397129215707], [-74.72910946585019, 7.448220041963255], [-74.7379293272895, 7.454502112193178], [-74.74361231318186, 7.454601958806293], [-74.74284681577363, 7.458371204346578], [-74.75188301273471, 7.45510951704864], [-74.75814889539082, 7.460469138440177], [-74.75936335694696, 7.4645562748362835], [-74.75720885417638, 7.469022928883818], [-74.76412194982056, 7.472695509416748], [-74.75786279519437, 7.4730983857576705], [-74.7606829178217, 7.4885185601386555], [-74.76969213104424, 7.488833854439394], [-74.77064401037605, 7.492876119845387], [-74.77670735219223, 7.49245515101946], [-74.78002080123494, 7.495361205596998], [-74.77843197524258, 7.502164644224713], [-74.78253304766297, 7.512668549886182], [-74.77614039878097, 7.530945712307687], [-74.78721358804802, 7.544054769599177], [-74.80124093101458, 7.554793092616299], [-74.80454084117031, 7.559563259832035], [-74.8059766106516, 7.569526521290641], [-74.81743372570362, 7.579066856180808], [-74.81933136174987, 7.58796667143892], [-74.82717285514515, 7.589167911095032], [-74.81611252099407, 7.594892543737602], [-74.81048512042182, 7.606098728265392], [-74.79665036720742, 7.615476187660491], [-74.78964901396908, 7.616783537048039], [-74.77820856217635, 7.641521338946345], [-74.7709956058943, 7.64854974169567], [-74.77062650025428, 7.6639445596623395], [-74.76341380624646, 7.677769548705726], [-74.76939910582502, 7.702034963885935], [-74.76612937980754, 7.709209047375537], [-74.7579464415575, 7.716070989447505], [-74.76198186411152, 7.7253110665602], [-74.77846155956964, 7.724366018572932], [-74.78224864842315, 7.722058586399437], [-74.78274915098352, 7.72857375707227], [-74.78873995535163, 7.737721829416511], [-74.8060000341146, 7.785583997058061], [-74.80503419973955, 7.790049742272075], [-74.7899292441713, 7.803978642785277], [-74.79092154010296, 7.811365738797629], [-74.80095475867128, 7.819230606897656], [-74.8023145733685, 7.824559608721435], [-74.79665480812847, 7.830476633241499], [-74.78474725065031, 7.826323687657751], [-74.78085156876453, 7.831542433234589], [-74.78460024368924, 7.838084239866533], [-74.79621378817058, 7.840914123169774], [-74.80587949038353, 7.857158384186676], [-74.80286584931184, 7.868404408311086], [-74.80861165508699, 7.8825992816003465], [-74.80163457021179, 7.889638385781527], [-74.80065777903866, 7.893871148862061], [-74.80282842708446, 7.897933361778183], [-74.81185212330145, 7.902584751420626], [-74.81227074768105, 7.907391185784658], [-74.80684412686685, 7.917934334725942], [-74.81058074338614, 7.926337848383774], [-74.81991453061752, 7.936338332983757], [-74.81968426505723, 7.942331808044593], [-74.81440155404458, 7.953193310701605], [-74.81839085840392, 7.969197274694179], [-74.81581962656131, 7.974355322253155], [-74.80573728465451, 7.977518713356075], [-74.80363355111083, 7.981741764842571], [-74.81295231493078, 7.997574315179964], [-74.80979975683212, 8.006219225616157], [-74.80492829742144, 8.009184177326079], [-74.78987344732406, 8.00967724197635]]]}}, {"id": "104", "type": "Feature", "properties": {"municipality": "Apartad\u00f3"}, "geometry": {"type": "Polygon", "coordinates": [[[-76.42452760460357, 8.072863025965225], [-76.42370952804147, 8.060205574817044], [-76.42932921813235, 8.057642341801586], [-76.42927785191152, 8.043753110590801], [-76.42712302650733, 8.03985014578983], [-76.42877673554523, 8.035635367682202], [-76.42249396413264, 8.027723997906149], [-76.42764859612528, 8.019794602401456], [-76.41266969991982, 8.010344857263599], [-76.41157371106789, 8.006952016609324], [-76.41690540087018, 7.98232608009814], [-76.41549251228697, 7.954524621837951], [-76.42293247605431, 7.950497502605681], [-76.4192083757312, 7.926827489014089], [-76.42252966305921, 7.919407320557243], [-76.42111738510508, 7.911825226658394], [-76.42553273115911, 7.907706361163679], [-76.4326438042227, 7.908794301395856], [-76.43816257234367, 7.904778899227065], [-76.44808653523455, 7.887468704738501], [-76.44812779901577, 7.879690461428436], [-76.46168298166825, 7.8752339646015], [-76.46441064006699, 7.870045645884589], [-76.48019330813813, 7.881937897096621], [-76.48464765870399, 7.881062252585416], [-76.49122329893483, 7.873872413566333], [-76.5146312467981, 7.881629460096929], [-76.51695835966989, 7.864299845160013], [-76.51356762753078, 7.862396273855493], [-76.51957576651812, 7.852997403741444], [-76.5209737003088, 7.845204668159081], [-76.51734502201515, 7.835419134811185], [-76.52499562353283, 7.817782018136258], [-76.52956418897453, 7.813242004663425], [-76.53029230398485, 7.800949708606756], [-76.54535429185947, 7.790342070066247], [-76.54482129322341, 7.7813477079528965], [-76.54946600105926, 7.7714301135574075], [-76.55993562922987, 7.76981208069718], [-76.56817570154533, 7.77573812804815], [-76.58833792413178, 7.780951104578168], [-76.59278751596904, 7.786977089805966], [-76.5971776222215, 7.783693434348401], [-76.60783165873902, 7.785840898359476], [-76.61154361778897, 7.789094811304832], [-76.6194315311266, 7.787435135777618], [-76.62326246277519, 7.79148616901879], [-76.62102577020228, 7.792247596219902], [-76.62463065271409, 7.802265126758608], [-76.6285924560316, 7.804983661287144], [-76.64068606581226, 7.798969574676593], [-76.64692620262258, 7.801491801998216], [-76.65602764082108, 7.788285793874014], [-76.6717773947155, 7.797640247163391], [-76.68087122315323, 7.79950721989223], [-76.69284397674993, 7.811678901370061], [-76.70214180157346, 7.811802430045425], [-76.71076605162627, 7.840199309981947], [-76.72061173732988, 7.842729523241175], [-76.72388023597046, 7.853343848180644], [-76.73162859282618, 7.863118515116097], [-76.74561808288313, 7.876775432064068], [-76.75303439630883, 7.8794108963752585], [-76.7524015116219, 7.889349503367721], [-76.74876483799721, 7.893895343874023], [-76.74684990170637, 7.904373511680326], [-76.74133413847454, 7.903744116110618], [-76.73746273683656, 7.90664643341339], [-76.74004250298964, 7.916635922982264], [-76.72116375052633, 7.91488649105983], [-76.6885946153325, 7.92504417838158], [-76.6800267322952, 7.931690683342617], [-76.66301044181651, 7.91611772856069], [-76.65297380980444, 7.915608968894833], [-76.64233756955707, 7.923292590643707], [-76.62572028180219, 7.923347219295624], [-76.62395374963316, 7.930090850323784], [-76.61731090277969, 7.927371224633766], [-76.61481852208851, 7.937249228071898], [-76.61178946789838, 7.93855317307759], [-76.60592171674917, 7.9358834177501345], [-76.59487633921952, 7.9475452837221106], [-76.59275393827777, 7.942282282068294], [-76.59005187935534, 7.945066910439284], [-76.58570027082393, 7.940119455351292], [-76.57881487475112, 7.942931342903908], [-76.57733068594948, 7.9501083934066115], [-76.57127199963466, 7.9535560153264], [-76.56722448587786, 7.951729926280779], [-76.56211399116766, 7.95476930136241], [-76.55696491204134, 7.951156501797325], [-76.55136938010853, 7.952117374922724], [-76.54122164471659, 7.962552414625043], [-76.53331302090233, 7.963673686629173], [-76.42452760460357, 8.072863025965225]]]}}, {"id": "105", "type": "Feature", "properties": {"municipality": "Caucasia"}, "geometry": {"type": "Polygon", "coordinates": [[[-74.9130366067645, 8.03080285869927], [-74.91127513072857, 8.027417792225268], [-74.91482228868945, 8.02455557731067], [-74.9250084080502, 8.0269241740865], [-74.9309432955789, 8.02531322414705], [-74.93463968728825, 8.028822117245722], [-74.95049349261963, 7.98674131120565], [-74.93983159138132, 7.98750827757193], [-74.93274471861237, 7.980720141235369], [-74.92683877140058, 7.962339842877259], [-74.92366420817146, 7.959826260429574], [-74.91781547317676, 7.961657919177063], [-74.91151053542085, 7.942261690873853], [-74.90753999220343, 7.936214285382881], [-74.8966877321483, 7.932206596630707], [-74.89433352287902, 7.920309686234606], [-74.9021511367049, 7.913182979335604], [-74.90008313057969, 7.908614276429643], [-74.89534898658076, 7.911369498201419], [-74.89772878521867, 7.907647085342024], [-74.90063672022318, 7.906444460415641], [-74.90737523904775, 7.91117860374872], [-74.90744523327562, 7.905260923822824], [-74.90891510926555, 7.907316203914847], [-74.91146034661661, 7.905400911606651], [-74.91199484743873, 7.9085570084203365], [-74.91421556818203, 7.905171843243644], [-74.91765800320726, 7.905833603637629], [-74.92022869372225, 7.900755855296844], [-74.92325116467342, 7.902792045678482], [-74.92622273111012, 7.900354976758234], [-74.92292664705036, 7.898140618967419], [-74.92568186662935, 7.898649669073539], [-74.92812923207954, 7.894491183971028], [-74.9309108520131, 7.888539809133169], [-74.92907184099138, 7.88699189895043], [-74.93567472165361, 7.885383918180554], [-74.93264358913054, 7.878425248278556], [-74.9340436396364, 7.874978258324028], [-74.94558135530767, 7.862664278734568], [-74.94450474844983, 7.859411352409618], [-74.94195878016355, 7.859314321147293], [-74.94201422770891, 7.854633620649821], [-74.93320436981834, 7.850688387639029], [-74.9345590109927, 7.844943752190003], [-74.93028930132891, 7.850301925449157], [-74.92429804529559, 7.84844908218811], [-74.92765755391194, 7.84538067709583], [-74.92239406097598, 7.840239134420672], [-74.92653640613962, 7.840077844597402], [-74.92368829768522, 7.836136126335727], [-74.9258243786542, 7.834672733342244], [-74.91902274962538, 7.831191275283536], [-74.92106441874435, 7.828028458271008], [-74.91849954773792, 7.826340836412506], [-74.92175677667342, 7.823056070113829], [-74.92086379317135, 7.820990799844451], [-74.91783472714056, 7.821718562325927], [-74.9208362560121, 7.819185160875144], [-74.92188659381615, 7.811171904549339], [-74.92552147322169, 7.812100293966353], [-74.82387217527616, 7.767796943178868], [-74.81406831985348, 7.7710549766554955], [-74.81197708015637, 7.779190895431652], [-74.80580070357782, 7.7840732879937855], [-74.78253182516102, 7.725707770045258], [-74.79122288115626, 7.712832060104992], [-74.79012099560163, 7.696356132303757], [-74.79395060169328, 7.691995938605424], [-74.79864266198531, 7.690738156069256], [-74.8039938877853, 7.683226567825632], [-74.80629890409766, 7.684949828944682], [-74.81401867542927, 7.680809941233553], [-74.82343302894961, 7.682925054367197], [-74.82902758075272, 7.680226483633021], [-74.82865015833623, 7.678325357437792], [-74.83158729863275, 7.6794828171273295], [-74.83302680129462, 7.675820246220309], [-74.8357991394528, 7.675999563367035], [-74.83594763761805, 7.671165793161806], [-74.84038504416868, 7.671420329239011], [-74.84233174512985, 7.66797145987366], [-74.85366729426892, 7.67338126403488], [-74.85152649010224, 7.681514127819877], [-74.8574733902733, 7.683593170877007], [-74.8576568406496, 7.686354359919031], [-74.86150370537123, 7.684533132692447], [-74.86488635293415, 7.6869114568712], [-74.86393828624942, 7.6887886536552035], [-74.87554474093139, 7.68887631558549], [-74.87733407500154, 7.6947404752337], [-74.88175160522361, 7.689337421380855], [-74.88499643888092, 7.689779144386131], [-74.8826153750782, 7.686545593068615], [-74.88703175119406, 7.685676113187253], [-74.88611796004481, 7.683306729197115], [-74.89004721074325, 7.6805129365645595], [-74.89588047936886, 7.68058756361503], [-74.89385863201683, 7.684150930392623], [-74.89548617884942, 7.686937080322705], [-74.902078788853, 7.68103261494512], [-74.90488670489447, 7.684098730645567], [-74.90264110861087, 7.677927725971622], [-74.9041902789022, 7.6755062937049505], [-74.90210080780321, 7.67566100881319], [-74.90062398274188, 7.671474950113526], [-74.90307796421637, 7.668237260772326], [-74.90613431159207, 7.669620026789971], [-74.9098699168395, 7.663311914706491], [-74.91411460716058, 7.663587156204222], [-74.91519588538677, 7.657377450757231], [-74.90830681258468, 7.654916114309478], [-74.91426462012441, 7.652109670731267], [-74.9148575147838, 7.648753542255736], [-74.91890478584348, 7.648693041059377], [-74.92083271237588, 7.646323450958593], [-74.91939151890816, 7.643795381611301], [-74.9224321118989, 7.642724939324586], [-74.92110925657518, 7.640016215226217], [-74.92445481142174, 7.642454553684411], [-74.92576104808457, 7.633475793299646], [-74.93237914908191, 7.63739183624356], [-74.93636360096336, 7.628144329387444], [-74.93507580617971, 7.624393627548233], [-74.93898384861984, 7.62017751110335], [-74.94113921657699, 7.622864570239574], [-74.94156949057566, 7.620067792249242], [-74.9456202412258, 7.6202570619845265], [-74.94729118621096, 7.614829562801015], [-74.95120243991639, 7.619881097825284], [-74.95623516830881, 7.615720861643535], [-74.95802797013786, 7.617458369567136], [-74.95626805766958, 7.621275733301352], [-74.96423205064377, 7.615801163783054], [-74.96648777642125, 7.621198666592435], [-74.96914686928531, 7.6187460676193], [-74.97356222881848, 7.6215376380289115], [-74.97641788704836, 7.613995025308237], [-74.97342495039858, 7.607815226889072], [-74.98105377038668, 7.604619635334406], [-74.98528617914853, 7.608013324792357], [-74.98786416020826, 7.607208002653033], [-74.98984576436953, 7.59919317420281], [-74.9877217893066, 7.597552903050414], [-74.99197206284734, 7.5973932714145], [-74.99074727170624, 7.591850959432978], [-74.99380130068104, 7.592307403269503], [-74.99769454104212, 7.586244108876147], [-75.00307768790277, 7.588231340354262], [-75.00380137313319, 7.578150810556704], [-75.00958059606087, 7.580211765672387], [-75.01429526526437, 7.576595515449223], [-75.0164680030183, 7.5780739272654705], [-75.01365242489064, 7.581419944110505], [-75.02009442526987, 7.579363843908823], [-75.02154515821614, 7.588437565762057], [-75.03226819674143, 7.597690563813711], [-75.04261829399076, 7.611919199990571], [-75.04265570869903, 7.61648361981637], [-75.03882097457821, 7.618539806437984], [-75.04142183824315, 7.625827371560082], [-75.03567964894961, 7.633549720681451], [-75.03629684006677, 7.640039188328976], [-75.03966693895455, 7.641655985960267], [-75.03477724557419, 7.649483917418456], [-75.03852987504796, 7.654284571959767], [-75.04393781711796, 7.653709795689797], [-75.04275004018523, 7.6584467659834825], [-75.03636875390004, 7.662565857260221], [-75.04056824004634, 7.6707074767093895], [-75.02842532273927, 7.6855261538723125], [-75.03024737980947, 7.688832911727174], [-75.02803070529208, 7.699131625285612], [-75.03101686775652, 7.6996444058632525], [-75.02724827518145, 7.705485696111061], [-75.0298688587693, 7.713032236696011], [-75.04039887798935, 7.715717208264976], [-75.0349697017739, 7.719580709943663], [-75.03732189837635, 7.727439249177435], [-75.03459875975197, 7.7323576909185014], [-75.02893621800561, 7.733385032682448], [-75.03392599835722, 7.748145474711941], [-75.02883909435482, 7.751983763444348], [-75.0328156083155, 7.754888687428167], [-75.03370903621428, 7.771498480578916], [-75.04286929966801, 7.768206076941615], [-75.0596756396835, 7.774969542884985], [-75.06881367182359, 7.772242429647433], [-75.08028261842709, 7.7794514780838755], [-75.08805511701435, 7.7795384406311054], [-75.09081309433601, 7.783939680006411], [-75.10108024680746, 7.782579870165862], [-75.1013749817129, 7.787069428651517], [-75.10410030754625, 7.784726110054778], [-75.1100601555476, 7.785174880143806], [-75.11230955202988, 7.786405506779682], [-75.11723527718873, 7.804423616958939], [-75.11990635987806, 7.800753509230937], [-75.12663972293598, 7.799375102805565], [-75.13169227278041, 7.801864088107576], [-75.13519560318565, 7.797241218915769], [-75.14394997333987, 7.804854433262355], [-75.14655607043157, 7.799724256876279], [-75.1433968383574, 7.796689634999529], [-75.1467998329078, 7.7937102303880055], [-75.15424586875103, 7.794289059634638], [-75.16590513864801, 7.801325706141926], [-75.1660181150239, 7.805610037740361], [-75.17390761690257, 7.812937347748265], [-75.17064547996127, 7.835965505395024], [-75.17873262039126, 7.838667542681111], [-75.17805487872118, 7.841120398259885], [-75.18478851918643, 7.849004679866609], [-75.18421482667252, 7.851134047917712], [-75.176618198936, 7.852366645550003], [-75.17244095560287, 7.862448480610139], [-75.17685360201733, 7.8665813113520775], [-75.17377431689744, 7.867205823351884], [-75.1746364069413, 7.871347371711439], [-75.16813731184804, 7.878219783963327], [-75.16427359389323, 7.888174404235893], [-75.17175851490921, 7.9029900197875005], [-75.16979230873314, 7.91731068099317], [-75.17841643225626, 7.9287370170537965], [-75.18110888497823, 7.940556582355911], [-75.19750620781159, 7.948356489225974], [-75.2038071172757, 7.957634638062523], [-75.21056384666562, 7.955613829691071], [-75.20794083728576, 7.950209723430357], [-75.21042884305483, 7.94579029375331], [-75.21548483280382, 7.944832448839014], [-75.22086553212421, 7.947986134841686], [-75.21972672525143, 7.950693080134804], [-75.22816318605449, 7.95299983063032], [-75.22980887998374, 7.949910499736032], [-75.22793285565508, 7.946713712552178], [-75.23185681184711, 7.944266953867286], [-75.23077838095733, 7.935592336606663], [-75.23308267454489, 7.933614448718736], [-75.23544720015131, 7.935018560034015], [-75.23435554444058, 7.927175105047643], [-75.24148910077452, 7.9247944492184565], [-75.23998942684705, 7.923820229135648], [-75.24435113762516, 7.919044843649908], [-75.25410335562768, 7.91861455289249], [-75.25196632024699, 7.916627624116078], [-75.25561939588458, 7.913135931233155], [-75.25308938384994, 7.905659758664451], [-75.26451068476591, 7.903621758178502], [-75.25767157399818, 7.896902173264165], [-75.25892909699105, 7.892889444579281], [-75.25616449005528, 7.889264625889231], [-75.25919104083093, 7.884147126893928], [-75.28150174978788, 7.888895478043873], [-75.28404636727197, 7.891848159286923], [-75.28704214321566, 7.8886362428878405], [-75.293363168025, 7.890301003965034], [-75.29314868593552, 7.901852695241114], [-75.30088056479185, 7.9066842403503586], [-75.30073045025885, 7.913102933374076], [-75.31563517743483, 7.905062170747273], [-75.3261699236213, 7.904039295988333], [-75.32749092309957, 7.918667900285776], [-75.33096391675195, 7.925358598370155], [-75.32860628210278, 7.934870391266138], [-75.33734567735198, 7.938782705973219], [-75.33815007278386, 7.944473625377623], [-75.33671572624715, 7.94810017239291], [-75.32899728403055, 7.946493073883384], [-75.32679788008524, 7.943513757394941], [-75.32117952668186, 7.948163427565823], [-75.31790463835723, 7.948425471214898], [-75.31515258889192, 7.944828928317072], [-75.30928456983638, 7.947435993016645], [-75.3014735379446, 7.957923719165993], [-75.29179049383205, 7.960168666713219], [-75.28831643799263, 7.964893968657006], [-75.28994278086618, 7.9678636252126465], [-75.28704037582918, 7.974361208374341], [-75.27899594064121, 7.981019123820378], [-75.27422378202961, 7.992120006132153], [-75.26834415026775, 7.992314034426572], [-75.26685873687639, 7.999321801715188], [-75.25155650185651, 8.001236221269489], [-75.2433386124413, 8.008969411764602], [-75.24116105235717, 8.02192696181269], [-75.236282768818, 8.02543376469373], [-75.23581608539425, 8.029131049106752], [-75.24783870263248, 8.037742559238435], [-75.24705961432703, 8.042105460932405], [-75.23315008320017, 8.050422244152728], [-75.22713996393522, 8.062620556951815], [-75.22003216297227, 8.06813678916327], [-75.21500382164629, 8.060175663136407], [-75.20902344005545, 8.056935140700894], [-75.19559912482467, 8.056215225792577], [-75.19342107815189, 8.04768706986768], [-75.1885592931354, 8.04450744095757], [-75.1790836670615, 8.049874439879359], [-75.15913972440059, 8.055540666883891], [-75.1525795226842, 8.050528993084438], [-75.13442801688277, 8.05402312579742], [-75.13049041971038, 8.051114123359675], [-75.13100471883781, 8.043688940052368], [-75.12550815435208, 8.040137066238758], [-75.11509683233982, 8.048978159327923], [-75.10075085888141, 8.055701064349456], [-75.09651336294773, 8.062057305696017], [-75.09540412707321, 8.070047568797216], [-75.09299764817057, 8.070596874157001], [-75.08857705089025, 8.063612852623303], [-75.08195923369045, 8.063612852568752], [-75.08089259363612, 8.053219657021469], [-75.05805863987455, 8.04861908500831], [-75.04740590841888, 8.042404003317875], [-75.04255634231114, 8.050558416671047], [-75.02386950498556, 8.055088398602988], [-75.01343621754714, 8.070625152170525], [-75.00297713472072, 8.075173510657763], [-74.98991255218613, 8.07483349067542], [-74.97658633596672, 8.08188075329558], [-74.96835927821976, 8.090578644658716], [-74.95443507739414, 8.078604633977898], [-74.9450783363562, 8.079178623816192], [-74.94294240122218, 8.076874652960825], [-74.92792783811285, 8.074597632229072], [-74.92184234179388, 8.088830641897507], [-74.91342161603973, 8.09964730766271], [-74.9130366067645, 8.03080285869927]]]}}, {"id": "106", "type": "Feature", "properties": {"municipality": "Nech\u00ed"}, "geometry": {"type": "Polygon", "coordinates": [[[-74.83385996537936, 8.201932673115273], [-74.8240806689518, 8.19827577690273], [-74.81970735955966, 8.189736604600986], [-74.81645024308607, 8.190049976999516], [-74.81598429198682, 8.185963383005337], [-74.81081716639098, 8.180570030709623], [-74.81236595539131, 8.167525408906245], [-74.79863011413214, 8.15951352272012], [-74.79549853201722, 8.147770459597476], [-74.78913122534614, 8.141558202259771], [-74.78750736826281, 8.134014465413317], [-74.77356100105466, 8.121778832591856], [-74.76223752776093, 8.124707946284058], [-74.7606982051085, 8.130456260618931], [-74.75044956034095, 8.126319576801409], [-74.73825826396846, 8.116521690804625], [-74.72858598864933, 8.118374936142207], [-74.72534430305022, 8.116498410858794], [-74.7227255657303, 8.104842566568076], [-74.71808106584494, 8.098132567298062], [-74.71119873200873, 8.099368426903085], [-74.70761282240446, 8.091239208244886], [-74.7035930128954, 8.08861547286288], [-74.69112210401984, 8.090251549910068], [-74.67974616720112, 8.078752323142103], [-74.67394269219145, 8.077895070728466], [-74.66817369566981, 8.066909973192448], [-74.66768108941079, 8.060034019103192], [-74.65025860068174, 8.051513439579654], [-74.64289593511653, 8.057257268022745], [-74.630918953979, 8.054645816963637], [-74.62568016080284, 8.03581628033894], [-74.61463070632472, 8.03182273765965], [-74.6025708888662, 8.037378417876528], [-74.60386017042023, 8.032210018254068], [-74.59767040171026, 8.024774018624953], [-74.59711608795132, 8.017566885139473], [-74.59117025162612, 8.004327611213705], [-74.57916357396209, 7.995126657615573], [-74.57885172732708, 7.988585184216322], [-74.57410597535893, 7.979395865965404], [-74.56867382178119, 7.97665234486339], [-74.56109131587783, 7.967532968633105], [-74.56943774959586, 7.960240167045927], [-74.57370275885359, 7.950905244653576], [-74.58355096159298, 7.951022545550775], [-74.58396499302741, 7.948165678057863], [-74.58673045114672, 7.9490665728339245], [-74.5879358268962, 7.945806829937587], [-74.5979231184004, 7.941746893954048], [-74.5975167891958, 7.939069066095812], [-74.60193884509714, 7.936435629707196], [-74.60084146610298, 7.929180186794064], [-74.60396224358398, 7.930212943852223], [-74.60326320414079, 7.9319737869654325], [-74.61373254088782, 7.930827314703371], [-74.61278227859674, 7.925283465074337], [-74.61650219699526, 7.922168611581654], [-74.61673739515311, 7.917081306642611], [-74.62615727599751, 7.915700759064466], [-74.63096366508775, 7.907827983408115], [-74.63363071081011, 7.907286016426149], [-74.6341798086834, 7.901595364393839], [-74.63862964039653, 7.901609629257695], [-74.6428584060782, 7.906829620678229], [-74.64543274784971, 7.906836752031327], [-74.64597471544715, 7.904098394840811], [-74.64931654490107, 7.905636048758982], [-74.64974441288857, 7.912995382734153], [-74.6544563135673, 7.9121984775831145], [-74.65627475466607, 7.907074753997985], [-74.6672885618243, 7.918494376602322], [-74.66747397201976, 7.923193798347858], [-74.68029576188172, 7.929811497297966], [-74.68413231468391, 7.923058308287572], [-74.69604720867709, 7.919221091784149], [-74.6999043819392, 7.920669014599144], [-74.6994804221924, 7.9300693068829355], [-74.70360001368019, 7.933028449587066], [-74.72820318199743, 7.931255228116802], [-74.72581195484834, 7.934462286070824], [-74.73349904679306, 7.937409123300086], [-74.73419110958342, 7.942827400170371], [-74.73856697315007, 7.945572599809816], [-74.7497656288877, 7.946271056348801], [-74.75662114658758, 7.952947052748764], [-74.75546547137824, 7.9549779011554085], [-74.75993109515689, 7.960846044316541], [-74.75954399890372, 7.963987690993209], [-74.77443876341914, 7.96799889893441], [-74.77823117817779, 7.9650423854176], [-74.77841069977475, 7.969855833258192], [-74.78910912436322, 7.973160171584961], [-74.78922132471911, 7.984161539604852], [-74.79120729366197, 7.987707112820488], [-74.7952839885538, 7.987502565329415], [-74.79325257108768, 7.992170225068757], [-74.79575075507802, 7.992794774395262], [-74.78569884891671, 7.997620213122913], [-74.78940668092571, 8.003050475857192], [-74.78987344732406, 8.00967724197635], [-74.80902400469294, 8.007047575084774], [-74.81295231493078, 7.997574315179964], [-74.80363355111083, 7.981741764842571], [-74.80573728465451, 7.977518713356075], [-74.81370030878367, 7.9758357270273335], [-74.81801686055047, 7.970849095677469], [-74.81440155404458, 7.953193310701605], [-74.82006957695775, 7.9372220978937476], [-74.81724773423554, 7.931485383171072], [-74.81058074338614, 7.926337848383774], [-74.80684412686685, 7.917934334725942], [-74.81227074768105, 7.907391185784658], [-74.81185212330145, 7.902584751420626], [-74.80082832992255, 7.894940968851884], [-74.80163457021179, 7.889638385781527], [-74.80861165508699, 7.8825992816003465], [-74.80286584931184, 7.868404408311086], [-74.80587949038353, 7.857158384186676], [-74.79621378817058, 7.840914123169774], [-74.78460024368924, 7.838084239866533], [-74.78088832066327, 7.830880902216507], [-74.78474725065031, 7.826323687657751], [-74.7936411672131, 7.830733894985875], [-74.8010282631251, 7.826654454325803], [-74.80238807577048, 7.821582718356648], [-74.79092154010296, 7.811365738797629], [-74.79037026429654, 7.802692333449129], [-74.80503419973955, 7.790049742272075], [-74.80580070357782, 7.7840732879937855], [-74.81197708015637, 7.779190895431652], [-74.81406831985348, 7.7710549766554955], [-74.82283946380905, 7.7677143248050395], [-74.92548606791905, 7.812029484673974], [-74.92188659381615, 7.811171904549339], [-74.9208362560121, 7.819185160875144], [-74.91783472714056, 7.821718562325927], [-74.92086379317135, 7.820990799844451], [-74.92175677667342, 7.823056070113829], [-74.91849954773792, 7.826340836412506], [-74.92106441874435, 7.828028458271008], [-74.91902274962538, 7.831191275283536], [-74.9258243786542, 7.834672733342244], [-74.92368829768522, 7.836136126335727], [-74.92653640613962, 7.840077844597402], [-74.92239406097598, 7.840239134420672], [-74.92765755391194, 7.84538067709583], [-74.92429804529559, 7.84844908218811], [-74.93028930132891, 7.850301925449157], [-74.9345590109927, 7.844943752190003], [-74.93320436981834, 7.850688387639029], [-74.94201422770891, 7.854633620649821], [-74.94195878016355, 7.859314321147293], [-74.94450474844983, 7.859411352409618], [-74.94558135530767, 7.862664278734568], [-74.9340436396364, 7.874978258324028], [-74.93264358913054, 7.878425248278556], [-74.93567472165361, 7.885383918180554], [-74.92907184099138, 7.88699189895043], [-74.9309108520131, 7.888539809133169], [-74.92812923207954, 7.894491183971028], [-74.92568186662935, 7.898649669073539], [-74.92292664705036, 7.898140618967419], [-74.92622273111012, 7.900354976758234], [-74.92325116467342, 7.902792045678482], [-74.92022869372225, 7.900755855296844], [-74.91765800320726, 7.905833603637629], [-74.91421556818203, 7.905171843243644], [-74.91199484743873, 7.9085570084203365], [-74.91146034661661, 7.905400911606651], [-74.90891510926555, 7.907316203914847], [-74.90744523327562, 7.905260923822824], [-74.90737523904775, 7.91117860374872], [-74.90063672022318, 7.906444460415641], [-74.89772878521867, 7.907647085342024], [-74.89534898658076, 7.911369498201419], [-74.90008313057969, 7.908614276429643], [-74.9021511367049, 7.913182979335604], [-74.89433352287902, 7.920309686234606], [-74.8966877321483, 7.932206596630707], [-74.90753999220343, 7.936214285382881], [-74.91151053542085, 7.942261690873853], [-74.91781547317676, 7.961657919177063], [-74.92366420817146, 7.959826260429574], [-74.92683877140058, 7.962339842877259], [-74.93274471861237, 7.980720141235369], [-74.93983159138132, 7.98750827757193], [-74.95049349261963, 7.98674131120565], [-74.93463968728825, 8.028822117245722], [-74.93002493768296, 8.02520225613992], [-74.9250084080502, 8.0269241740865], [-74.91482228868945, 8.02455557731067], [-74.91127513072857, 8.027417792225268], [-74.9130366067645, 8.03080285869927], [-74.91342161603973, 8.09964730766271], [-74.91120389985731, 8.103972838754794], [-74.9030500171624, 8.106022133642185], [-74.89393909234039, 8.115603250169647], [-74.89274594904069, 8.124300118364737], [-74.88599663995957, 8.130428407964141], [-74.87498828615654, 8.155276093580541], [-74.86711042640908, 8.159158406862879], [-74.8655413246733, 8.16331571685603], [-74.87025644260055, 8.166521740156371], [-74.86641562605637, 8.178433611969496], [-74.86787587832191, 8.196067861730894], [-74.86083810277404, 8.201150697852853], [-74.83385996537936, 8.201932673115273]]]}}, {"id": "107", "type": "Feature", "properties": {"municipality": "San Pedro De Urab\u00e1"}, "geometry": {"type": "Polygon", "coordinates": [[[-76.28288499820489, 8.59681450411859], [-76.27654468982949, 8.59009294345157], [-76.2653417073304, 8.590249856569152], [-76.26462799580315, 8.593773844657207], [-76.26265085422607, 8.59171822081818], [-76.26060448114401, 8.59515295473221], [-76.25818173513066, 8.593042383719506], [-76.25481459717949, 8.594491086606547], [-76.26544227251205, 8.58419024979536], [-76.25043415821386, 8.573999942426648], [-76.24406345007519, 8.572086904114665], [-76.22281107105047, 8.573270137997342], [-76.22385997079307, 8.561772592820846], [-76.23657715057844, 8.560034927052552], [-76.23722938167504, 8.556331576670242], [-76.2340285489304, 8.549584206671188], [-76.22907090939525, 8.546454997904075], [-76.22810509380723, 8.541774631589707], [-76.20999637012869, 8.522922530662475], [-76.20968197691059, 8.476781851395234], [-76.21866846293251, 8.443560472370704], [-76.21276793316682, 8.437247093716218], [-76.21187008473683, 8.430029113353763], [-76.2032600196939, 8.423551191378435], [-76.1969403176044, 8.423434105948163], [-76.18870460025514, 8.407264106618923], [-76.18071088683261, 8.399909169857464], [-76.18042895088533, 8.396064369380854], [-76.18382890368459, 8.392747099588943], [-76.19429732202794, 8.391364113646363], [-76.19987967788713, 8.387394964265033], [-76.22600215509446, 8.381236335098794], [-76.2372427287118, 8.37012901193526], [-76.24287729326971, 8.369986244744704], [-76.2501685555818, 8.362380297815646], [-76.26821438828513, 8.351430016899911], [-76.28802482883601, 8.328230272442465], [-76.29474539710888, 8.315085569884419], [-76.30343039782707, 8.31117906156742], [-76.29975422020182, 8.298894152297034], [-76.30308546639657, 8.293868728895895], [-76.30327582330831, 8.2845222069107], [-76.3089103861483, 8.282961280134218], [-76.31412616510775, 8.271254333209447], [-76.32411990057722, 8.264744126437378], [-76.3242150803111, 8.253741498843636], [-76.32838389450447, 8.246431793930666], [-76.32804125298061, 8.242091657297209], [-76.33407556623114, 8.237085272416243], [-76.33321895968142, 8.230137244715877], [-76.34305936564478, 8.210933619033561], [-76.3508417046214, 8.20442580944695], [-76.35335616135828, 8.194239020650576], [-76.35300089487662, 8.181584660882484], [-76.34958237490498, 8.172130406261092], [-76.33252030398822, 8.155661365597767], [-76.33114775853173, 8.15145939067349], [-76.33533407008137, 8.14774783095284], [-76.34926511672296, 8.15516198468119], [-76.35293144700739, 8.147706281967535], [-76.35733513187832, 8.146242277951911], [-76.36815124278195, 8.152946083932905], [-76.37201763653258, 8.146425502267801], [-76.37485222608683, 8.11154444608451], [-76.38372664666669, 8.106646580706181], [-76.40167998799775, 8.10214851681001], [-76.39936484165052, 8.117229367725843], [-76.40240629956625, 8.121893302033055], [-76.39956941273772, 8.131582868055256], [-76.4023215715464, 8.136470680674513], [-76.39986090264166, 8.147633024988204], [-76.40428925695845, 8.148829659406754], [-76.40877272401548, 8.15439601290033], [-76.41266939181332, 8.165073824100677], [-76.41075748522645, 8.166824546037482], [-76.41055493198695, 8.190839982179238], [-76.40587044616592, 8.19506985894085], [-76.39823185416927, 8.196447400976199], [-76.39928124119571, 8.201733262396848], [-76.39455278771534, 8.21680705456124], [-76.39559199854412, 8.222435684872304], [-76.40135908577379, 8.222321796600475], [-76.40647931489057, 8.230978483779213], [-76.40915748832785, 8.231431618326082], [-76.40218306825919, 8.25415659813679], [-76.40021197694584, 8.254025290917598], [-76.40383593778071, 8.266589033254627], [-76.403045692626, 8.277739693133384], [-76.40047410124333, 8.277892291388], [-76.39986098929595, 8.283138467860764], [-76.3942776288847, 8.286383826977179], [-76.39760790658022, 8.292345355392364], [-76.39741752322632, 8.301720553413565], [-76.39438494780016, 8.306589383756089], [-76.39622983377664, 8.312584915238963], [-76.38943961118507, 8.31903563757333], [-76.39258846984646, 8.32449155028926], [-76.40007471270746, 8.32732679493707], [-76.39625402761294, 8.335967261604878], [-76.40059126118285, 8.338342963429298], [-76.40217041839009, 8.352285949981821], [-76.40478145882868, 8.352381734316376], [-76.40411837097238, 8.358696694124797], [-76.40097812110125, 8.361956594100167], [-76.40436846305707, 8.372445424607932], [-76.40235784113275, 8.376652757218203], [-76.39285896492223, 8.380894125974377], [-76.40010627437493, 8.400839808030213], [-76.40657789198046, 8.40746144186635], [-76.40647208991875, 8.411526470942798], [-76.41196728620909, 8.413273414414391], [-76.41927962252932, 8.41131875209745], [-76.42253552972592, 8.417287648744283], [-76.4201870028874, 8.421752276899314], [-76.42552387459605, 8.424428127366204], [-76.41995427729314, 8.439211837840096], [-76.40970023793122, 8.439097719918893], [-76.40201495234405, 8.444808421660731], [-76.40678049124135, 8.45702249365295], [-76.40365554538769, 8.463604364963986], [-76.39736105516631, 8.454166719189677], [-76.37376859697213, 8.454978891351603], [-76.37025281456593, 8.452784553811556], [-76.36515321036508, 8.45828827213874], [-76.35400163302435, 8.452954589136821], [-76.35412705418044, 8.449181528054089], [-76.3481789714007, 8.443874950675346], [-76.33802865460241, 8.442780051382963], [-76.32948067301956, 8.445783228285249], [-76.32681824361165, 8.46210211873009], [-76.31716584068624, 8.475211198998451], [-76.31882595064755, 8.47882510098622], [-76.3166963986049, 8.482993060801979], [-76.31360457810857, 8.481700051846598], [-76.31203914933627, 8.485430538264369], [-76.31633043172288, 8.496042552103946], [-76.31389253182473, 8.50698086496024], [-76.3185674148894, 8.511731800042112], [-76.30711650704019, 8.520843839219634], [-76.30991080431811, 8.524801862952126], [-76.31801620479341, 8.525929878421334], [-76.31696875871579, 8.529229622050218], [-76.32168836007976, 8.528713964655845], [-76.31883300259895, 8.538662933603879], [-76.32126300410063, 8.541679585638184], [-76.31859459171092, 8.541483329823498], [-76.31986011669079, 8.546088810871622], [-76.3086651029951, 8.560388214239643], [-76.30935773037722, 8.564118937062014], [-76.29521447875813, 8.569171441225256], [-76.29378680660841, 8.5766797797404], [-76.29127701879158, 8.57633253012174], [-76.28802778070416, 8.58055286567743], [-76.28774336310674, 8.592480399963565], [-76.28288499820489, 8.59681450411859]]]}}, {"id": "108", "type": "Feature", "properties": {"municipality": "Necocl\u00ed"}, "geometry": {"type": "Polygon", "coordinates": [[[-76.62822625523059, 8.720319922305848], [-76.62445202419197, 8.702469968211327], [-76.62093595065761, 8.7011757088112], [-76.62419611635603, 8.693734338792687], [-76.61873777349754, 8.69084083628486], [-76.6041812475266, 8.691010985189237], [-76.60696705681048, 8.682883135696137], [-76.60310862504295, 8.677681360965497], [-76.60167300437398, 8.668818906717403], [-76.60219480700363, 8.659746331615725], [-76.60614604511603, 8.65384182382943], [-76.60508456834282, 8.64607202723701], [-76.59671584809271, 8.64497575064979], [-76.59533417902861, 8.64240250470461], [-76.5880640118102, 8.641580921787545], [-76.5854471763467, 8.638030469639212], [-76.57801915420589, 8.637425070045923], [-76.5774464587244, 8.63550671618287], [-76.57072390974685, 8.635614195695364], [-76.57666706566688, 8.618670834102842], [-76.57369831209019, 8.617769765832518], [-76.57439873268073, 8.615379431062454], [-76.57022606122996, 8.611128570440473], [-76.56544888466752, 8.611413709763184], [-76.57090283674998, 8.581816141307886], [-76.56522127580259, 8.578887053972243], [-76.56634170220919, 8.571859334552782], [-76.55745401521672, 8.56506237161179], [-76.55610439360802, 8.558689973980748], [-76.53554290967593, 8.552450269828032], [-76.53626821531843, 8.548885702077158], [-76.52604340232344, 8.53649270997818], [-76.52848968627568, 8.532847086220414], [-76.52334450887864, 8.530022195735235], [-76.51943469679405, 8.530974409084811], [-76.5105079887004, 8.524977288070534], [-76.50705487982805, 8.5169266944498], [-76.49845809085843, 8.516512690785067], [-76.50387049867193, 8.508743681897903], [-76.49148727256159, 8.50462910370662], [-76.48958956934106, 8.499554418224356], [-76.48038230203517, 8.495362688337298], [-76.48307658155413, 8.486815234035284], [-76.48779402895433, 8.48197597019032], [-76.48126019700327, 8.468822955107294], [-76.48343996048995, 8.467613653158798], [-76.48592186419354, 8.471133226288332], [-76.48842314176093, 8.467863044551985], [-76.48389366281909, 8.46539387309672], [-76.48940414891743, 8.462899090418667], [-76.48520969078649, 8.454625061227793], [-76.4766120367842, 8.448181233642819], [-76.47976391135407, 8.440955078969424], [-76.47541663211233, 8.436685183084874], [-76.47732899353511, 8.434512959821504], [-76.47668589720878, 8.432779681125341], [-76.47589597432437, 8.435197608729318], [-76.46519572913984, 8.439088239864677], [-76.45830780169155, 8.448322157231953], [-76.45433780503849, 8.44634491386358], [-76.44974664812571, 8.453813006575894], [-76.43997606428294, 8.452519654760184], [-76.43785010435765, 8.456276359599862], [-76.43569046419718, 8.454614187352897], [-76.43703419094302, 8.45173869742797], [-76.4335393541221, 8.449888709011475], [-76.43941286002313, 8.444849993127889], [-76.43618339727512, 8.438259044569016], [-76.44020584654241, 8.428922670844992], [-76.43853798989119, 8.420979847830797], [-76.43944531808096, 8.41772427014331], [-76.4416829375821, 8.417896993324023], [-76.44226869896978, 8.411612347874177], [-76.43980670390351, 8.407568755951303], [-76.44091299472552, 8.402629315559999], [-76.44410176523705, 8.401842025303463], [-76.4415590640706, 8.39686349920686], [-76.44466903976428, 8.391228871707447], [-76.4413354351913, 8.387001812938559], [-76.4320283420272, 8.38459403664033], [-76.42722133339421, 8.378933286221848], [-76.42545349359604, 8.369349848614808], [-76.4316660238803, 8.362046002241074], [-76.43722028125829, 8.361638142034497], [-76.43995857654274, 8.367212055020033], [-76.44436910625232, 8.369005449359179], [-76.4425043213484, 8.369178739290982], [-76.44375068496387, 8.371965965803058], [-76.45422584529902, 8.374427050564556], [-76.45872695109617, 8.371272829951396], [-76.47027241117826, 8.37103415106795], [-76.46812370126958, 8.366596399293517], [-76.4720605052244, 8.364487070669522], [-76.47529972867272, 8.365792581416862], [-76.47788678651109, 8.36144040396803], [-76.48126741184483, 8.366683050254615], [-76.480534238635, 8.371578950810731], [-76.48495211780018, 8.375768688073919], [-76.48959682588506, 8.378286157995749], [-76.49563113915367, 8.371971068132241], [-76.49674948551213, 8.37970907533128], [-76.5012799801321, 8.37741051594822], [-76.50290753083736, 8.378823915818696], [-76.49997127560572, 8.381398493063697], [-76.4946270071292, 8.38101777878059], [-76.49872919837604, 8.384534622210026], [-76.50059945364801, 8.382431181610354], [-76.49993796408462, 8.388760547107042], [-76.50397828850002, 8.386143139976818], [-76.50493483166693, 8.38976943685106], [-76.50580095628821, 8.387090162970482], [-76.5078377736037, 8.389031805101139], [-76.51131178706574, 8.386033682823568], [-76.51611955052148, 8.391560808185696], [-76.52070001272628, 8.391423986585938], [-76.52094985721345, 8.389008836636277], [-76.52203846005392, 8.392197311865683], [-76.53936093587842, 8.39206049610566], [-76.54018184966809, 8.393815346402572], [-76.53768936519143, 8.394630311561968], [-76.54000933895159, 8.396010402227418], [-76.54782229933362, 8.394488732885431], [-76.550691928787, 8.401484349159627], [-76.55364721957831, 8.398605200954227], [-76.56591096150348, 8.400080466688843], [-76.58084445852964, 8.393203824835615], [-76.58456593598744, 8.398662307908925], [-76.58621252286407, 8.396144838237735], [-76.58282417087129, 8.394065188757947], [-76.58358083877933, 8.388758993890901], [-76.59082391865104, 8.384456925624093], [-76.58659323690627, 8.377137704158628], [-76.59046699958351, 8.375519671306229], [-76.59264182659811, 8.378498756375542], [-76.59679732174992, 8.377186407880044], [-76.59607158707641, 8.374497614914267], [-76.5925321379842, 8.375586219647134], [-76.59143758573195, 8.371755285622278], [-76.59783833709571, 8.373200811159037], [-76.60406062679357, 8.365741200372092], [-76.60812950537105, 8.368447835160575], [-76.6068386483208, 8.372956914187702], [-76.60970589777392, 8.371469750990178], [-76.60730327931206, 8.364441107372784], [-76.61000531611118, 8.362161624592], [-76.61379669591204, 8.363406037122822], [-76.61091633313612, 8.36089395479012], [-76.61338577033575, 8.359122318117418], [-76.61046663964736, 8.353687230623207], [-76.61428768194583, 8.353519737085056], [-76.61434980998182, 8.349720944810143], [-76.61715645891574, 8.348786458143175], [-76.61682940576605, 8.340910840003243], [-76.62147248000282, 8.330476481417115], [-76.62837451983337, 8.3304981372224], [-76.63253640823935, 8.326785281891803], [-76.63313223801796, 8.322379436034915], [-76.6492944452269, 8.322100964761312], [-76.65319508226858, 8.312457064009166], [-76.66716741518728, 8.306075539106988], [-76.68370360214197, 8.306660872188722], [-76.68314231715793, 8.299301736996606], [-76.67910336429843, 8.29612189394591], [-76.68570337245953, 8.275228501878892], [-76.68997153121163, 8.274020463102977], [-76.68990421604867, 8.278370489556123], [-76.69367933508336, 8.280457265999626], [-76.69237669051712, 8.282400315945175], [-76.69621366733534, 8.281556147050779], [-76.69641743297068, 8.28404499256023], [-76.70042542593754, 8.282209287105228], [-76.70180812022056, 8.287185163605292], [-76.70519240719482, 8.28257728493195], [-76.71376512489577, 8.285897755129904], [-76.71838316591108, 8.282373171799135], [-76.71788746452613, 8.280007655988971], [-76.72247270251057, 8.279030832178133], [-76.72219204760779, 8.281359899854634], [-76.72604102422424, 8.28275588167162], [-76.7291865407945, 8.278192514745243], [-76.72714906150277, 8.275735876083598], [-76.73021439149737, 8.276300832095773], [-76.73056794397714, 8.271456806963476], [-76.73366972293037, 8.272739801174747], [-76.7321862629842, 8.268365962811071], [-76.73693916449079, 8.262417546226965], [-76.74232004397153, 8.263273889091701], [-76.74189887957009, 8.266511143981772], [-76.74704188086555, 8.263056575003617], [-76.74719556017031, 8.269848340767114], [-76.75088253520079, 8.266222040091291], [-76.751046717621, 8.271133248694992], [-76.75560457510907, 8.267878144747117], [-76.75430895902561, 8.270508640097571], [-76.77209712858986, 8.269906015225045], [-76.77432177610304, 8.266530889672548], [-76.75733737414402, 8.308729900186362], [-76.75326554510805, 8.329252811424947], [-76.75408493366952, 8.34221516666489], [-76.76102621632351, 8.351100234112529], [-76.7581454271169, 8.392921576894832], [-76.76773954184877, 8.413968763678513], [-76.77467832568985, 8.420165000783763], [-76.78813068788394, 8.420997360703854], [-76.78882530053801, 8.426765811551794], [-76.7942902735812, 8.434356719617455], [-76.7963923398697, 8.450519406789047], [-76.80374322019266, 8.469886813570776], [-76.82507741056216, 8.49661726642888], [-76.84802956491804, 8.510554486165704], [-76.89390895651132, 8.525686081097394], [-76.90291835742416, 8.531144627043671], [-76.91124379217744, 8.534987888250486], [-76.91365898844265, 8.535096570066033], [-76.91719038693464, 8.538327617931078], [-76.91574512730249, 8.546185648392852], [-76.92256011293144, 8.542133524366548], [-76.92508289379496, 8.543785194708784], [-76.92829198864334, 8.541956352266421], [-76.93492288854075, 8.547700318854604], [-76.93142984158207, 8.537794982226023], [-76.92263812520753, 8.52745692842369], [-76.91528137959466, 8.53459487332954], [-76.90727967596179, 8.532258974267421], [-76.9149943577019, 8.531365177927487], [-76.9215928140728, 8.52727708838411], [-76.9272887161803, 8.526346348329312], [-76.93698006871622, 8.541277799592962], [-76.93826178873873, 8.553369862746273], [-76.90221129183755, 8.580761310607462], [-76.89142601670808, 8.592095609966579], [-76.88612088088274, 8.602535251907275], [-76.88524518485477, 8.623096325186523], [-76.84637496822921, 8.62503056257295], [-76.79845078702608, 8.631601320762943], [-76.67748774550329, 8.659468774385513], [-76.64513402189986, 8.674389539248969], [-76.63433292167731, 8.689792350168025], [-76.63318404911848, 8.695535833313317], [-76.63765805409948, 8.70837061278322], [-76.64093847682263, 8.710552144589057], [-76.63349524298916, 8.714121348102596], [-76.62822625523059, 8.720319922305848]]]}}, {"id": "109", "type": "Feature", "properties": {"municipality": "San Juan De Urab\u00e1"}, "geometry": {"type": "Polygon", "coordinates": [[[-76.4864031215795, 8.818588926933204], [-76.47789416964093, 8.810384544331388], [-76.47802741973092, 8.804445409128093], [-76.47231671306926, 8.801685233659759], [-76.46952322611843, 8.7953098677196], [-76.47152197314178, 8.786358333786142], [-76.47544808384451, 8.784066913381722], [-76.4736420731403, 8.779691082925241], [-76.48332319039498, 8.76771483988765], [-76.47215599459464, 8.761925845425484], [-76.46470780157715, 8.744388769765584], [-76.44662921613052, 8.738047149649374], [-76.4333684029075, 8.738403081064863], [-76.42847275464267, 8.734110202723437], [-76.42870309235981, 8.730561249422687], [-76.4465093176496, 8.710064349958124], [-76.45040167295448, 8.690192008433954], [-76.46109146313846, 8.689512793015396], [-76.46585428592772, 8.67943093710703], [-76.47625489065135, 8.676324636021384], [-76.47658475168754, 8.680780888794027], [-76.47947323065567, 8.681072949317487], [-76.48004426311019, 8.685290038401437], [-76.48211446600574, 8.685437046442052], [-76.48345027869877, 8.693200761829063], [-76.49009402079679, 8.693881955395277], [-76.48561342194535, 8.679205012829872], [-76.49119774521765, 8.674022665140042], [-76.4908391379296, 8.662103290330226], [-76.50232571610465, 8.658403948244088], [-76.50761584056451, 8.649475751862841], [-76.5138156983757, 8.645702342147729], [-76.51248165466878, 8.640394044196848], [-76.51837857372398, 8.631960542824181], [-76.52407524898182, 8.630207520378477], [-76.53409890305333, 8.616127870737527], [-76.54275416193353, 8.611257411992838], [-76.54578460093431, 8.603572579369937], [-76.55139077053273, 8.60511355589526], [-76.55543402519072, 8.603145466342639], [-76.56544888466752, 8.611413709763184], [-76.57022606122996, 8.611128570440473], [-76.57439873268073, 8.615379431062454], [-76.57369831209019, 8.617769765832518], [-76.57666706566688, 8.618670834102842], [-76.57072390974685, 8.635614195695364], [-76.5774464587244, 8.63550671618287], [-76.57801915420589, 8.637425070045923], [-76.5854471763467, 8.638030469639212], [-76.5880640118102, 8.641580921787545], [-76.59533417902861, 8.64240250470461], [-76.59671584809271, 8.64497575064979], [-76.60508456834282, 8.64607202723701], [-76.60614604511603, 8.65384182382943], [-76.60219480700363, 8.659746331615725], [-76.60167300437398, 8.668818906717403], [-76.60310862504295, 8.677681360965497], [-76.60696705681048, 8.682883135696137], [-76.6041812475266, 8.691010985189237], [-76.61873777349754, 8.69084083628486], [-76.62419611635603, 8.693734338792687], [-76.62093595065761, 8.7011757088112], [-76.62445202419197, 8.702469968211327], [-76.62761330785929, 8.72704388538957], [-76.63160949968211, 8.729485182969592], [-76.61145475394218, 8.736313134049674], [-76.60731625976896, 8.740933438866069], [-76.58405996477906, 8.746161814176498], [-76.56007294252818, 8.755539418606487], [-76.52405472479276, 8.773565872403998], [-76.51336562398748, 8.781838834153207], [-76.5141086336507, 8.79142048136201], [-76.51127752398997, 8.802970281203018], [-76.4864031215795, 8.818588926933204]]]}}, {"id": "110", "type": "Feature", "properties": {"municipality": "Arboletes"}, "geometry": {"type": "Polygon", "coordinates": [[[-76.41360458061591, 8.873973717755353], [-76.38116683476633, 8.794208980082376], [-76.38943379557507, 8.783733094828682], [-76.39961431399442, 8.779618431813889], [-76.41908741686784, 8.75793572376654], [-76.41601217030686, 8.749174831916026], [-76.40902817319538, 8.74616606021919], [-76.39965709139348, 8.746125609046045], [-76.36788788370306, 8.720674675123947], [-76.36756585603474, 8.714506212909187], [-76.3556987159933, 8.692978690584674], [-76.35555345826, 8.682621572664253], [-76.34925235974751, 8.666306839777324], [-76.35069445751127, 8.655597365994058], [-76.34676834827354, 8.649672508226267], [-76.34562620609769, 8.639821541168773], [-76.33934442891744, 8.641427678923705], [-76.32660241560973, 8.652849091153733], [-76.31400316981227, 8.656489663911225], [-76.31257549294732, 8.653919845680482], [-76.29886979792985, 8.649386973287628], [-76.29590736867806, 8.65317031577241], [-76.281466419812, 8.648865870618597], [-76.28221634699679, 8.644158505268429], [-76.26605742699725, 8.638807095973831], [-76.2692139721237, 8.623648549107184], [-76.26448205707115, 8.617378180367222], [-76.25693076463911, 8.616681630716638], [-76.25219599715913, 8.613157618588957], [-76.25127188230097, 8.6070705180309], [-76.25481459717949, 8.594491086606547], [-76.25818173513066, 8.593042383719506], [-76.26060448114401, 8.59515295473221], [-76.26265085422607, 8.59171822081818], [-76.26462799580315, 8.593773844657207], [-76.2653417073304, 8.590249856569152], [-76.27654468982949, 8.59009294345157], [-76.28296251128585, 8.596869567273863], [-76.28596206638085, 8.595188152891458], [-76.28802778070416, 8.58055286567743], [-76.29127701879158, 8.57633253012174], [-76.29378680660841, 8.5766797797404], [-76.29521447875813, 8.569171441225256], [-76.30935773037722, 8.564118937062014], [-76.3086651029951, 8.560388214239643], [-76.31968752617945, 8.546469595817005], [-76.31859459171092, 8.541483329823498], [-76.32128258507612, 8.541554533723055], [-76.31883300259895, 8.538662933603879], [-76.32168836007976, 8.528713964655845], [-76.31696875871579, 8.529229622050218], [-76.31801620479341, 8.525929878421334], [-76.30991080431811, 8.524801862952126], [-76.30711650704019, 8.520843839219634], [-76.3185674148894, 8.511731800042112], [-76.31389253182473, 8.50698086496024], [-76.31633043172288, 8.496042552103946], [-76.31203914933627, 8.485430538264369], [-76.31360457810857, 8.481700051846598], [-76.3166963986049, 8.482993060801979], [-76.31882595064755, 8.47882510098622], [-76.31716584068624, 8.475211198998451], [-76.32681824361165, 8.46210211873009], [-76.32984831268394, 8.445388213155136], [-76.33802865460241, 8.442780051382963], [-76.3481789714007, 8.443874950675346], [-76.35412705418044, 8.449181528054089], [-76.35400163302435, 8.452954589136821], [-76.36515321036508, 8.45828827213874], [-76.37025281456593, 8.452784553811556], [-76.37376859697213, 8.454978891351603], [-76.39736105516631, 8.454166719189677], [-76.40265167107087, 8.463466089297626], [-76.39413715660677, 8.466537114301529], [-76.39413967774188, 8.470848575212127], [-76.40604967731609, 8.476600577293176], [-76.41273985975901, 8.464210975657796], [-76.42749653503131, 8.454195846985085], [-76.43009792288896, 8.448693097387926], [-76.43703419094302, 8.45173869742797], [-76.43569046419718, 8.454614187352897], [-76.43785010435765, 8.456276359599862], [-76.43997606428294, 8.452519654760184], [-76.44974664812571, 8.453813006575894], [-76.45433780503849, 8.44634491386358], [-76.45830780169155, 8.448322157231953], [-76.46519572913984, 8.439088239864677], [-76.47589597432437, 8.435197608729318], [-76.47650689019275, 8.4325435809394], [-76.47732899353511, 8.434512959821504], [-76.47541663211233, 8.436685183084874], [-76.47976391135407, 8.440955078969424], [-76.4766120367842, 8.448181233642819], [-76.48520969078649, 8.454625061227793], [-76.48940414891743, 8.462899090418667], [-76.48389366281909, 8.46539387309672], [-76.48842314176093, 8.467863044551985], [-76.48592186419354, 8.471133226288332], [-76.48343996048995, 8.467613653158798], [-76.48126019700327, 8.468822955107294], [-76.48779402895433, 8.48197597019032], [-76.48307658155413, 8.486815234035284], [-76.48038230203517, 8.495362688337298], [-76.48958956934106, 8.499554418224356], [-76.49148727256159, 8.50462910370662], [-76.50387049867193, 8.508743681897903], [-76.49845809085843, 8.516512690785067], [-76.50705487982805, 8.5169266944498], [-76.5105079887004, 8.524977288070534], [-76.51943469679405, 8.530974409084811], [-76.52334450887864, 8.530022195735235], [-76.52848968627568, 8.532847086220414], [-76.52604340232344, 8.53649270997818], [-76.53626821531843, 8.548885702077158], [-76.53554290967593, 8.552450269828032], [-76.55610439360802, 8.558689973980748], [-76.55745401521672, 8.56506237161179], [-76.56634170220919, 8.571859334552782], [-76.56622256136858, 8.580843431194083], [-76.57090283674998, 8.581816141307886], [-76.56911915130581, 8.600267464933824], [-76.56544888466752, 8.611413709763184], [-76.55543402519072, 8.603145466342639], [-76.55139077053273, 8.60511355589526], [-76.54578460093431, 8.603572579369937], [-76.54275416193353, 8.611257411992838], [-76.53409890305333, 8.616127870737527], [-76.52407524898182, 8.630207520378477], [-76.51837857372398, 8.631960542824181], [-76.51248165466878, 8.640394044196848], [-76.5138156983757, 8.645702342147729], [-76.50761584056451, 8.649475751862841], [-76.50232571610465, 8.658403948244088], [-76.49097648115647, 8.661930776642174], [-76.49119774521765, 8.674022665140042], [-76.48561342194535, 8.679205012829872], [-76.49009402079679, 8.693881955395277], [-76.48345027869877, 8.693200761829063], [-76.48211446600574, 8.685437046442052], [-76.48004426311019, 8.685290038401437], [-76.47947323065567, 8.681072949317487], [-76.47658475168754, 8.680780888794027], [-76.47625489065135, 8.676324636021384], [-76.46585428592772, 8.67943093710703], [-76.46109146313846, 8.689512793015396], [-76.45040167295448, 8.690192008433954], [-76.4454142002428, 8.712093142558619], [-76.43735126321411, 8.718191219709581], [-76.42902750088318, 8.729661846337306], [-76.42847275464267, 8.734110202723437], [-76.4333684029075, 8.738403081064863], [-76.44662921613052, 8.738047149649374], [-76.46470780157715, 8.744388769765584], [-76.47215599459464, 8.761925845425484], [-76.48332319039498, 8.76771483988765], [-76.4736420731403, 8.779691082925241], [-76.47544808384451, 8.784066913381722], [-76.47152197314178, 8.786358333786142], [-76.46952322611843, 8.7953098677196], [-76.47231671306926, 8.801685233659759], [-76.47802741973092, 8.804445409128093], [-76.47789416964093, 8.810384544331388], [-76.48641969365606, 8.818620561863264], [-76.47949565619938, 8.826746704583059], [-76.4287406383283, 8.853830201139298], [-76.41829715550301, 8.863535814135052], [-76.41360458061591, 8.873973717755353]]]}}, {"id": "111", "type": "Feature", "properties": {"municipality": "Dabeiba"}, "geometry": {"type": "Polygon", "coordinates": [[[-76.43441763493364, 7.190661761409098], [-76.4237774406594, 7.190613699353691], [-76.42224561577453, 7.187585095956403], [-76.41009369100904, 7.1893367553931835], [-76.40502082928256, 7.18640737038998], [-76.39411524108465, 7.187188836610389], [-76.38612959459905, 7.180748418780556], [-76.38112907807498, 7.18111628758768], [-76.37408838815477, 7.177501570998533], [-76.36249568398327, 7.180071952250029], [-76.35319697960186, 7.1790127569051965], [-76.33057230894184, 7.166637357642622], [-76.32509371666784, 7.166398496593352], [-76.32261767630222, 7.161398079283883], [-76.32423285491993, 7.158856103719977], [-76.31742720112028, 7.152539681984718], [-76.30319670611124, 7.155500371909086], [-76.29362948703044, 7.152880595284029], [-76.28257154850766, 7.153549806245215], [-76.28036559159406, 7.149662428125449], [-76.27517103925841, 7.150983471973191], [-76.27293965951169, 7.145994775807799], [-76.26864143716014, 7.144426704811043], [-76.26393739106405, 7.144783980175872], [-76.25769205750727, 7.150540556737795], [-76.24891180762086, 7.153988872773882], [-76.22571269152195, 7.148532660450435], [-76.2180255929845, 7.150103662801519], [-76.20269477483653, 7.138376799932326], [-76.19127336210543, 7.140185186821664], [-76.17628275767345, 7.130096273247692], [-76.15936478990645, 7.127293269308546], [-76.14056704790143, 7.136644548934059], [-76.1377830790746, 7.146447931849366], [-76.13464219010203, 7.14930328171812], [-76.13102541017864, 7.14897015683086], [-76.11361613196328, 7.1362158972315175], [-76.10167123803619, 7.138143261131471], [-76.09212959932863, 7.158796983379472], [-76.07506886382097, 7.16260412206392], [-76.0614821418781, 7.17147950862891], [-76.0428033729065, 7.167600988334188], [-76.03702128183653, 7.160438811365761], [-76.02952597956948, 7.157012386622682], [-76.01317908304553, 7.157976067807432], [-76.00078888277429, 7.1438260364333575], [-75.99554727661393, 7.146697426017342], [-75.99167282734217, 7.145832089180258], [-75.984533902412, 7.131896513874916], [-75.97782305662487, 7.134039733596618], [-75.9728432376728, 7.129842853933467], [-75.96666584681074, 7.1313352570923145], [-75.97007816889774, 7.1249075161325], [-75.96787128708458, 7.113218888155258], [-75.97016017633571, 7.1035630966227], [-75.96357390979428, 7.085832401419348], [-75.96842801075516, 7.074672727885627], [-75.96974726307157, 7.05241715474588], [-75.97310151002175, 7.043816198220252], [-75.97405567375456, 7.026408059318831], [-75.97178090870558, 7.019793156704188], [-75.97433322572306, 7.0085011854440395], [-75.9761881892041, 7.004599938975148], [-75.98235199071831, 7.001197785581815], [-75.99994615469191, 7.000335075160225], [-76.00728957209864, 6.990926461585201], [-76.01642670237666, 6.967417388157808], [-76.02951691003321, 6.961868486708301], [-76.03270538818006, 6.95457781632855], [-76.03950112865884, 6.952103176342873], [-76.0473774253162, 6.944997332665413], [-76.05490128058399, 6.9429700322507815], [-76.06378143024857, 6.947010357874721], [-76.07476681672361, 6.940314381167918], [-76.10111048271722, 6.957105420275456], [-76.1216690263136, 6.960170167233688], [-76.12633277013303, 6.967746368559348], [-76.12991147913507, 6.967251443374362], [-76.13918185929678, 6.972505290841837], [-76.14750045486463, 6.972828898071954], [-76.15530553377168, 6.977591625417494], [-76.16450884162153, 6.969498842425242], [-76.17090726160824, 6.9593139728833435], [-76.20275974996379, 6.958456877821539], [-76.23430236256628, 6.963019777849475], [-76.24052829786315, 6.949286684951727], [-76.23937300293721, 6.939822498590036], [-76.23621536737245, 6.938037389225165], [-76.23219300812717, 6.927041827051633], [-76.22474069449308, 6.920390992204829], [-76.24391676816082, 6.9085679566280405], [-76.26691538121077, 6.91354086071957], [-76.2757824949121, 6.904258211788049], [-76.28796975701596, 6.901263238742127], [-76.29466199625195, 6.879503499090472], [-76.29901486906475, 6.874215542018764], [-76.29500237426946, 6.853904353765862], [-76.29994798861634, 6.846456858590752], [-76.29613412400376, 6.84499177320685], [-76.28699491032621, 6.848696141214712], [-76.28840827130044, 6.843961213579145], [-76.28070438988667, 6.835747049926118], [-76.2852946045637, 6.83297164870755], [-76.28632257716296, 6.827052078054445], [-76.27502834974025, 6.808941538786565], [-76.27578460631685, 6.8043243621860565], [-76.29119267978297, 6.793876324816841], [-76.29938502217234, 6.779669856056031], [-76.31129996758384, 6.778877861828864], [-76.31601167535072, 6.775216489233866], [-76.32973595896118, 6.784584000805284], [-76.32875108003203, 6.793671059757188], [-76.33283273793599, 6.79897904096699], [-76.34876066512633, 6.806573946752144], [-76.3646088147215, 6.806260371378434], [-76.36868434796095, 6.813559552951991], [-76.37480507572737, 6.818643076224248], [-76.37731452966418, 6.817256255905396], [-76.38317394552786, 6.826960551765218], [-76.39595978056967, 6.8313867807192015], [-76.40684718517753, 6.849359203065813], [-76.41637054019519, 6.851817309588471], [-76.41893399898845, 6.8558732718723245], [-76.4260524548288, 6.856452122980566], [-76.4304080636871, 6.848969940551282], [-76.4369316610485, 6.8445366399431675], [-76.43876710157556, 6.834341381292551], [-76.43627757173715, 6.827849684699496], [-76.43940448334321, 6.812084095025679], [-76.43395214367287, 6.790795204937823], [-76.43454337113641, 6.766138906689256], [-76.42704401182749, 6.756453622072747], [-76.42863848509269, 6.745008881130062], [-76.44203787129133, 6.738237910823644], [-76.44553013725918, 6.74284047985521], [-76.45502461070424, 6.746973975788442], [-76.46647674481416, 6.750783680383823], [-76.47150919849405, 6.748427133318675], [-76.49649606936404, 6.752360586344576], [-76.52118182682733, 6.7645780360345], [-76.52773075569384, 6.757289039076109], [-76.53316032960514, 6.755466666674378], [-76.53486714133663, 6.748031298290914], [-76.54330513254486, 6.737941719261443], [-76.54449075181412, 6.732923067215974], [-76.54197241703766, 6.72698906635983], [-76.55868943302026, 6.720459004818799], [-76.56295578191143, 6.7144522186385], [-76.56410508663167, 6.700871687744198], [-76.57752933007856, 6.694807444333235], [-76.58422367324022, 6.698889110246298], [-76.58880854614114, 6.714463444426705], [-76.60184137626563, 6.715419049437617], [-76.60521649315835, 6.719007652779159], [-76.60752417847411, 6.728126568151052], [-76.61430491010547, 6.736279710773598], [-76.61872949558432, 6.74777492941444], [-76.59794252368098, 6.755008492270107], [-76.59261253156072, 6.763136728037595], [-76.58562643385633, 6.7674578313932034], [-76.57603244760607, 6.786360269258444], [-76.57669869710209, 6.790776546553632], [-76.58025837014527, 6.793346363552784], [-76.57808195697285, 6.796033570776273], [-76.58031859888692, 6.804203904897184], [-76.57663074121834, 6.806123404364371], [-76.57734110727756, 6.813317751251141], [-76.57066064233835, 6.823534930294461], [-76.57285219835532, 6.8289760326461515], [-76.57256502814408, 6.846372444567732], [-76.57010141757281, 6.854156246187471], [-76.56134939287288, 6.8618372069858244], [-76.56428802668593, 6.870783979361509], [-76.56008827750838, 6.876042589363178], [-76.56019535389207, 6.884858491440606], [-76.55085452518799, 6.885254816415119], [-76.54123853002781, 6.889774821776717], [-76.52503605563584, 6.90393999714949], [-76.52402716353129, 6.911059346416598], [-76.5125867160447, 6.925507433392655], [-76.523454864639, 6.961738772048465], [-76.52986440785747, 6.962439946801121], [-76.53658059466375, 6.955230094046425], [-76.54339124265906, 6.961334701168771], [-76.54544709801645, 6.967902013760198], [-76.54251560207183, 6.977058182404828], [-76.54493313436507, 6.982235887199283], [-76.5427821005719, 6.988384414141956], [-76.54796826784981, 6.996664490268307], [-76.54573056927325, 7.009897028940087], [-76.54944867568068, 7.0167160963146085], [-76.54529628210156, 7.0199389635816365], [-76.53539257625212, 7.038448405022811], [-76.53620271619195, 7.049807250699953], [-76.53061055458176, 7.06009894876614], [-76.53875537963324, 7.068741166005729], [-76.53006342117558, 7.079621657652131], [-76.53115768779755, 7.093573558000044], [-76.52855880519506, 7.097577580150723], [-76.52284635263675, 7.09876981704756], [-76.52505530367398, 7.105787478140682], [-76.5142461380259, 7.1109041957988595], [-76.50901856531556, 7.12509853293323], [-76.50807135910512, 7.13926817191529], [-76.49781469426316, 7.137228566103887], [-76.49369971329145, 7.132269403702021], [-76.47948330111913, 7.136503941361055], [-76.45888654836266, 7.1328139127465215], [-76.44329898230356, 7.1554919341957275], [-76.44247590675378, 7.16207618430266], [-76.43157705399983, 7.172228194881139], [-76.43441763493364, 7.190661761409098]]]}}, {"id": "112", "type": "Feature", "properties": {"municipality": "Mutat\u00e1"}, "geometry": {"type": "Polygon", "coordinates": [[[-76.50157821469537, 7.554635190021198], [-76.49226976258149, 7.549210018703764], [-76.49436368898267, 7.541824172724841], [-76.48855780414512, 7.537807643254443], [-76.48031535124012, 7.537826677722088], [-76.47102593630417, 7.518372205310405], [-76.46249794724855, 7.516773209247661], [-76.46114641266196, 7.508911468370866], [-76.45229481861452, 7.500649979425486], [-76.45193122078946, 7.488854184002729], [-76.45573018767642, 7.483870593269349], [-76.44502771993088, 7.479581434865856], [-76.43883669876367, 7.469737479386464], [-76.43762394625575, 7.457248897269851], [-76.42732254478275, 7.449578428809197], [-76.42298686023548, 7.440985263920695], [-76.42413669483457, 7.433209411446402], [-76.41628621024203, 7.418504611441724], [-76.41282150724373, 7.41492403179667], [-76.40304948006592, 7.412764580249607], [-76.38790654365792, 7.395040891584704], [-76.37517648199994, 7.388258216190019], [-76.3666921193415, 7.372316335899805], [-76.35591648496309, 7.364163701895166], [-76.2180255929845, 7.150103662801519], [-76.22571269152195, 7.148532660450435], [-76.24891180762086, 7.153988872773882], [-76.25769205750727, 7.150540556737795], [-76.26393739106405, 7.144783980175872], [-76.26864143716014, 7.144426704811043], [-76.27293965951169, 7.145994775807799], [-76.27517103925841, 7.150983471973191], [-76.28036559159406, 7.149662428125449], [-76.28257154850766, 7.153549806245215], [-76.29362948703044, 7.152880595284029], [-76.30319670611124, 7.155500371909086], [-76.31742720112028, 7.152539681984718], [-76.32423285491993, 7.158856103719977], [-76.32261767630222, 7.161398079283883], [-76.32509371666784, 7.166398496593352], [-76.33057230894184, 7.166637357642622], [-76.35319697960186, 7.1790127569051965], [-76.36249568398327, 7.180071952250029], [-76.37408838815477, 7.177501570998533], [-76.38112907807498, 7.18111628758768], [-76.38612959459905, 7.180748418780556], [-76.39411524108465, 7.187188836610389], [-76.40502082928256, 7.18640737038998], [-76.41009369100904, 7.1893367553931835], [-76.42224561577453, 7.187585095956403], [-76.42391055338737, 7.190668613692383], [-76.43354939485761, 7.191217971639847], [-76.43157705399983, 7.172228194881139], [-76.44247590675378, 7.16207618430266], [-76.44329898230356, 7.1554919341957275], [-76.45310376070705, 7.143146522066862], [-76.4557471342291, 7.135471442414784], [-76.45888654836266, 7.1328139127465215], [-76.47248740128305, 7.136585981558375], [-76.48533509201515, 7.135049012573606], [-76.49852979801828, 7.1526215952684655], [-76.496696972598, 7.157500642780528], [-76.49978437976547, 7.168169003479319], [-76.50512819131356, 7.173816255916432], [-76.50450656116475, 7.178666684810615], [-76.50828972505693, 7.183791616111332], [-76.5043446104165, 7.194846350858818], [-76.51365974788645, 7.205860164862041], [-76.51219467449071, 7.2074887892743895], [-76.51676534887298, 7.21616962411048], [-76.5175771582957, 7.224727936353849], [-76.52387825954023, 7.229278563700079], [-76.52319820433593, 7.235817797696083], [-76.53026188691541, 7.25526383525136], [-76.53579942471534, 7.262162916233539], [-76.53642487678225, 7.254734039118623], [-76.54103559670146, 7.260007033941494], [-76.54352377136843, 7.257343860924213], [-76.5467204502393, 7.258708831477053], [-76.54790606872628, 7.262465884237132], [-76.56344519494849, 7.274355904137357], [-76.56941792573946, 7.2903699788428895], [-76.57870957128115, 7.304746573018204], [-76.58434420263562, 7.3011201159178585], [-76.58146173516049, 7.298696473412169], [-76.58636786183258, 7.297519363194192], [-76.58732846061166, 7.302799098360799], [-76.59116234355744, 7.301289076019966], [-76.59205479686554, 7.305330458953231], [-76.59611366513504, 7.3027816837652475], [-76.60000281894835, 7.307990149940554], [-76.60552081863798, 7.308131226449007], [-76.60609878113145, 7.310062277811306], [-76.60263178255636, 7.311243069244927], [-76.60393554302271, 7.313395342453192], [-76.61460797906024, 7.31161906552315], [-76.61789459428677, 7.315214780132909], [-76.66069908354719, 7.448136989272903], [-76.68305528862656, 7.467866048146272], [-76.64410618377167, 7.468331140344337], [-76.64348951009336, 7.466372790409709], [-76.63334430410431, 7.465583245381313], [-76.63430560624907, 7.4632370961083545], [-76.63150022164646, 7.465154939875555], [-76.62892088549638, 7.459394266334599], [-76.61679554826576, 7.455750852956565], [-76.61028179715177, 7.462029684610211], [-76.60080342100997, 7.46422927290647], [-76.5911434528326, 7.473482796218048], [-76.59207144191329, 7.475505338428155], [-76.5886539408069, 7.47648686727822], [-76.58933208760998, 7.478809814039777], [-76.5870716003332, 7.477890746595339], [-76.58183083682383, 7.484309343043917], [-76.57537156524144, 7.48574032402761], [-76.57434435336302, 7.493776186943207], [-76.57735108790943, 7.497143919955695], [-76.56878688175263, 7.50847261231124], [-76.56890563076146, 7.512685840988579], [-76.56388965723697, 7.518252813254756], [-76.5591776806695, 7.530369999868136], [-76.55207171726038, 7.533666482943462], [-76.5507939741847, 7.531638245735345], [-76.53903778397085, 7.531058750400826], [-76.53586954998215, 7.536896467865219], [-76.53148418726933, 7.538690308619109], [-76.52729395683807, 7.5473634439594175], [-76.50436398295243, 7.551364805111131], [-76.50157821469537, 7.554635190021198]]]}}, {"id": "113", "type": "Feature", "properties": {"municipality": "Turbo"}, "geometry": {"type": "Polygon", "coordinates": [[[-76.40569186658065, 8.476505718957341], [-76.39873578227821, 8.474465033059865], [-76.39361535166668, 8.469010393565506], [-76.39413715660677, 8.466537114301529], [-76.40365554538769, 8.463604364963986], [-76.40632262689961, 8.459217464424178], [-76.40201495234405, 8.444808421660731], [-76.40970023793122, 8.439097719918893], [-76.41995427729314, 8.439211837840096], [-76.42552387459605, 8.424428127366204], [-76.4201870028874, 8.421752276899314], [-76.42253552972592, 8.417287648744283], [-76.41927962252932, 8.41131875209745], [-76.41196728620909, 8.413273414414391], [-76.40647208991875, 8.411526470942798], [-76.40657789198046, 8.40746144186635], [-76.40325490620104, 8.40617715667635], [-76.39777860874814, 8.390085940346918], [-76.39461337506494, 8.388029153144615], [-76.39295541999918, 8.379490362667132], [-76.40398257387882, 8.37473584836068], [-76.40097812110125, 8.361956594100167], [-76.40497221162043, 8.354553748122212], [-76.40111417366644, 8.348462670118526], [-76.40059126118285, 8.338342963429298], [-76.39625402761294, 8.335967261604878], [-76.40007471270746, 8.32732679493707], [-76.39258846984646, 8.32449155028926], [-76.38943961118507, 8.31903563757333], [-76.39622983377664, 8.312584915238963], [-76.39438494780016, 8.306589383756089], [-76.39741752322632, 8.301720553413565], [-76.39760790658022, 8.292345355392364], [-76.3942776288847, 8.286383826977179], [-76.39986098929595, 8.283138467860764], [-76.40047410124333, 8.277892291388], [-76.403045692626, 8.277739693133384], [-76.40383593778071, 8.266589033254627], [-76.40021197694584, 8.254025290917598], [-76.40218306825919, 8.25415659813679], [-76.4091431153613, 8.231626650576514], [-76.40135908577379, 8.222321796600475], [-76.39559199854412, 8.222435684872304], [-76.39455278771534, 8.21680705456124], [-76.39928124119571, 8.201733262396848], [-76.39823185416927, 8.196447400976199], [-76.40673502015082, 8.194607614197418], [-76.4115034827572, 8.18778568378212], [-76.41075748522645, 8.166824546037482], [-76.41259855963283, 8.164407761127414], [-76.40877272401548, 8.15439601290033], [-76.39978942116035, 8.147082699593037], [-76.4023215715464, 8.136470680674513], [-76.39956941273772, 8.131582868055256], [-76.40240629956625, 8.121893302033055], [-76.39936484165052, 8.117229367725843], [-76.40163139099676, 8.10104649910928], [-76.40852664257679, 8.099717149557101], [-76.40626513214796, 8.088491971553045], [-76.40872379760833, 8.073925120829353], [-76.41424863289119, 8.071003894876876], [-76.41874127458799, 8.074768393307629], [-76.42497153839021, 8.074293808756615], [-76.53331302090233, 7.963673686629173], [-76.54122164471659, 7.962552414625043], [-76.55136938010853, 7.952117374922724], [-76.55696491204134, 7.951156501797325], [-76.56211399116766, 7.95476930136241], [-76.56722448587786, 7.951729926280779], [-76.57127199963466, 7.9535560153264], [-76.57733068594948, 7.9501083934066115], [-76.57881487475112, 7.942931342903908], [-76.58570027082393, 7.940119455351292], [-76.59005187935534, 7.945066910439284], [-76.59275393827777, 7.942282282068294], [-76.59487633921952, 7.9475452837221106], [-76.60592171674917, 7.9358834177501345], [-76.61178946789838, 7.93855317307759], [-76.61481852208851, 7.937249228071898], [-76.61731090277969, 7.927371224633766], [-76.62395374963316, 7.930090850323784], [-76.62572028180219, 7.923347219295624], [-76.64233756955707, 7.923292590643707], [-76.65297380980444, 7.915608968894833], [-76.66301044181651, 7.91611772856069], [-76.6800267322952, 7.931690683342617], [-76.6885946153325, 7.92504417838158], [-76.72116375052633, 7.91488649105983], [-76.73992317381655, 7.916692747855197], [-76.73746273683656, 7.90664643341339], [-76.74133413847454, 7.903744116110618], [-76.74684990170637, 7.904373511680326], [-76.75389125707468, 7.877252134363956], [-76.76288014117092, 7.875132962253794], [-76.77898967200348, 7.883930104342392], [-76.78852331422281, 7.877942625219359], [-76.79146516149999, 7.871225139414102], [-76.8013752849994, 7.865919416267384], [-76.80365978750854, 7.869216466773059], [-76.80812576193952, 7.858187780124109], [-76.80374816366049, 7.8530005003726915], [-76.80549434391605, 7.849267806319326], [-76.80986660346274, 7.845420219321627], [-76.81199384213573, 7.848532551106362], [-76.81604130469007, 7.845081144080211], [-76.81554161758761, 7.842222219944542], [-76.8201851357584, 7.840962294986667], [-76.81845050901603, 7.834684088983042], [-76.82098106617765, 7.829062610571654], [-76.81878244343214, 7.826135873764054], [-76.82295126014898, 7.823944390213602], [-76.82091681999678, 7.822912894899523], [-76.82386854199413, 7.817823228101898], [-76.8202922123097, 7.810024542913167], [-76.82167229891017, 7.802870696662125], [-76.81559039720642, 7.792577144997338], [-76.81740830486886, 7.782654793309676], [-76.80938000399019, 7.771442772832776], [-76.81910166109462, 7.767122159993615], [-76.81605799230451, 7.757756286823285], [-76.81970191229314, 7.741836836839874], [-76.81638766346924, 7.731678009610454], [-76.81946373553087, 7.727467691796062], [-76.81726183158162, 7.722286038255071], [-76.8148093934917, 7.723082814696733], [-76.81504101879804, 7.720238030776001], [-76.81174650454885, 7.719802887633304], [-76.80779102394065, 7.714492711414818], [-76.81159677654722, 7.714172384930251], [-76.8119899142814, 7.71174382489589], [-76.80663583069853, 7.710330746938714], [-76.80763343715209, 7.707911062758254], [-76.81297136444311, 7.707880425090001], [-76.81253988409176, 7.70353209120611], [-76.8160562342215, 7.70296526424691], [-76.81319789402146, 7.699524118286516], [-76.8165687842637, 7.700103657693462], [-76.81572035617532, 7.695381407996915], [-76.82181654829952, 7.694102739763043], [-76.81591892057402, 7.690872098328868], [-76.82092722858401, 7.686510059091214], [-76.81468851156981, 7.684391694957719], [-76.8188174578386, 7.684113953573635], [-76.81522686851245, 7.681063028019147], [-76.81663357510395, 7.677649964557167], [-76.82069313493807, 7.679401831206922], [-76.82306114612139, 7.6769829209805955], [-76.82056595809571, 7.678544030859113], [-76.82064406153012, 7.676064310747998], [-76.81574114366795, 7.675339506267063], [-76.81939450207156, 7.673048784269124], [-76.81326613808734, 7.671762719545612], [-76.8151895338824, 7.666655139151837], [-76.81737886681215, 7.668798830695657], [-76.82026241624436, 7.665043352135159], [-76.81840534757808, 7.666646319311917], [-76.81650807866727, 7.663361652774255], [-76.81328082091079, 7.66446854819238], [-76.81535530756818, 7.660271216831175], [-76.81387816563785, 7.658246373246274], [-76.81098206882882, 7.660959924717313], [-76.8127852816339, 7.666961087023001], [-76.81105654872253, 7.668446872403194], [-76.8027371020286, 7.664157793887016], [-76.80041707703326, 7.6655526062162505], [-76.796560311192, 7.658031203431478], [-76.79649341826867, 7.661055647720158], [-76.79415100979968, 7.658209101790683], [-76.78828570187846, 7.658557863327956], [-76.78778483976392, 7.656019130107908], [-76.79065533954093, 7.657122121111885], [-76.79343270849107, 7.654728530259251], [-76.78792015854532, 7.651861168293918], [-76.78918122390789, 7.6439791986617065], [-76.79279130054233, 7.650402099690409], [-76.7923607500844, 7.645618596817728], [-76.797491440524, 7.641050875782992], [-76.79126320190282, 7.639908734728237], [-76.78987716630579, 7.637041483803425], [-76.78599269509948, 7.636785691936125], [-76.78478511900946, 7.639385253263719], [-76.78345262061121, 7.636999844414997], [-76.78728950208065, 7.6347809971683915], [-76.78093039196663, 7.631378369407866], [-76.78670653403677, 7.628314811151358], [-76.78251868171057, 7.625084694379628], [-76.78373220777392, 7.622657645072895], [-76.78121592684698, 7.619106299200924], [-76.77887810676647, 7.619504857316122], [-76.7819357137833, 7.623942552756453], [-76.77849739270587, 7.626530214787603], [-76.77262012485065, 7.623900913035306], [-76.76968743888388, 7.617952258357459], [-76.76251336397411, 7.620742177662266], [-76.76136527361498, 7.616732785814614], [-76.76602306883873, 7.613930970742755], [-76.76533302467007, 7.605341114647388], [-76.7577901341286, 7.606322643158456], [-76.75617804866533, 7.610022705049526], [-76.75637435530754, 7.605406549583388], [-76.75409007185503, 7.606786639132511], [-76.75228762971638, 7.603027090642459], [-76.74428669312621, 7.608351132827079], [-76.74510165831941, 7.605793211987871], [-76.73626790928986, 7.600082508826984], [-76.73171718986714, 7.598107556048026], [-76.72826697125474, 7.599773175920241], [-76.72571499966921, 7.597453202197748], [-76.72203873170798, 7.6008439346556615], [-76.71892758675259, 7.595412813665614], [-76.7134548272527, 7.593729345010376], [-76.71102182758459, 7.587156085367202], [-76.714198408205, 7.5862518894177615], [-76.71385933459834, 7.574027408322452], [-76.71081362484834, 7.568310752929017], [-76.70767868474492, 7.567608812428426], [-76.70782740103817, 7.564699920815063], [-76.70317555456604, 7.563730292143626], [-76.70616772658478, 7.560512071419408], [-76.69635839929155, 7.546961038755411], [-76.69516866892457, 7.5382998011757305], [-76.68079077554626, 7.529466055443181], [-76.67776291191846, 7.530399992791376], [-76.67484212299841, 7.525557788594401], [-76.66767399685286, 7.524225289872309], [-76.66904813565617, 7.520882147055576], [-76.66262953988722, 7.520667995011508], [-76.66462828733088, 7.514517087827753], [-76.65881645247377, 7.515522410667618], [-76.66176103562448, 7.50972842437034], [-76.65894137468186, 7.508711204434498], [-76.6587391209649, 7.505683340890866], [-76.66185026614902, 7.503351468236277], [-76.65788251515704, 7.502875576422977], [-76.65872722348912, 7.500180837809913], [-76.65301651724779, 7.497854915027816], [-76.6542657339742, 7.4935421400167375], [-76.64890373084289, 7.490126612432294], [-76.65065710707101, 7.4860364417608], [-76.64624558716324, 7.48797807995118], [-76.64773036980976, 7.480844456279472], [-76.65149467781481, 7.482143641641963], [-76.65247501630058, 7.480416155080872], [-76.64862028878014, 7.479088414106144], [-76.65166745326687, 7.478164961195889], [-76.64774004170728, 7.47510538026113], [-76.6477326962941, 7.468631232232982], [-76.64410618377167, 7.468331140344337], [-76.68305528862656, 7.467866048146272], [-76.80116077045791, 7.5720925942941015], [-76.8252373424943, 7.581743944789797], [-76.89905272804093, 7.581780472838802], [-76.9358527784047, 7.58420872419665], [-76.94295760280579, 7.588860167352191], [-76.96037383018913, 7.640718707355424], [-77.00323702104832, 7.67153984301628], [-77.03905611805737, 7.704812602843184], [-77.11611780298861, 7.784704186188284], [-77.12167702306247, 7.7874076485906985], [-77.12755220073049, 7.8275729401145995], [-77.12167702273214, 7.8326817897242496], [-77.1055841457828, 7.823923762199364], [-77.09520831608847, 7.825067171213744], [-77.08061160225652, 7.8451741438756475], [-77.05837723979631, 7.851543487642177], [-77.04902595904144, 7.863988069674035], [-77.03139415279239, 7.880097018989699], [-77.01231087449777, 7.933825247751872], [-77.01323886515424, 7.939345597424983], [-77.02142421067585, 7.948792057157569], [-77.00524387589083, 7.952194685702192], [-77.0000804461001, 7.958428873763507], [-77.0054818214992, 7.971087608062335], [-77.00555320563001, 7.982318662910878], [-76.99565464773599, 8.021151466249734], [-76.98715997250697, 8.031026230332394], [-76.969885086291, 8.032073191809218], [-76.95991514382617, 8.03690349919611], [-76.9474229738172, 8.04977638208616], [-76.93907106555677, 8.062839622990783], [-76.94197400823192, 8.090155835571785], [-76.94473418291417, 8.095009935589102], [-76.95089698650071, 8.09760354759813], [-76.95087319146697, 8.10652652923106], [-76.95559982099755, 8.122733718963042], [-76.94933258616025, 8.17233684131333], [-76.96651136698581, 8.191789281858608], [-76.97829164565505, 8.227691014671873], [-76.98018975190969, 8.255281793729965], [-76.96228386395082, 8.256126838411378], [-76.94841619994408, 8.252749445853746], [-76.94178951712267, 8.248512859659371], [-76.94582529316136, 8.244566884137008], [-76.94323024052545, 8.248979845252506], [-76.94601203996073, 8.248281841231908], [-76.95046973084301, 8.251960639389495], [-76.95584210022224, 8.235491205765742], [-76.95857844344599, 8.239654658004948], [-76.96380187720264, 8.238436089370092], [-76.96495274740117, 8.244823901598226], [-76.96851931476958, 8.243317730145199], [-76.96740538181642, 8.233413224556866], [-76.9702514145996, 8.231942720212102], [-76.96513826081251, 8.225661484312296], [-76.96597681146865, 8.20593912463004], [-76.95735867097562, 8.18476490520656], [-76.9505479987672, 8.183094849159367], [-76.94626602610728, 8.185048606287646], [-76.9437686562725, 8.179803354330405], [-76.94136411630127, 8.17994908285912], [-76.93473341490333, 8.188838596307823], [-76.93364044141703, 8.196926597562697], [-76.93932389993151, 8.200569837061042], [-76.94369579280746, 8.2106251869368], [-76.92781125346754, 8.20144421490044], [-76.92715547021514, 8.205160325436461], [-76.93232887521569, 8.207419135173094], [-76.92657255093403, 8.207783457618186], [-76.92569817268513, 8.201735675440625], [-76.92999720008629, 8.195032110308722], [-76.92620822730922, 8.192336108694246], [-76.91957752571277, 8.196197946176744], [-76.91258249964721, 8.193356216132717], [-76.91025082512277, 8.190805946679252], [-76.91433125561032, 8.190878812943632], [-76.91280109331983, 8.192481842266798], [-76.91586141789924, 8.193939136085016], [-76.92489665951437, 8.192117514799781], [-76.91979612028916, 8.188765731109674], [-76.92030617419131, 8.186288327158183], [-76.92693687562179, 8.18985870500084], [-76.92810271302137, 8.18133351571949], [-76.92613536286366, 8.184612435916565], [-76.92220066062687, 8.185122489121529], [-76.91914033621698, 8.181624978195696], [-76.91083374330547, 8.180823464564698], [-76.9094493110281, 8.177617410016829], [-76.923803686629, 8.17710735834264], [-76.92176347100417, 8.171423898098784], [-76.93168175777336, 8.1736359238694], [-76.93360574593447, 8.170025397898984], [-76.92620556577403, 8.162824290437722], [-76.92977316021457, 8.162825607839302], [-76.93245042461942, 8.158471981054292], [-76.93557159804516, 8.159717258012282], [-76.93583700554095, 8.165849331389364], [-76.943239555109, 8.166651676586616], [-76.94360019393359, 8.15500991504412], [-76.95033640284251, 8.14476471074852], [-76.94949861219641, 8.136869767282063], [-76.95274287246248, 8.126583757711646], [-76.95046363787844, 8.121918010169459], [-76.93510295764474, 8.110908208558163], [-76.93498561955468, 8.103252709379884], [-76.9409876050037, 8.101819363013528], [-76.9346266269016, 8.100142554145531], [-76.93582783651469, 8.097511408174679], [-76.93186905054, 8.091529186338137], [-76.92602510190596, 8.0908027629281], [-76.9027709369304, 8.101105555418764], [-76.89669319770145, 8.109696811597628], [-76.88862995921632, 8.114379745711284], [-76.88900409021844, 8.124884585762004], [-76.89356208448896, 8.132302874723111], [-76.87663793106918, 8.129782926648824], [-76.82933623499727, 8.141120292315037], [-76.83592340013044, 8.135040576964839], [-76.82205784288826, 8.13827670607454], [-76.81270599608182, 8.131658561395508], [-76.82093391179853, 8.131796081025106], [-76.83128943112119, 8.124991959429943], [-76.83520343461913, 8.126448987196486], [-76.83763071591441, 8.122475049181887], [-76.8431673069372, 8.124073269158915], [-76.85405158913206, 8.119979843919115], [-76.85252767607689, 8.116011696066863], [-76.85717432895125, 8.112377540921479], [-76.85207495924794, 8.107728042859984], [-76.85422693331749, 8.105145676318877], [-76.84729497908057, 8.099202328320443], [-76.85249666843022, 8.098719271439691], [-76.85547904178246, 8.094347275946006], [-76.85466802098239, 8.091269093813754], [-76.84919750076214, 8.08824233108075], [-76.83727541296784, 8.092447134371549], [-76.83733141567227, 8.089369433331683], [-76.8354882294882, 8.09115019044584], [-76.83743523667901, 8.097036832880734], [-76.83239854896591, 8.093470146784684], [-76.82157241367945, 8.094375313594776], [-76.83061338078473, 8.088879469159252], [-76.8345189627639, 8.08116047373375], [-76.83977328356903, 8.082945407838823], [-76.84373116663572, 8.078088102322637], [-76.85874030743261, 8.075018660835065], [-76.86069216531578, 8.072319924792573], [-76.86637995129206, 8.074050753974173], [-76.87315523382868, 8.068060688406124], [-76.86985151584163, 8.065899204997612], [-76.86713737268394, 8.068967818921289], [-76.86492393875135, 8.061037080267216], [-76.86140146918771, 8.062925081053567], [-76.85365459387039, 8.0622189823086], [-76.85148894060426, 8.059680005780091], [-76.83954221457051, 8.059519115849247], [-76.82997045067573, 8.050386742314872], [-76.82946802281667, 8.047707033719107], [-76.83081272398462, 8.046786800225302], [-76.8345066180503, 8.05097556926903], [-76.83232513528306, 8.046369050809647], [-76.83745198376104, 8.042436705223759], [-76.83963174903272, 8.050057529833861], [-76.84156595375461, 8.046625655581328], [-76.85340559172745, 8.056847521677437], [-76.87163785579607, 8.05317289372078], [-76.87004481216552, 8.046975959350645], [-76.86533699279487, 8.053337145433547], [-76.86466936809072, 8.044796186103016], [-76.85786534797256, 8.043536631575508], [-76.85854015315176, 8.038429371314502], [-76.86156392883942, 8.039352016818913], [-76.85971795145488, 8.035248200676762], [-76.8472871009204, 8.031473512113458], [-76.84745742073389, 8.027370765156473], [-76.83581141090873, 8.024942688589547], [-76.83418913168613, 8.019827308319908], [-76.84351560621906, 8.016148521171784], [-76.85174412188499, 8.022935366775812], [-76.86426216858231, 8.020178895842918], [-76.86274768897762, 8.02478334518631], [-76.86661111921116, 8.026292510919244], [-76.87451002358227, 8.021356313568045], [-76.87425418455648, 8.029059501422788], [-76.8795419839549, 8.038440025006773], [-76.88365603957732, 8.043298418418802], [-76.89047920659183, 8.045473663133862], [-76.9046272257684, 8.045098101613055], [-76.91196753790543, 8.04171989668518], [-76.91818790194152, 8.032093198237385], [-76.91760182305147, 8.027069063282049], [-76.92087745016296, 8.028577493625555], [-76.92482717900145, 8.024643583312194], [-76.92676218681018, 8.016773496159923], [-76.92483211191147, 8.01141394181271], [-76.9289502759472, 8.005721676425686], [-76.92046878443591, 7.998936248009792], [-76.92803245602457, 7.98872374677913], [-76.92837603167823, 7.967790852256414], [-76.93275213423618, 7.943677535203912], [-76.93132809215224, 7.933043042124176], [-76.92224800080345, 7.917593947173439], [-76.91179560768931, 7.912035072055618], [-76.86702415862553, 7.9037163517807025], [-76.86248647116, 7.900559466437249], [-76.8573260444229, 7.904328334759045], [-76.8153576141289, 7.9031923526167835], [-76.76818461207648, 7.910304692902193], [-76.7566260246728, 7.914958846446442], [-76.74836664455488, 7.9220840515925595], [-76.74707478307889, 7.929160001888302], [-76.75344358983268, 7.936794233827156], [-76.74257972806032, 7.941484559052246], [-76.7390539768822, 7.947165186355762], [-76.74531204873595, 7.95636901573994], [-76.74552609179952, 7.961636767731286], [-76.73241010352193, 7.971983124878301], [-76.72659446303724, 7.981590276632964], [-76.7309761387033, 7.99799863885717], [-76.73563794176273, 8.000300245096705], [-76.73616986901624, 8.005270176644855], [-76.74185233485451, 8.005114530836092], [-76.73959106257797, 8.016975344266882], [-76.74452173995475, 8.018582416613464], [-76.7391057595778, 8.020394806628198], [-76.7382988357148, 8.023760573326093], [-76.7350845557217, 8.02103270783726], [-76.72791474624805, 8.028769178071832], [-76.73533794719008, 8.037004501921533], [-76.72570739696002, 8.035350396586244], [-76.72019997814853, 8.039185707360822], [-76.71476101390893, 8.061643607176727], [-76.72202530377336, 8.080618855928478], [-76.72758879432915, 8.088096881775723], [-76.7297543881496, 8.085661356569297], [-76.73473413005863, 8.09241521633661], [-76.73605500759619, 8.08772906631067], [-76.73351917063839, 8.083086552391293], [-76.73305758881762, 8.07153171143195], [-76.73469686775954, 8.066935635226827], [-76.74290928211275, 8.065877383332063], [-76.74198101875974, 8.087874591403903], [-76.73801939556196, 8.100855029366478], [-76.7390901637364, 8.11215092822801], [-76.74335793501778, 8.11666757016347], [-76.74639908053746, 8.110874794276281], [-76.74100340463814, 8.101228708248943], [-76.75586000445908, 8.121447187598934], [-76.74378435660279, 8.137678837770327], [-76.73821255326912, 8.170276194144312], [-76.74730033563114, 8.19658586917587], [-76.74708702276654, 8.206547289721817], [-76.74923265404728, 8.209962592661247], [-76.74736924152151, 8.211271528843572], [-76.75316447228387, 8.220763610200972], [-76.75335094133652, 8.235439526730797], [-76.76093129970735, 8.253161325781683], [-76.77168654122025, 8.25896729368568], [-76.77432177610304, 8.266530889672548], [-76.77229252216232, 8.26979610660306], [-76.75430895902561, 8.270508640097571], [-76.75560457510907, 8.267878144747117], [-76.751046717621, 8.271133248694992], [-76.75088253520079, 8.266222040091291], [-76.74719556017031, 8.269848340767114], [-76.74704188086555, 8.263056575003617], [-76.74189887957009, 8.266511143981772], [-76.74232004397153, 8.263273889091701], [-76.73693916449079, 8.262417546226965], [-76.7321862629842, 8.268365962811071], [-76.73366972293037, 8.272739801174747], [-76.73056794397714, 8.271456806963476], [-76.73021439149737, 8.276300832095773], [-76.72714906150277, 8.275735876083598], [-76.7291865407945, 8.278192514745243], [-76.72604102422424, 8.28275588167162], [-76.72219204760779, 8.281359899854634], [-76.72247270251057, 8.279030832178133], [-76.71788746452613, 8.280007655988971], [-76.71838316591108, 8.282373171799135], [-76.71376512489577, 8.285897755129904], [-76.70519240719482, 8.28257728493195], [-76.70180812022056, 8.287185163605292], [-76.70042542593754, 8.282209287105228], [-76.69641743297068, 8.28404499256023], [-76.69621366733534, 8.281556147050779], [-76.69237669051712, 8.282400315945175], [-76.69367933508336, 8.280457265999626], [-76.68990421604867, 8.278370489556123], [-76.68997153121163, 8.274020463102977], [-76.68570337245953, 8.275228501878892], [-76.67910336429843, 8.29612189394591], [-76.68314231715793, 8.299301736996606], [-76.68370360214197, 8.306660872188722], [-76.66716741518728, 8.306075539106988], [-76.65319508226858, 8.312457064009166], [-76.6492944452269, 8.322100964761312], [-76.63313223801796, 8.322379436034915], [-76.63253640823935, 8.326785281891803], [-76.62837451983337, 8.3304981372224], [-76.62147248000282, 8.330476481417115], [-76.61682940576605, 8.340910840003243], [-76.61715645891574, 8.348786458143175], [-76.61434980998182, 8.349720944810143], [-76.61428768194583, 8.353519737085056], [-76.61046663964736, 8.353687230623207], [-76.61338577033575, 8.359122318117418], [-76.61091633313612, 8.36089395479012], [-76.61379669591204, 8.363406037122822], [-76.61000531611118, 8.362161624592], [-76.60730327931206, 8.364441107372784], [-76.60970589777392, 8.371469750990178], [-76.6068386483208, 8.372956914187702], [-76.60812950537105, 8.368447835160575], [-76.60406062679357, 8.365741200372092], [-76.59783833709571, 8.373200811159037], [-76.59143758573195, 8.371755285622278], [-76.5925321379842, 8.375586219647134], [-76.59607158707641, 8.374497614914267], [-76.59679732174992, 8.377186407880044], [-76.59264182659811, 8.378498756375542], [-76.59046699958351, 8.375519671306229], [-76.58659323690627, 8.377137704158628], [-76.59082391865104, 8.384456925624093], [-76.58358083877933, 8.388758993890901], [-76.58282417087129, 8.394065188757947], [-76.58621252286407, 8.396144838237735], [-76.58456593598744, 8.398662307908925], [-76.58084445852964, 8.393203824835615], [-76.56591096150348, 8.400080466688843], [-76.55364721957831, 8.398605200954227], [-76.550691928787, 8.401484349159627], [-76.54782229933362, 8.394488732885431], [-76.54000933895159, 8.396010402227418], [-76.53768936519143, 8.394630311561968], [-76.54018184966809, 8.393815346402572], [-76.53936093587842, 8.39206049610566], [-76.52203846005392, 8.392197311865683], [-76.52094985721345, 8.389008836636277], [-76.52070001272628, 8.391423986585938], [-76.51611955052148, 8.391560808185696], [-76.51131178706574, 8.386033682823568], [-76.5078377736037, 8.389031805101139], [-76.50580095628821, 8.387090162970482], [-76.50493483166693, 8.38976943685106], [-76.50397828850002, 8.386143139976818], [-76.49993796408462, 8.388760547107042], [-76.50059945364801, 8.382431181610354], [-76.49872919837604, 8.384534622210026], [-76.4946270071292, 8.38101777878059], [-76.49997127560572, 8.381398493063697], [-76.50290753083736, 8.378823915818696], [-76.5012799801321, 8.37741051594822], [-76.49674948551213, 8.37970907533128], [-76.49563113915367, 8.371971068132241], [-76.48959682588506, 8.378286157995749], [-76.48495211780018, 8.375768688073919], [-76.480534238635, 8.371578950810731], [-76.48126741184483, 8.366683050254615], [-76.47788678651109, 8.36144040396803], [-76.47529972867272, 8.365792581416862], [-76.4720605052244, 8.364487070669522], [-76.46812370126958, 8.366596399293517], [-76.47027241117826, 8.37103415106795], [-76.45872695109617, 8.371272829951396], [-76.45422584529902, 8.374427050564556], [-76.44375068496387, 8.371965965803058], [-76.4425043213484, 8.369178739290982], [-76.44436910625232, 8.369005449359179], [-76.43772022691662, 8.36490505035558], [-76.437347885233, 8.361672644068832], [-76.43176052427513, 8.361987396833454], [-76.42545349359604, 8.369349848614808], [-76.42722133339421, 8.378933286221848], [-76.4320283420272, 8.38459403664033], [-76.4413354351913, 8.387001812938559], [-76.44469087838893, 8.391449938197653], [-76.4415590640706, 8.39686349920686], [-76.44410176523705, 8.401842025303463], [-76.44091299472552, 8.402629315559999], [-76.43980670390351, 8.407568755951303], [-76.44226869896978, 8.411612347874177], [-76.4416829375821, 8.417896993324023], [-76.43944531808096, 8.41772427014331], [-76.43853798989119, 8.420979847830797], [-76.44020584654241, 8.428922670844992], [-76.43618339727512, 8.438259044569016], [-76.43941286002313, 8.444849993127889], [-76.4351371291439, 8.449525101441573], [-76.43009792288896, 8.448693097387926], [-76.42749653503131, 8.454195846985085], [-76.41273985975901, 8.464210975657796], [-76.40569186658065, 8.476505718957341]]]}}, {"id": "114", "type": "Feature", "properties": {"municipality": "Barbosa"}, "geometry": {"type": "Polygon", "coordinates": [[[-75.32293480159689, 6.513160777897692], [-75.30276471687024, 6.506106047402495], [-75.28892976781125, 6.506274534303849], [-75.27849713271382, 6.490629091762524], [-75.26488088180928, 6.492833308073522], [-75.26676931592105, 6.497150410681903], [-75.26328861366487, 6.508151044614676], [-75.24966015843751, 6.507427456560869], [-75.2431443607954, 6.499611936036659], [-75.22676325708107, 6.495294790682499], [-75.22491387001284, 6.490147428054155], [-75.2180030027525, 6.488028932889029], [-75.216920854416, 6.4847824850473526], [-75.21990460840445, 6.479170714965497], [-75.23299867503316, 6.475619794819225], [-75.23013519007169, 6.468859322767043], [-75.23771472932862, 6.462965333064864], [-75.23716677427912, 6.456874997409879], [-75.24229131383524, 6.449664148957446], [-75.2412763096995, 6.4396841878576465], [-75.24908754562423, 6.433294777743566], [-75.25644467674795, 6.4332769595531225], [-75.26549985916068, 6.426962807629694], [-75.26612264079736, 6.4235056324135655], [-75.27088217801419, 6.424898814573773], [-75.27561380826113, 6.422792754433213], [-75.27552289127522, 6.41708422002554], [-75.28846223905748, 6.4070180896239295], [-75.28732247430906, 6.40001578597951], [-75.30257080479643, 6.403835312887562], [-75.30459613621332, 6.400103618083258], [-75.31031188190023, 6.3975757612035205], [-75.30664131758898, 6.392060084898873], [-75.30886645739885, 6.390400255893493], [-75.31297215972943, 6.392106941483484], [-75.31432579738146, 6.3884336715305885], [-75.3191682509287, 6.386570777922779], [-75.32251804014604, 6.3919872886136435], [-75.32881927498104, 6.393308009865679], [-75.3324754025569, 6.398651333705576], [-75.33571996914212, 6.39916841682438], [-75.3392856691573, 6.395989643782751], [-75.34571581230175, 6.397449836540376], [-75.36931185493076, 6.381689398576256], [-75.3766019012348, 6.373118873371359], [-75.38696711675102, 6.3734594000956575], [-75.39101990330549, 6.368676655060259], [-75.4040385557323, 6.365098392789769], [-75.40470703003326, 6.37785531895962], [-75.4116716670553, 6.394858650305027], [-75.4208945407769, 6.395565207035756], [-75.42223144856591, 6.404461469550535], [-75.43659218578038, 6.41822782934123], [-75.43983850417956, 6.426448667227037], [-75.44603472864843, 6.4279290462243415], [-75.4442234510128, 6.429785937750657], [-75.44848404467405, 6.435508995617919], [-75.41767560610154, 6.442794581279413], [-75.4061493486389, 6.440759893076046], [-75.39362046789462, 6.442704467987204], [-75.38980919837721, 6.446047044896401], [-75.38950715168266, 6.45611006133818], [-75.37693506086849, 6.457311050055605], [-75.36800120509804, 6.464576535380864], [-75.3681472119551, 6.470485097847602], [-75.3629562593459, 6.476755783187959], [-75.35996933726813, 6.4874252834421915], [-75.35619700288282, 6.486703782436343], [-75.3405582458158, 6.5001034910796305], [-75.32934816285882, 6.500959205849118], [-75.32375677177815, 6.505870392834044], [-75.32293480159689, 6.513160777897692]]]}}, {"id": "115", "type": "Feature", "properties": {"municipality": "Santa Rosa De Osos"}, "geometry": {"type": "Polygon", "coordinates": [[[-75.57919066955648, 6.893462138987128], [-75.57474923509845, 6.890982124242194], [-75.57584491464098, 6.876500438938754], [-75.57852762195118, 6.8726416696605135], [-75.57321602628447, 6.865730643181106], [-75.57405317238383, 6.8530550089554625], [-75.56643783121443, 6.85117121060489], [-75.5615866679468, 6.840741889780868], [-75.55175998777526, 6.8356538580646005], [-75.54967392006822, 6.8273383497664915], [-75.5426012752894, 6.825884615148728], [-75.48956244798397, 6.772810666652615], [-75.48850553926987, 6.768055392341904], [-75.47481994914149, 6.769405424597974], [-75.45686360667999, 6.781474564251369], [-75.43691647489905, 6.778727387626407], [-75.43691445963108, 6.783168844190388], [-75.42664159918513, 6.785979088230993], [-75.42427605382291, 6.7811296898381626], [-75.41058894828966, 6.775064693097054], [-75.39358339338126, 6.77257443680984], [-75.37937598626658, 6.774382461696756], [-75.38119452134664, 6.762504820827555], [-75.37331025632591, 6.758404579425393], [-75.3681198380449, 6.749822254198883], [-75.3632020563586, 6.748966172610365], [-75.36066979898082, 6.739876084381068], [-75.36416804330324, 6.735898239892199], [-75.36344252203503, 6.728420523987151], [-75.35025105609857, 6.729000692550291], [-75.3441150211081, 6.720077974594708], [-75.33603699030031, 6.716071273954416], [-75.3354801499012, 6.712719908794364], [-75.3288678601019, 6.710999860759134], [-75.32439100584322, 6.701999146999949], [-75.3046393283335, 6.694721478554841], [-75.30170474474573, 6.684355932725785], [-75.2983596312126, 6.684562019859128], [-75.2961182942225, 6.680443922318332], [-75.289336498342, 6.6803781551223524], [-75.2868217211656, 6.675811576013963], [-75.2915767786696, 6.674595985735189], [-75.29327986279192, 6.661410777866385], [-75.28867262122458, 6.658697640871856], [-75.28205376686311, 6.659873704401246], [-75.28093044384923, 6.648481892765744], [-75.26024681108649, 6.6406186572711094], [-75.24646497310957, 6.6409232253311234], [-75.22996571702113, 6.62221925675476], [-75.2280169380362, 6.616123076597208], [-75.2101876367665, 6.607442805023196], [-75.21031374784779, 6.602203233659453], [-75.2042175689237, 6.598955266635256], [-75.19756459577833, 6.590788956452791], [-75.1987852597238, 6.586113317942637], [-75.19675966786936, 6.582788004030642], [-75.1998101368127, 6.580465650230699], [-75.19787325641668, 6.573008419637674], [-75.20300337411295, 6.569786630714719], [-75.20315089979056, 6.563352565686355], [-75.20832384896106, 6.554624702571905], [-75.21149804930077, 6.554367721745012], [-75.2182462010356, 6.560444867340532], [-75.22835415078424, 6.559412179390958], [-75.23395127689092, 6.563753803374733], [-75.23399291678201, 6.568352112630589], [-75.23782384979849, 6.566484236000558], [-75.24493248918722, 6.569547790132968], [-75.24748446059704, 6.574009279628536], [-75.25192215560254, 6.5715941287647714], [-75.26050011256233, 6.573914101623974], [-75.26209435236095, 6.571570334245849], [-75.2712195850656, 6.572783856996801], [-75.27471739334692, 6.568542470932736], [-75.285365481183, 6.565425376189867], [-75.28802315100413, 6.5606355306810356], [-75.30178773787203, 6.5571028263016355], [-75.30628559212415, 6.551760146439273], [-75.31500869556623, 6.549066596385216], [-75.33548157882183, 6.546330216135819], [-75.33768971866306, 6.544183942787518], [-75.3553072480613, 6.546301662586529], [-75.3616794447571, 6.543917441964737], [-75.37196347472936, 6.547453323558645], [-75.38001081187048, 6.541314312408783], [-75.39513942486141, 6.541756893883797], [-75.39765213565892, 6.539282254018599], [-75.39591193710142, 6.5176962859164025], [-75.4032036962453, 6.525757311687063], [-75.41457751936163, 6.52842230872395], [-75.41900331732015, 6.532967078997354], [-75.42116148790345, 6.54242305744149], [-75.42752892630588, 6.544621679412163], [-75.43211176793581, 6.538454117750527], [-75.43712461002664, 6.537610530765052], [-75.44627363760154, 6.530341277941168], [-75.44367407733309, 6.524214168983931], [-75.44758234089628, 6.522096448571801], [-75.44773105784316, 6.5141312003831064], [-75.45993244043764, 6.516989060704274], [-75.46161590858684, 6.526185676579309], [-75.47045560595956, 6.540206650951117], [-75.47457802281431, 6.540391059128369], [-75.47739173470501, 6.54520351772231], [-75.48567226019665, 6.546333762956636], [-75.4905917947388, 6.554417983368315], [-75.49692711027184, 6.555024746712564], [-75.49491646606357, 6.558266758547707], [-75.49899129293453, 6.563091117375041], [-75.50423205506168, 6.5618775912031655], [-75.50841990660315, 6.564274897822633], [-75.50868759571365, 6.573959305897605], [-75.50559429725536, 6.57686819843044], [-75.51142992482622, 6.580651540580869], [-75.51157864083254, 6.58763525670477], [-75.51509429495977, 6.587688795590124], [-75.51280555133782, 6.591994134312552], [-75.5167257132087, 6.594278415853186], [-75.51301375442627, 6.60094090616254], [-75.5065832600625, 6.605235832029355], [-75.5017767489084, 6.605354804711803], [-75.49717844088026, 6.611838836707446], [-75.51606541155871, 6.632956553410744], [-75.52453629382784, 6.628191684146017], [-75.53172226629056, 6.636168827056016], [-75.53234687385391, 6.644157865570251], [-75.53767686739974, 6.648113721720051], [-75.5356245821559, 6.656162246687122], [-75.53242420737135, 6.6544906776038815], [-75.52768313141605, 6.660504763048293], [-75.52519064511881, 6.657887355880561], [-75.52267436454362, 6.659850413746015], [-75.52403660709312, 6.667565814180709], [-75.53062001341767, 6.674663395385962], [-75.54252921526208, 6.678720376049838], [-75.54920296923659, 6.672511013706587], [-75.56706677223809, 6.66505735279336], [-75.5679055317367, 6.668953719051868], [-75.57301779115576, 6.668089080828705], [-75.5757113399193, 6.671301351625471], [-75.58083669910776, 6.671439362356667], [-75.58284723326716, 6.675952619278036], [-75.59481255366592, 6.676799883049284], [-75.60090208411438, 6.681202408145652], [-75.6026083516566, 6.698172510378993], [-75.60639761269647, 6.699034805361821], [-75.60598318018127, 6.701909221633562], [-75.61192369723896, 6.70261406219054], [-75.60189960303435, 6.722171522433079], [-75.60599796409976, 6.728886726241318], [-75.60403813928227, 6.730720351209845], [-75.60530187326562, 6.736669930854538], [-75.6031464296707, 6.738918771298688], [-75.60456013162232, 6.741985197907915], [-75.59841877613464, 6.747349591185457], [-75.600768528786, 6.75000305794466], [-75.59861988463341, 6.754057519734729], [-75.6037665063085, 6.763629031561685], [-75.60918714058535, 6.765291847779114], [-75.61147386856784, 6.771273914336546], [-75.61403800907976, 6.771869240222954], [-75.61275563335924, 6.78249588538989], [-75.61653279520839, 6.783060981858338], [-75.62616644223861, 6.774221580917784], [-75.6256930419921, 6.791706960222093], [-75.61422255292013, 6.807751011050169], [-75.61845918292344, 6.810335108197518], [-75.61905523763447, 6.818903068854654], [-75.62530453912622, 6.819470835182178], [-75.62395028521095, 6.825651520422414], [-75.62694840562467, 6.828257028321192], [-75.63288764026375, 6.845325102093973], [-75.63595714531706, 6.844830172233827], [-75.64132045021209, 6.849413013763873], [-75.63565408135698, 6.856910358391892], [-75.63749697288397, 6.863323008071444], [-75.64140166935029, 6.863223069796543], [-75.64245254380029, 6.869737408562218], [-75.63926853633535, 6.871232973952424], [-75.61987220379397, 6.865269963213534], [-75.61163209440193, 6.867699201634253], [-75.60229390356842, 6.8624178751263525], [-75.59638892025517, 6.867724951953033], [-75.59500249573715, 6.87623159269633], [-75.58133285592487, 6.886174285190858], [-75.57919066955648, 6.893462138987128]]]}}, {"id": "116", "type": "Feature", "properties": {"municipality": "Medell\u00edn"}, "geometry": {"type": "Polygon", "coordinates": [[[-75.6702763656614, 6.373723971359682], [-75.66620239812181, 6.371168852252811], [-75.6645712319958, 6.362707908825426], [-75.65507500010105, 6.3511124141579325], [-75.65190051635523, 6.333012951926942], [-75.6344300177957, 6.317320310801102], [-75.62592800310098, 6.313509363081047], [-75.61195307111394, 6.314851556073807], [-75.59798134781354, 6.306937848733686], [-75.57631475763442, 6.311174462205731], [-75.55653054759571, 6.309734143624204], [-75.54229703741507, 6.303791498688708], [-75.5362514342437, 6.297975961609539], [-75.53127845901768, 6.299079786378538], [-75.52587558483036, 6.287173854289777], [-75.52161582193865, 6.288461390116027], [-75.51934948772465, 6.29752348060005], [-75.51409101992648, 6.3021526959175445], [-75.49919811317544, 6.295316306897284], [-75.50078978413336, 6.290236165937344], [-75.49236280739595, 6.276290280955463], [-75.49626456001458, 6.270473159639791], [-75.48479032685584, 6.251971841274055], [-75.4731893616557, 6.241628181917758], [-75.47285689596991, 6.2368807555206685], [-75.47837296604287, 6.235086082902516], [-75.48148743225146, 6.2304250303979565], [-75.4851218552192, 6.231535924579267], [-75.4915435067419, 6.228607699083995], [-75.49071571086226, 6.215891456307158], [-75.48451685099637, 6.208981138596127], [-75.4856960187026, 6.20162589482611], [-75.48281284895424, 6.197980116258931], [-75.48473417578772, 6.190933051751286], [-75.4969689808903, 6.19228762496981], [-75.50210613591535, 6.189862590981991], [-75.51826222310497, 6.196222368358495], [-75.53243595679578, 6.197945802954532], [-75.53012093312537, 6.194988314282677], [-75.53044348535802, 6.181724670591478], [-75.5328302368408, 6.1779387184199885], [-75.53072109720503, 6.176823930602421], [-75.54004871083688, 6.170390870158636], [-75.5462047605562, 6.174849150157015], [-75.579571416875, 6.183793181662794], [-75.58342948173397, 6.18877427797743], [-75.58113023303126, 6.196390540135612], [-75.58724846606216, 6.196771802260176], [-75.59108623839722, 6.193011328944265], [-75.59231559403452, 6.196502291277696], [-75.59871792180158, 6.200044617278412], [-75.61305348297427, 6.1987829403323325], [-75.62948561682688, 6.196284046797108], [-75.62713002832996, 6.188365039607338], [-75.6369284700374, 6.180486008345098], [-75.63601444577198, 6.174313411808812], [-75.64378658596385, 6.171489307564309], [-75.66001776970829, 6.1706808292684405], [-75.66962151528321, 6.164616394622011], [-75.67455999303927, 6.167596871167821], [-75.68000758080973, 6.164086542405236], [-75.68489332543588, 6.18702859688152], [-75.6896533382253, 6.193218515564544], [-75.69611765875626, 6.195280807902483], [-75.70239484885623, 6.204186907311163], [-75.69834781601664, 6.210442021311055], [-75.70304872205453, 6.227939852564453], [-75.7023065480315, 6.236273671978034], [-75.70580281685635, 6.2426671058624965], [-75.71005020343623, 6.243579178035247], [-75.71020221500966, 6.253799727620115], [-75.7078949340827, 6.2580876329469755], [-75.710545975332, 6.26460998385525], [-75.70641358158696, 6.283168439365099], [-75.70883339966824, 6.291714134830193], [-75.7078524963133, 6.30302697110168], [-75.71062170256293, 6.31468940905743], [-75.71809234870446, 6.322648597556755], [-75.71868945698196, 6.330872415311217], [-75.71562248889073, 6.333980095703738], [-75.7192879797482, 6.341535088326921], [-75.71769512427406, 6.345830202257258], [-75.71380713076044, 6.34723476439428], [-75.71763730656002, 6.363928891177742], [-75.71400884031334, 6.371390448650193], [-75.70619368428993, 6.373475025062211], [-75.70059706520784, 6.37091090614491], [-75.69927590343971, 6.373047563223574], [-75.69334923593745, 6.369713332367285], [-75.68846542587565, 6.372510347292595], [-75.68592721881409, 6.369562701378114], [-75.6702763656614, 6.373723971359682]]]}}, {"id": "117", "type": "Feature", "properties": {"municipality": "Copacabana"}, "geometry": {"type": "Polygon", "coordinates": [[[-75.48833492736827, 6.430380417203938], [-75.49117849940552, 6.421596663152727], [-75.48874947178322, 6.413927784684693], [-75.48888505524019, 6.394389740430074], [-75.48103612379515, 6.380604689802582], [-75.47351761216261, 6.376091996920437], [-75.48074300878395, 6.376784667004826], [-75.4871052125676, 6.372957321391067], [-75.48311722941182, 6.368878955717888], [-75.47911959498904, 6.3546672897829275], [-75.4639368557821, 6.342578510784681], [-75.46086524702069, 6.336708682030241], [-75.45123429606193, 6.335086368141008], [-75.45058238494498, 6.331072924663172], [-75.4643772031181, 6.3241341975926675], [-75.4668546271524, 6.319182549435653], [-75.47581985877873, 6.317258454730712], [-75.47913294468212, 6.318428739623187], [-75.47881684230101, 6.32086022355226], [-75.48442675004904, 6.320149415294151], [-75.48345390718417, 6.3110014941318315], [-75.49103105927024, 6.305686468562043], [-75.48714480969525, 6.298761463134529], [-75.49205861436697, 6.293298972378208], [-75.49406271041819, 6.297635743272128], [-75.50403159276199, 6.295922937323018], [-75.51409101992648, 6.3021526959175445], [-75.51934948772465, 6.29752348060005], [-75.52238652909404, 6.28851063217045], [-75.53601890631656, 6.33205960442114], [-75.53494075996211, 6.336638535739731], [-75.52293737199513, 6.3391298073910525], [-75.51783038823795, 6.348258633007639], [-75.5153493881203, 6.361246596994196], [-75.53342595834562, 6.383118237935557], [-75.53267163337792, 6.388298218183947], [-75.52397283013723, 6.393597267954294], [-75.52400263218516, 6.402183971669569], [-75.51846662437208, 6.40375685306883], [-75.51742846413813, 6.4101697460416425], [-75.51211801614302, 6.40871448672124], [-75.50963431516114, 6.415261606135632], [-75.50668251385483, 6.413461310283655], [-75.50311065095055, 6.417622741096182], [-75.50038260062, 6.415043884787955], [-75.49841028782083, 6.416216109209931], [-75.49544203285419, 6.4202142780776565], [-75.4972836906263, 6.421911725583466], [-75.49356796694171, 6.422159260376699], [-75.49219977134729, 6.428288404264732], [-75.48833492736827, 6.430380417203938]]]}}, {"id": "118", "type": "Feature", "properties": {"municipality": "Girardota"}, "geometry": {"type": "Polygon", "coordinates": [[[-75.45116561016616, 6.4367553508216435], [-75.44544459786559, 6.432786979774229], [-75.44419242933292, 6.429535575426289], [-75.44603472864843, 6.4279290462243415], [-75.43983850417956, 6.426448667227037], [-75.43659218578038, 6.41822782934123], [-75.42223144856591, 6.404461469550535], [-75.42052943510083, 6.395167919684953], [-75.41553473580524, 6.39664259567894], [-75.4116716670553, 6.394858650305027], [-75.40469603360253, 6.377810603392136], [-75.40531526814307, 6.362955721062522], [-75.39980985061527, 6.358495907809588], [-75.4069745701866, 6.348420854849804], [-75.41607048320527, 6.347731392597194], [-75.41476653029068, 6.337635212167959], [-75.42304933304871, 6.332716537998681], [-75.4207939599213, 6.3237945517341645], [-75.4247670022573, 6.315126355970976], [-75.4318174660609, 6.316428138550239], [-75.43576425376128, 6.321751676821476], [-75.44312320835132, 6.323120270799644], [-75.44960323515305, 6.33432702361004], [-75.46086524702069, 6.336708682030241], [-75.4639368557821, 6.342578510784681], [-75.47922127168823, 6.354802859736555], [-75.48300425533616, 6.3686191149177995], [-75.4871052125676, 6.372957321391067], [-75.48074300878395, 6.376784667004826], [-75.47351761216261, 6.376091996920437], [-75.48103612379515, 6.380604689802582], [-75.48888505524019, 6.394389740430074], [-75.48874947178322, 6.413927784684693], [-75.49117849940552, 6.421596663152727], [-75.48833492736827, 6.430380417203938], [-75.4721237573033, 6.430251708963095], [-75.46812774788418, 6.436526577378812], [-75.45993310570961, 6.433974993034756], [-75.45116561016616, 6.4367553508216435]]]}}, {"id": "119", "type": "Feature", "properties": {"municipality": "Donmat\u00edas"}, "geometry": {"type": "Polygon", "coordinates": [[[-75.24768076743786, 6.574056869367672], [-75.24493248918722, 6.569547790132968], [-75.23782384979849, 6.566484236000558], [-75.23399291678201, 6.568352112630589], [-75.23395127689092, 6.563753803374733], [-75.22835415078424, 6.559412179390958], [-75.2182462010356, 6.560444867340532], [-75.20935371575527, 6.553977005081368], [-75.21717977112206, 6.546403596181646], [-75.23062163616609, 6.547609914595714], [-75.23580172234661, 6.54124885390898], [-75.23625789398089, 6.534877649851124], [-75.24483899415456, 6.532652546440744], [-75.25093649159963, 6.527629584946205], [-75.25114937177257, 6.521131669844948], [-75.26330378704574, 6.509518355777587], [-75.26675497431522, 6.497279493441748], [-75.26555066121831, 6.492177491271841], [-75.28025692404353, 6.490820984128663], [-75.28892976781125, 6.506274534303849], [-75.30276471687024, 6.506106047402495], [-75.32307521105724, 6.5131888614362055], [-75.32375677177815, 6.505870392834044], [-75.32934816285882, 6.500959205849118], [-75.3405582458158, 6.5001034910796305], [-75.35619700288282, 6.486703782436343], [-75.35996933726813, 6.4874252834421915], [-75.3629562593459, 6.476755783187959], [-75.3681472119551, 6.470485097847602], [-75.36800120509804, 6.464576535380864], [-75.37693506086849, 6.457311050055605], [-75.38950715168266, 6.45611006133818], [-75.38980919837721, 6.446047044896401], [-75.39612650823236, 6.441641300549339], [-75.41767560610154, 6.442794581279413], [-75.43533188704183, 6.437412956592826], [-75.43860387403171, 6.438775367651185], [-75.44111563876439, 6.436105134000302], [-75.44563250362783, 6.437709357773652], [-75.4601560079831, 6.433974992810066], [-75.46812774788418, 6.436526577378812], [-75.46902816643976, 6.433235510232875], [-75.47446965051684, 6.4478484437923385], [-75.48786757894403, 6.458382506663262], [-75.48713074330888, 6.46700396315787], [-75.45304026628915, 6.459682667119506], [-75.45293129447039, 6.46562520779891], [-75.46392884947835, 6.475334508363611], [-75.46600306143282, 6.4898777726629895], [-75.46181949122536, 6.499977172201638], [-75.46351435653233, 6.511780820086947], [-75.4577135934339, 6.516209786146884], [-75.44773105784316, 6.5141312003831064], [-75.44758234089628, 6.522096448571801], [-75.44367407733309, 6.524214168983931], [-75.44627363760154, 6.530341277941168], [-75.43712461002664, 6.537610530765052], [-75.43211176793581, 6.538454117750527], [-75.42752892630588, 6.544621679412163], [-75.42116148790345, 6.54242305744149], [-75.41900331732015, 6.532967078997354], [-75.41457751936163, 6.52842230872395], [-75.4032036962453, 6.525757311687063], [-75.39591193710142, 6.5176962859164025], [-75.39765213565892, 6.539282254018599], [-75.39513942486141, 6.541756893883797], [-75.38001081187048, 6.541314312408783], [-75.37196347472936, 6.547453323558645], [-75.3616794447571, 6.543917441964737], [-75.3553072480613, 6.546301662586529], [-75.34016911685988, 6.54412207556701], [-75.31851602157055, 6.548190954064275], [-75.30628559212415, 6.551760146439273], [-75.30202092475362, 6.556964815752041], [-75.29520614932143, 6.559893934038591], [-75.28802315100413, 6.5606355306810356], [-75.285365481183, 6.565425376189867], [-75.27471739334692, 6.568542470932736], [-75.2712195850656, 6.572783856996801], [-75.26209435236095, 6.571570334245849], [-75.26050011256233, 6.573914101623974], [-75.25192215560254, 6.5715941287647714], [-75.24768076743786, 6.574056869367672]]]}}, {"id": "120", "type": "Feature", "properties": {"municipality": "Entrerrios"}, "geometry": {"type": "Polygon", "coordinates": [[[-75.54242213962169, 6.67872037561174], [-75.53062001341767, 6.674663395385962], [-75.52398306924104, 6.667411147937653], [-75.5229182596246, 6.659517288943207], [-75.52519064511881, 6.657887355880561], [-75.52768313141605, 6.660504763048293], [-75.53242420737135, 6.6544906776038815], [-75.5356245821559, 6.656162246687122], [-75.53773635375104, 6.649678214862078], [-75.53548181428305, 6.64489550068358], [-75.53234687385391, 6.644157865570251], [-75.53172226629056, 6.636168827056016], [-75.52417342595126, 6.627977530972501], [-75.51589884982681, 6.6328435296465225], [-75.49717844088026, 6.611838836707446], [-75.5017767489084, 6.605354804711803], [-75.5065832600625, 6.605235832029355], [-75.51301375442627, 6.60094090616254], [-75.5167257132087, 6.594278415853186], [-75.51280555133782, 6.591994134312552], [-75.51509429495977, 6.587688795590124], [-75.51157864083254, 6.58763525670477], [-75.51142992482622, 6.580651540580869], [-75.50559429725536, 6.57686819843044], [-75.50868759571365, 6.573959305897605], [-75.50841990660315, 6.564274897822633], [-75.50423205506168, 6.5618775912031655], [-75.49899129293453, 6.563091117375041], [-75.49491646606357, 6.558266758547707], [-75.49692711027184, 6.555024746712564], [-75.4905917947388, 6.554417983368315], [-75.48567226019665, 6.546333762956636], [-75.47739173470501, 6.54520351772231], [-75.47457802281431, 6.540391059128369], [-75.4699678166805, 6.53970696386344], [-75.46161590858684, 6.526185676579309], [-75.46005141264013, 6.517119933386594], [-75.4577135934339, 6.516209786146884], [-75.46081625999089, 6.512429715640483], [-75.47140489888825, 6.508539058988971], [-75.47366594980471, 6.51213704782977], [-75.4795148764527, 6.513487462587497], [-75.48764843872934, 6.509949149865115], [-75.53131632736188, 6.508555214821033], [-75.53967338874627, 6.504324012900303], [-75.54431123676174, 6.514918008377979], [-75.55351563481975, 6.519645402923895], [-75.55466550226897, 6.524066977166682], [-75.56209155218774, 6.5270269763128015], [-75.57515894800353, 6.542285046598626], [-75.58138898597419, 6.539805043251789], [-75.59181535672208, 6.546339094799132], [-75.59154145627886, 6.557517946691961], [-75.59509261737955, 6.560191815698538], [-75.59471807417674, 6.563439249725531], [-75.60795304627837, 6.572429844141105], [-75.60571138073021, 6.575098959107252], [-75.6068408669908, 6.589019930213021], [-75.6155361555436, 6.594276073198313], [-75.62196394471906, 6.605288325667338], [-75.63778788620527, 6.615961751033066], [-75.63959278193592, 6.6190065967962886], [-75.637977481676, 6.621490085289012], [-75.64570649433631, 6.632577136935995], [-75.65976296299499, 6.63392056272076], [-75.66234946336164, 6.6371777822222215], [-75.65306229020484, 6.655229430606024], [-75.65005285620349, 6.6548128477047745], [-75.64664699355407, 6.659371378062491], [-75.63928686093737, 6.661948843270411], [-75.63297079263768, 6.6687835940808595], [-75.62645647457026, 6.663883000694483], [-75.62307658995482, 6.668739690978588], [-75.61554986037856, 6.6664676832466805], [-75.60789275139639, 6.6703996798119105], [-75.60000083859791, 6.667082192390073], [-75.59188221312236, 6.667418230565615], [-75.584151176561, 6.6764237520399], [-75.58083669910776, 6.671439362356667], [-75.5757113399193, 6.671301351625471], [-75.57301779115576, 6.668089080828705], [-75.5679055317367, 6.668953719051868], [-75.56572832625572, 6.664902687441508], [-75.55575243518882, 6.671535435793983], [-75.54920296923659, 6.672511013706587], [-75.54242213962169, 6.67872037561174]]]}}, {"id": "121", "type": "Feature", "properties": {"municipality": "Belmira"}, "geometry": {"type": "Polygon", "coordinates": [[[-75.5635533005124, 6.529053627273545], [-75.58000408349784, 6.52207793701569], [-75.58326234674155, 6.517607260815328], [-75.58322330801437, 6.51124473300853], [-75.59256541396022, 6.506656021312353], [-75.59445430233966, 6.5030873910971385], [-75.59902553458484, 6.5027651685935215], [-75.60432429296046, 6.510122338624527], [-75.61132055687833, 6.513238373770979], [-75.61066237054362, 6.507071239847769], [-75.61868117184764, 6.505467276963851], [-75.62261340503684, 6.50181165733046], [-75.63133718503374, 6.5033530683873], [-75.64417539992421, 6.497694706171672], [-75.64513708469757, 6.494438925337072], [-75.649717773885, 6.500582936183133], [-75.64710230711106, 6.506443558290127], [-75.64934375895362, 6.512596840587401], [-75.6464455756455, 6.5187644063012815], [-75.64817306431587, 6.524475112308489], [-75.65275590627942, 6.5276873834217035], [-75.65491169761574, 6.538966028446001], [-75.66090794004151, 6.541250311241825], [-75.66674713662292, 6.54988775381477], [-75.67187249634563, 6.549959138880615], [-75.67381413619661, 6.552514680129959], [-75.67262916501478, 6.5652067238286], [-75.67568439337008, 6.571231521574217], [-75.68633486028453, 6.574529455320442], [-75.69371594825901, 6.5814679607416116], [-75.69634135320683, 6.586902526676682], [-75.69256693364773, 6.5977994732771545], [-75.69457371868306, 6.6071263439643415], [-75.7058657825767, 6.620997074893597], [-75.71049282598561, 6.621724926770168], [-75.71864556160712, 6.637076831170275], [-75.7168281125964, 6.648174847188728], [-75.71957596964054, 6.651759875738581], [-75.71891130433121, 6.65582963182938], [-75.71287999582123, 6.6708805339860255], [-75.71468849795865, 6.69493138691822], [-75.7183228001044, 6.704349799317046], [-75.71548335717894, 6.7056628088247], [-75.71372821392181, 6.714450214579315], [-75.71993068054348, 6.73168361477726], [-75.71743758969534, 6.7438030620862275], [-75.72495606212674, 6.768800586715606], [-75.72681616014077, 6.797970392982531], [-75.69503125932428, 6.759929284116581], [-75.67808921291245, 6.754348268022241], [-75.67655968690822, 6.744451383962799], [-75.66713618939036, 6.753016317148317], [-75.66790116706784, 6.767977040377466], [-75.66478813689709, 6.770436212403427], [-75.657493834747, 6.770191609625833], [-75.65095028106244, 6.783029316931047], [-75.64538574838681, 6.783316983814523], [-75.63475793335732, 6.795487935239826], [-75.62917466120807, 6.793816128416554], [-75.62593702875634, 6.78413327916715], [-75.62616644223861, 6.774221580917784], [-75.61653279520839, 6.783060981858338], [-75.61260367995794, 6.782265998602283], [-75.61514981208212, 6.776127975307544], [-75.61403800907976, 6.771869240222954], [-75.61147386856784, 6.771273914336546], [-75.60918714058535, 6.765291847779114], [-75.6037665063085, 6.763629031561685], [-75.59875744866575, 6.754523473352817], [-75.600768528786, 6.75000305794466], [-75.59841877613464, 6.747349591185457], [-75.6046683010326, 6.741739198038117], [-75.6031464296707, 6.738918771298688], [-75.60497062523547, 6.738561536878302], [-75.60403813928227, 6.730720351209845], [-75.60599796409976, 6.728886726241318], [-75.60189960303435, 6.722171522433079], [-75.61192369723896, 6.70261406219054], [-75.60598318018127, 6.701909221633562], [-75.60639761269647, 6.699034805361821], [-75.6026083516566, 6.698172510378993], [-75.60097305839098, 6.6812625543212585], [-75.59481255366592, 6.676799883049284], [-75.58570401336091, 6.674823801840965], [-75.59188221312236, 6.667418230565615], [-75.60000083859791, 6.667082192390073], [-75.60789275139639, 6.6703996798119105], [-75.61554986037856, 6.6664676832466805], [-75.62307658995482, 6.668739690978588], [-75.62645647457026, 6.663883000694483], [-75.63297079263768, 6.6687835940808595], [-75.63928686093737, 6.661948843270411], [-75.64664699355407, 6.659371378062491], [-75.65005285620349, 6.6548128477047745], [-75.65306229020484, 6.655229430606024], [-75.66234946336164, 6.6371777822222215], [-75.65976296299499, 6.63392056272076], [-75.64570649433631, 6.632577136935995], [-75.637977481676, 6.621490085289012], [-75.63959278193592, 6.6190065967962886], [-75.63778788620527, 6.615961751033066], [-75.62196394471906, 6.605288325667338], [-75.6155361555436, 6.594276073198313], [-75.6068408669908, 6.589019930213021], [-75.60571138073021, 6.575098959107252], [-75.60795304627837, 6.572429844141105], [-75.59471807417674, 6.563439249725531], [-75.59509261737955, 6.560191815698538], [-75.59154145627886, 6.557517946691961], [-75.59181535672208, 6.546339094799132], [-75.58138898597419, 6.539805043251789], [-75.57515894800353, 6.542285046598626], [-75.5635533005124, 6.529053627273545]]]}}, {"id": "122", "type": "Feature", "properties": {"municipality": "Bello"}, "geometry": {"type": "Polygon", "coordinates": [[[-75.59054862161584, 6.43433309504833], [-75.58282972180756, 6.425153696031708], [-75.56648962809429, 6.420961475912006], [-75.56513350415632, 6.403697921119572], [-75.55437063630039, 6.383565480821126], [-75.54898533377857, 6.383412867020189], [-75.54602911362367, 6.38742838120291], [-75.53246949008711, 6.38866757537838], [-75.53342595834562, 6.383118237935557], [-75.51539147831056, 6.361341299010708], [-75.51783038823795, 6.348258633007639], [-75.52293737199513, 6.3391298073910525], [-75.53494075996211, 6.336638535739731], [-75.53601890631656, 6.33205960442114], [-75.52238652909404, 6.28851063217045], [-75.52667465530791, 6.287740300922094], [-75.53127845901768, 6.299079786378538], [-75.5362514342437, 6.297975961609539], [-75.54229703741507, 6.303791498688708], [-75.55653054759571, 6.309734143624204], [-75.57631475763442, 6.311174462205731], [-75.59798134781354, 6.306937848733686], [-75.61195307111394, 6.314851556073807], [-75.62592800310098, 6.313509363081047], [-75.64110137167029, 6.322090590780537], [-75.65190051635523, 6.333012951926942], [-75.65507500010105, 6.3511124141579325], [-75.6645712319958, 6.362707908825426], [-75.66595596337292, 6.370746392238488], [-75.66872281790558, 6.373150438919708], [-75.66312224942953, 6.384950907812402], [-75.66239877825696, 6.405217916690089], [-75.6327375409608, 6.385496686730426], [-75.62199069013522, 6.383050592926003], [-75.6149198893081, 6.397372432912016], [-75.61613732067549, 6.405143866333189], [-75.6143016053676, 6.408645878801137], [-75.61184964476526, 6.41219770821298], [-75.60128839386873, 6.415588749237761], [-75.59054862161584, 6.43433309504833]]]}}, {"id": "123", "type": "Feature", "properties": {"municipality": "San Jer\u00f3nimo"}, "geometry": {"type": "Polygon", "coordinates": [[[-75.67687778096683, 6.508357906910407], [-75.65390289608824, 6.504236680745409], [-75.64304427049788, 6.490318707909959], [-75.64691185963392, 6.474087162979146], [-75.65650237387058, 6.468172637981277], [-75.65183737526229, 6.458650306791744], [-75.65966534515299, 6.457075318423689], [-75.65886311270067, 6.4469370220468525], [-75.66374334069889, 6.444155447208279], [-75.66105424238043, 6.441030164089786], [-75.66320791272135, 6.425912020275799], [-75.66031410430963, 6.419710555179131], [-75.66312224942953, 6.384950907812402], [-75.66872281790558, 6.373150438919708], [-75.68597355034491, 6.3695616700310165], [-75.68846542587565, 6.372510347292595], [-75.69334923593745, 6.369713332367285], [-75.69927590343971, 6.373047563223574], [-75.70059706520784, 6.37091090614491], [-75.7071993664016, 6.373320702215171], [-75.71400884031334, 6.371390448650193], [-75.71744046506792, 6.36085767825654], [-75.72193175560896, 6.363857053348775], [-75.72731034322288, 6.381125537818296], [-75.73708745175954, 6.384780056661128], [-75.73802011633964, 6.39418917686271], [-75.75150884713234, 6.39849085173621], [-75.75533194105358, 6.408987814192115], [-75.76338762260784, 6.414606268295228], [-75.77969454682317, 6.419624023728608], [-75.77698521801767, 6.426560721013587], [-75.7786378566159, 6.437515188869282], [-75.77706848340172, 6.439203980342014], [-75.76728217708907, 6.437331572295528], [-75.7689649056988, 6.458070282343123], [-75.76426259603745, 6.467753062121299], [-75.76262790630396, 6.465240353715774], [-75.75717068993512, 6.464771008747419], [-75.75205185656746, 6.474530743157675], [-75.73739874021798, 6.4800824221903195], [-75.73271120103516, 6.486233330068614], [-75.73285991807423, 6.490950611625431], [-75.71934452505143, 6.490897222082441], [-75.71305971391364, 6.497322548229989], [-75.69287237007502, 6.501258784632712], [-75.68545097918823, 6.506708941261264], [-75.67687778096683, 6.508357906910407]]]}}, {"id": "124", "type": "Feature", "properties": {"municipality": "San Pedro De Los Milagros"}, "geometry": {"type": "Polygon", "coordinates": [[[-75.56374684366776, 6.52913532241701], [-75.55335329053888, 6.52294494181702], [-75.55189501193361, 6.518405521218378], [-75.54431123676174, 6.514918008377979], [-75.53962040739074, 6.5043110475702655], [-75.53131632736188, 6.508555214821033], [-75.48764843872934, 6.509949149865115], [-75.4795148764527, 6.513487462587497], [-75.47366594980471, 6.51213704782977], [-75.47140489888825, 6.508539058988971], [-75.4626633696508, 6.511337712865431], [-75.4618872533601, 6.499455460678389], [-75.46600022049894, 6.489965680334486], [-75.46392884947835, 6.475334508363611], [-75.45293129447039, 6.46562520779891], [-75.45302721347612, 6.459701967056739], [-75.48713074330888, 6.46700396315787], [-75.48786757894403, 6.458382506663262], [-75.47446965051684, 6.4478484437923385], [-75.46902816643976, 6.433235510232875], [-75.47222708043715, 6.430235810574984], [-75.49060928612909, 6.43016045736933], [-75.49356796694171, 6.422159260376699], [-75.497298564981, 6.421887635523836], [-75.49544203285419, 6.4202142780776565], [-75.49841028782083, 6.416216109209931], [-75.50038260062, 6.415043884787955], [-75.50311065095055, 6.417622741096182], [-75.50668251385483, 6.413461310283655], [-75.50963431516114, 6.415261606135632], [-75.51211801614302, 6.40871448672124], [-75.51742846413813, 6.4101697460416425], [-75.51846662437208, 6.40375685306883], [-75.52400263218516, 6.402183971669569], [-75.52397283013723, 6.393597267954294], [-75.53342728461915, 6.387848792185577], [-75.54602911362367, 6.38742838120291], [-75.54898533377857, 6.383412867020189], [-75.55437063630039, 6.383565480821126], [-75.56513350415632, 6.403697921119572], [-75.56648962809429, 6.420961475912006], [-75.58282972180756, 6.425153696031708], [-75.59119183434045, 6.434997714946515], [-75.60128839386873, 6.415588749237761], [-75.61184964476526, 6.41219770821298], [-75.6143016053676, 6.408645878801137], [-75.61613732067549, 6.405143866333189], [-75.6149198893081, 6.397372432912016], [-75.62129012064233, 6.383621510868834], [-75.6327375409608, 6.385496686730426], [-75.66239877825696, 6.405217916690089], [-75.66031410430963, 6.419710555179131], [-75.66320791272135, 6.425912020275799], [-75.66105424238043, 6.441030164089786], [-75.66374334069889, 6.444155447208279], [-75.65886311270067, 6.4469370220468525], [-75.65966534515299, 6.457075318423689], [-75.65183737526229, 6.458650306791744], [-75.65650237387058, 6.468172637981277], [-75.64691185963392, 6.474087162979146], [-75.64304901791422, 6.488752934991708], [-75.64487569547765, 6.496818696286604], [-75.63133718503374, 6.5033530683873], [-75.62443320956362, 6.501231420476897], [-75.61868117184764, 6.505467276963851], [-75.61066237054362, 6.507071239847769], [-75.61132055687833, 6.513238373770979], [-75.60432429296046, 6.510122338624527], [-75.59902553458484, 6.5027651685935215], [-75.59445430233966, 6.5030873910971385], [-75.59256541396022, 6.506656021312353], [-75.58322330801437, 6.51124473300853], [-75.58326234674155, 6.517607260815328], [-75.58002896466589, 6.522056894741276], [-75.56374684366776, 6.52913532241701]]]}}]}